train_number,train_type,run_date,month,day_of_week,station_code,station_index,km_from_origin,scheduled_arrival_hour,weather_condition,is_monsoon,congestion_level,block_section_occupancy,preceding_train_delayed,trains_queued_in_section,cumulative_delay_minutes,previous_station_delay,stop_duration,num_remaining_stops,actual_delay_minutes
15012,Express,2026-11-01,11,0,CSMT,0,0,9,clear,False,0.0,2,0,0,0.0,0.0,0,10,0.0
15012,Express,2026-11-01,11,0,DR,1,9,9,clear,False,0.67,0,1,0,0.0,0.0,4,9,12.0
15012,Express,2026-11-01,11,0,TNA,2,34,9,clear,False,0.91,1,1,0,12.0,12.0,4,8,22.3
15012,Express,2026-11-01,11,0,KYN,3,54,9,clear,False,0.28,0,1,0,34.3,22.3,4,7,25.0
15012,Express,2026-11-01,11,0,KJT,4,100,10,clear,False,0.25,1,1,0,59.3,25.0,4,6,31.7
15012,Express,2026-11-01,11,0,LNL,5,128,10,clear,False,0.38,1,1,0,91.0,31.7,4,5,37.5
15012,Express,2026-11-01,11,0,SVJR,6,190,11,clear,False,0.4,0,1,0,128.5,37.5,4,4,40.9
15012,Express,2026-11-01,11,0,PUNE,7,192,11,clear,False,0.74,2,1,0,169.4,40.9,4,3,48.2
15012,Express,2026-11-01,11,0,DD,8,268,12,clear,False,0.5,4,1,0,217.6,48.2,4,2,58.5
15012,Express,2026-11-01,11,0,KWV,9,377,13,clear,False,0.36,0,1,0,276.1,58.5,4,1,59.3
15012,Express,2026-11-01,11,0,SUR,10,455,14,clear,False,0.45,1,1,0,335.4,59.3,0,0,59.8
19785,Intercity,2026-11-01,11,0,SUR,0,0,7,clear,False,0.0,0,0,0,0.0,0.0,0,10,0.0
19785,Intercity,2026-11-01,11,0,KWV,1,78,8,clear,False,0.45,3,0,0,0.0,0.0,4,9,12.1
19785,Intercity,2026-11-01,11,0,DD,2,187,9,clear,False,0.26,0,0,0,12.1,12.1,4,8,14.4
19785,Intercity,2026-11-01,11,0,PUNE,3,263,10,clear,False,0.36,2,0,2,26.5,14.4,4,7,22.2
19785,Intercity,2026-11-01,11,0,SVJR,4,265,10,clear,False,0.65,3,1,0,48.7,22.2,4,6,31.5
19785,Intercity,2026-11-01,11,0,LNL,5,327,11,clear,False,0.1,2,1,0,80.2,31.5,4,5,37.8
19785,Intercity,2026-11-01,11,0,KJT,6,355,11,clear,False,0.27,2,1,1,118.0,37.8,4,4,44.6
19785,Intercity,2026-11-01,11,0,KYN,7,401,12,clear,False,0.49,0,1,0,162.6,44.6,4,3,54.6
19785,Intercity,2026-11-01,11,0,TNA,8,421,12,clear,False,0.31,1,1,0,217.2,54.6,4,2,52.4
19785,Intercity,2026-11-01,11,0,DR,9,446,12,clear,False,0.25,1,1,0,269.6,52.4,4,1,57.8
19785,Intercity,2026-11-01,11,0,CSMT,10,455,12,clear,False,0.24,3,1,0,327.4,57.8,0,0,63.9
11916,Express,2026-11-01,11,0,CSMT,0,0,9,clear,False,0.0,1,1,0,0.0,0.0,0,8,0.0
11916,Express,2026-11-01,11,0,DR,1,9,9,clear,False,0.56,1,0,0,0.0,0.0,4,7,3.3
11916,Express,2026-11-01,11,0,TNA,2,34,9,clear,False,0.45,0,0,0,3.3,3.3,4,6,10.6
11916,Express,2026-11-01,11,0,KYN,3,54,9,clear,False,0.69,3,0,0,13.9,10.6,4,5,33.0
11916,Express,2026-11-01,11,0,LNL,4,128,10,clear,False,0.47,0,1,0,46.9,33.0,4,4,42.5
11916,Express,2026-11-01,11,0,PUNE,5,192,11,clear,False,0.73,1,1,0,89.4,42.5,4,3,49.8
11916,Express,2026-11-01,11,0,MRJ,6,471,15,clear,False,0.5,1,1,0,139.2,49.8,4,2,51.8
11916,Express,2026-11-01,11,0,SLI,7,478,15,clear,False,0.8,1,1,0,191.0,51.8,4,1,61.3
11916,Express,2026-11-01,11,0,KOP,8,518,15,clear,False,0.42,0,1,0,252.3,61.3,0,0,61.3
12796,Vande Bharat,2026-11-01,11,0,KOP,0,0,7,clear,False,0.0,2,0,0,0.0,0.0,0,8,0.0
12796,Vande Bharat,2026-11-01,11,0,SLI,1,40,8,clear,False,0.76,1,0,0,0.0,0.0,2,7,10.6
12796,Vande Bharat,2026-11-01,11,0,MRJ,2,47,8,clear,False,0.7,1,0,0,10.6,10.6,2,6,18.3
12796,Vande Bharat,2026-11-01,11,0,PUNE,3,326,11,clear,False,0.51,2,1,2,28.9,18.3,2,5,32.5
12796,Vande Bharat,2026-11-01,11,0,LNL,4,390,12,clear,False,0.55,2,1,0,61.4,32.5,2,4,34.9
12796,Vande Bharat,2026-11-01,11,0,KYN,5,464,13,clear,False,0.4,1,1,0,96.3,34.9,2,3,40.4
12796,Vande Bharat,2026-11-01,11,0,TNA,6,484,13,clear,False,0.59,0,1,0,136.7,40.4,2,2,40.2
12796,Vande Bharat,2026-11-01,11,0,DR,7,509,14,clear,False,0.46,2,1,1,176.9,40.2,2,1,49.7
12796,Vande Bharat,2026-11-01,11,0,CSMT,8,518,14,clear,False,0.33,1,1,0,226.6,49.7,0,0,51.4
21468,Express,2026-11-01,11,0,CSMT,0,0,14,clear,False,0.0,1,1,0,0.0,0.0,0,15,0.0
21468,Express,2026-11-01,11,0,DR,1,9,14,clear,False,0.54,3,0,0,0.0,0.0,4,14,12.2
21468,Express,2026-11-01,11,0,TNA,2,34,14,clear,False,0.66,1,1,0,12.2,12.2,4,13,16.2
21468,Express,2026-11-01,11,0,KYN,3,54,14,clear,False,0.33,1,1,0,28.4,16.2,4,12,20.7
21468,Express,2026-11-01,11,0,IGP,4,137,15,clear,False,0.2,2,1,0,49.1,20.7,4,11,23.9
21468,Express,2026-11-01,11,0,NK,5,188,16,clear,False,0.51,1,1,0,73.0,23.9,4,10,28.9
21468,Express,2026-11-01,11,0,MMR,6,261,17,clear,False,0.41,2,1,3,101.9,28.9,4,9,43.5
21468,Express,2026-11-01,11,0,CSN,7,328,18,clear,False,0.35,1,1,0,145.4,43.5,4,8,46.7
21468,Express,2026-11-01,11,0,JL,8,420,19,clear,False,0.46,2,1,0,192.1,46.7,4,7,54.0
21468,Express,2026-11-01,11,0,BSL,9,444,19,clear,False,0.25,1,1,0,246.1,54.0,4,6,59.2
21468,Express,2026-11-01,11,0,MKU,10,494,20,clear,False,0.36,4,1,1,305.3,59.2,4,5,72.7
21468,Express,2026-11-01,11,0,AK,11,583,21,clear,False,0.68,2,1,0,378.0,72.7,4,4,74.1
21468,Express,2026-11-01,11,0,BD,12,662,22,clear,False,0.46,2,1,2,452.1,74.1,4,3,80.3
21468,Express,2026-11-01,11,0,WR,13,757,23,clear,False,0.25,1,1,0,532.4,80.3,4,2,78.1
21468,Express,2026-11-01,11,0,NGP,14,837,0,clear,False,0.26,0,1,0,610.5,78.1,4,1,78.8
21468,Express,2026-11-01,11,0,G,15,967,2,clear,False,0.25,1,1,0,689.3,78.8,0,0,76.0
12163,Vande Bharat,2026-11-01,11,0,G,0,0,17,clear,False,0.0,3,0,0,0.0,0.0,0,15,0.0
12163,Vande Bharat,2026-11-01,11,0,NGP,1,130,19,clear,False,0.7,2,1,0,0.0,0.0,2,14,13.1
12163,Vande Bharat,2026-11-01,11,0,WR,2,210,20,clear,False,0.36,3,0,0,13.1,13.1,2,13,38.1
12163,Vande Bharat,2026-11-01,11,0,BD,3,305,21,clear,False,0.21,2,1,0,51.2,38.1,2,12,47.3
12163,Vande Bharat,2026-11-01,11,0,AK,4,384,22,clear,False,0.5,0,1,0,98.5,47.3,2,11,52.3
12163,Vande Bharat,2026-11-01,11,0,MKU,5,473,23,clear,False,0.07,1,1,0,150.8,52.3,2,10,51.1
12163,Vande Bharat,2026-11-01,11,0,BSL,6,523,0,clear,False,0.46,2,1,3,201.9,51.1,2,9,57.4
12163,Vande Bharat,2026-11-01,11,0,JL,7,547,0,clear,False,0.22,0,1,0,259.3,57.4,2,8,55.0
12163,Vande Bharat,2026-11-01,11,0,CSN,8,639,1,clear,False,0.25,1,1,0,314.3,55.0,2,7,58.7
12163,Vande Bharat,2026-11-01,11,0,MMR,9,706,2,clear,False,0.2,0,1,0,373.0,58.7,2,6,58.3
12163,Vande Bharat,2026-11-01,11,0,NK,10,779,3,clear,False,0.53,1,1,0,431.3,58.3,2,5,61.2
12163,Vande Bharat,2026-11-01,11,0,IGP,11,830,4,clear,False,0.44,1,1,0,492.5,61.2,2,4,64.4
12163,Vande Bharat,2026-11-01,11,0,KYN,12,913,5,clear,False,0.71,3,1,2,556.9,64.4,2,3,83.0
12163,Vande Bharat,2026-11-01,11,0,TNA,13,933,5,clear,False,0.45,1,1,0,639.9,83.0,2,2,86.4
12163,Vande Bharat,2026-11-01,11,0,DR,14,958,5,clear,False,0.63,4,1,3,726.3,86.4,2,1,88.4
12163,Vande Bharat,2026-11-01,11,0,CSMT,15,967,5,clear,False,0.15,3,1,0,814.7,88.4,0,0,90.6
18886,Intercity,2026-11-01,11,0,CSMT,0,0,8,clear,False,0.0,0,0,0,0.0,0.0,0,9,0.0
18886,Intercity,2026-11-01,11,0,DR,1,9,8,clear,False,0.49,1,0,0,0.0,0.0,4,8,3.6
18886,Intercity,2026-11-01,11,0,TNA,2,34,9,clear,False,0.96,1,0,0,3.6,3.6,4,7,11.7
18886,Intercity,2026-11-01,11,0,KYN,3,54,9,clear,False,0.77,4,0,0,15.3,11.7,4,6,21.2
18886,Intercity,2026-11-01,11,0,IGP,4,137,10,clear,False,0.85,2,1,0,36.5,21.2,4,5,42.5
18886,Intercity,2026-11-01,11,0,NK,5,188,11,clear,False,1.0,4,1,0,79.0,42.5,4,4,63.1
18886,Intercity,2026-11-01,11,0,MMR,6,261,12,clear,False,0.1,2,1,0,142.1,63.1,4,3,62.5
18886,Intercity,2026-11-01,11,0,AWB,7,375,13,clear,False,0.54,1,1,0,204.6,62.5,4,2,62.1
18886,Intercity,2026-11-01,11,0,J,8,438,14,clear,False,0.27,0,1,0,266.7,62.1,4,1,59.3
18886,Intercity,2026-11-01,11,0,NED,9,609,16,clear,False,0.33,0,1,0,326.0,59.3,0,0,63.3
12113,Mail,2026-11-01,11,0,NED,0,0,17,clear,False,0.0,0,0,0,0.0,0.0,0,9,0.0
12113,Mail,2026-11-01,11,0,J,1,171,19,clear,False,0.58,1,0,0,0.0,0.0,6,8,3.8
12113,Mail,2026-11-01,11,0,AWB,2,234,20,clear,False,0.39,1,0,0,3.8,3.8,6,7,6.6
12113,Mail,2026-11-01,11,0,MMR,3,348,21,clear,False,1.0,1,0,0,10.4,6.6,6,6,14.9
12113,Mail,2026-11-01,11,0,NK,4,421,22,clear,False,0.15,0,0,0,25.3,14.9,6,5,16.0
12113,Mail,2026-11-01,11,0,IGP,5,472,23,clear,False,0.56,0,1,0,41.3,16.0,6,4,23.5
12113,Mail,2026-11-01,11,0,KYN,6,555,0,clear,False,0.64,2,1,0,64.8,23.5,6,3,25.0
12113,Mail,2026-11-01,11,0,TNA,7,575,0,clear,False,0.48,2,1,0,89.8,25.0,6,2,28.1
12113,Mail,2026-11-01,11,0,DR,8,600,0,clear,False,0.61,4,1,0,117.9,28.1,6,1,37.5
12113,Mail,2026-11-01,11,0,CSMT,9,609,0,clear,False,0.55,0,1,0,155.4,37.5,0,0,41.4
12127,Express,2026-11-01,11,0,CSMT,0,0,20,clear,False,0.0,0,0,0,0.0,0.0,0,5,0.0
12127,Express,2026-11-01,11,0,DR,1,9,20,clear,False,0.65,1,0,0,0.0,0.0,4,4,5.0
12127,Express,2026-11-01,11,0,TNA,2,34,21,clear,False,0.62,2,1,1,5.0,5.0,4,3,21.5
12127,Express,2026-11-01,11,0,PNVL,3,69,21,clear,False,0.71,1,1,0,26.5,21.5,4,2,31.0
12127,Express,2026-11-01,11,0,RN,4,307,0,clear,False,0.2,3,1,0,57.5,31.0,4,1,43.5
12127,Express,2026-11-01,11,0,SWV,5,495,3,clear,False,0.23,0,1,0,101.0,43.5,0,0,47.3
15616,Express,2026-11-01,11,0,SWV,0,0,15,clear,False,0.0,0,0,0,0.0,0.0,0,5,0.0
15616,Express,2026-11-01,11,0,RN,1,188,18,clear,False,0.23,1,0,0,0.0,0.0,4,4,5.8
15616,Express,2026-11-01,11,0,PNVL,2,426,21,clear,False,0.26,2,1,0,5.8,5.8,4,3,20.2
15616,Express,2026-11-01,11,0,TNA,3,461,21,clear,False,0.29,1,1,0,26.0,20.2,4,2,26.7
15616,Express,2026-11-01,11,0,DR,4,486,21,clear,False,0.51,2,1,0,52.7,26.7,4,1,40.8
15616,Express,2026-11-01,11,0,CSMT,5,495,22,clear,False,0.03,2,1,0,93.5,40.8,0,0,43.6
12832,Vande Bharat,2026-11-01,11,0,PUNE,0,0,6,clear,False,0.0,3,0,1,0.0,0.0,0,7,0.0
12832,Vande Bharat,2026-11-01,11,0,DD,1,76,7,clear,False,0.33,0,1,0,0.0,0.0,2,6,9.3
12832,Vande Bharat,2026-11-01,11,0,MMR,2,69,7,clear,False,0.15,1,0,0,9.3,9.3,2,5,12.0
12832,Vande Bharat,2026-11-01,11,0,BSL,3,252,9,clear,False,0.2,2,0,2,21.3,12.0,2,4,21.2
12832,Vande Bharat,2026-11-01,11,0,AK,4,391,11,clear,False,0.52,0,1,0,42.5,21.2,2,3,26.8
12832,Vande Bharat,2026-11-01,11,0,BD,5,470,12,clear,False,0.87,0,1,0,69.3,26.8,2,2,32.8
12832,Vande Bharat,2026-11-01,11,0,WR,6,565,13,clear,False,0.23,3,1,1,102.1,32.8,2,1,39.9
12832,Vande Bharat,2026-11-01,11,0,NGP,7,645,14,clear,False,0.6,0,1,0,142.0,39.9,0,0,43.4
13900,Superfast,2026-11-01,11,0,NGP,0,0,20,clear,False,0.0,3,0,0,0.0,0.0,0,7,0.0
13900,Superfast,2026-11-01,11,0,WR,1,80,21,clear,False,0.49,2,0,0,0.0,0.0,2,6,4.3
13900,Superfast,2026-11-01,11,0,BD,2,175,23,clear,False,0.44,2,0,0,4.3,4.3,2,5,5.1
13900,Superfast,2026-11-01,11,0,AK,3,254,0,clear,False,0.56,1,1,0,9.4,5.1,2,4,13.7
13900,Superfast,2026-11-01,11,0,BSL,4,393,1,clear,False,0.17,3,0,1,23.1,13.7,2,3,19.7
13900,Superfast,2026-11-01,11,0,MMR,5,576,4,clear,False,0.49,3,1,1,42.8,19.7,2,2,26.8
13900,Superfast,2026-11-01,11,0,DD,6,569,3,clear,False,0.63,1,1,0,69.6,26.8,2,1,58.8
13900,Superfast,2026-11-01,11,0,PUNE,7,645,4,clear,False,0.5,0,1,0,128.4,58.8,0,0,60.6
21510,Express,2026-11-01,11,0,NGP,0,0,14,clear,False,0.0,2,0,0,0.0,0.0,0,9,0.0
21510,Express,2026-11-01,11,0,WR,1,80,15,clear,False,0.27,1,0,0,0.0,0.0,4,8,1.2
21510,Express,2026-11-01,11,0,BD,2,175,16,clear,False,0.24,4,1,0,1.2,1.2,4,7,12.3
21510,Express,2026-11-01,11,0,AK,3,254,17,clear,False,0.59,1,0,0,13.5,12.3,4,6,15.4
21510,Express,2026-11-01,11,0,BSL,4,393,19,clear,False,0.92,1,1,0,28.9,15.4,4,5,24.6
21510,Express,2026-11-01,11,0,MMR,5,576,21,clear,False,0.96,0,1,0,53.5,24.6,4,4,31.5
21510,Express,2026-11-01,11,0,DD,6,569,21,clear,False,0.21,0,1,0,85.0,31.5,4,3,41.7
21510,Express,2026-11-01,11,0,PUNE,7,645,22,clear,False,0.13,1,1,0,126.7,41.7,4,2,45.8
21510,Express,2026-11-01,11,0,MRJ,8,366,18,clear,False,0.48,2,1,2,172.5,45.8,4,1,56.9
21510,Express,2026-11-01,11,0,KOP,9,319,18,clear,False,0.41,2,1,0,229.4,56.9,0,0,63.3
21209,Express,2026-11-01,11,0,KOP,0,0,10,clear,False,0.0,2,0,0,0.0,0.0,0,9,0.0
21209,Express,2026-11-01,11,0,MRJ,1,47,11,clear,False,0.7,1,0,0,0.0,0.0,4,8,7.1
21209,Express,2026-11-01,11,0,PUNE,2,326,14,clear,False,0.31,0,0,0,7.1,7.1,4,7,9.6
21209,Express,2026-11-01,11,0,DD,3,250,13,clear,False,0.12,3,0,2,16.7,9.6,4,6,24.4
21209,Express,2026-11-01,11,0,MMR,4,257,13,clear,False,0.25,1,1,0,41.1,24.4,4,5,32.5
21209,Express,2026-11-01,11,0,BSL,5,74,11,clear,False,0.96,1,1,0,73.6,32.5,4,4,45.6
21209,Express,2026-11-01,11,0,AK,6,65,11,clear,False,0.55,1,1,0,119.2,45.6,4,3,52.1
21209,Express,2026-11-01,11,0,BD,7,144,12,clear,False,0.28,1,1,0,171.3,52.1,4,2,53.4
21209,Express,2026-11-01,11,0,WR,8,239,13,clear,False,0.34,1,1,0,224.7,53.4,4,1,52.5
21209,Express,2026-11-01,11,0,NGP,9,319,14,clear,False,0.16,0,1,0,277.2,52.5,0,0,51.1
15649,Vande Bharat,2026-12-22,12,1,CSMT,0,0,14,fog,False,0.0,1,0,0,0.0,0.0,0,10,0.0
15649,Vande Bharat,2026-12-22,12,1,DR,1,9,14,fog,False,0.55,2,0,0,0.0,0.0,2,9,5.2
15649,Vande Bharat,2026-12-22,12,1,TNA,2,34,14,fog,False,0.4,0,0,0,5.2,5.2,2,8,13.3
15649,Vande Bharat,2026-12-22,12,1,KYN,3,54,14,fog,False,0.19,1,0,0,18.5,13.3,2,7,17.4
15649,Vande Bharat,2026-12-22,12,1,KJT,4,100,15,fog,False,0.34,0,1,0,35.9,17.4,2,6,29.1
15649,Vande Bharat,2026-12-22,12,1,LNL,5,128,15,fog,False,0.27,1,1,0,65.0,29.1,2,5,42.2
15649,Vande Bharat,2026-12-22,12,1,SVJR,6,190,16,fog,False,0.3,2,1,0,107.2,42.2,2,4,54.7
15649,Vande Bharat,2026-12-22,12,1,PUNE,7,192,16,fog,False,0.3,2,1,1,161.9,54.7,2,3,66.7
15649,Vande Bharat,2026-12-22,12,1,DD,8,268,17,fog,False,0.51,2,1,0,228.6,66.7,2,2,76.3
15649,Vande Bharat,2026-12-22,12,1,KWV,9,377,18,fog,False,0.58,0,1,0,304.9,76.3,2,1,90.7
15649,Vande Bharat,2026-12-22,12,1,SUR,10,455,19,fog,False,0.63,1,1,0,395.6,90.7,0,0,94.1
12988,Superfast,2026-12-22,12,1,SUR,0,0,13,fog,False,0.0,2,0,0,0.0,0.0,0,10,0.0
12988,Superfast,2026-12-22,12,1,KWV,1,78,14,fog,False,0.15,3,0,1,0.0,0.0,2,9,11.7
12988,Superfast,2026-12-22,12,1,DD,2,187,15,fog,False,0.18,1,0,0,11.7,11.7,2,8,17.1
12988,Superfast,2026-12-22,12,1,PUNE,3,263,16,fog,False,0.46,1,1,0,28.8,17.1,2,7,33.6
12988,Superfast,2026-12-22,12,1,SVJR,4,265,16,fog,False,0.31,2,1,0,62.4,33.6,2,6,39.8
12988,Superfast,2026-12-22,12,1,LNL,5,327,17,fog,False,0.59,0,1,0,102.2,39.8,2,5,54.6
12988,Superfast,2026-12-22,12,1,KJT,6,355,17,fog,False,0.42,2,1,1,156.8,54.6,2,4,65.9
12988,Superfast,2026-12-22,12,1,KYN,7,401,18,fog,False,0.63,1,1,0,222.7,65.9,2,3,74.4
12988,Superfast,2026-12-22,12,1,TNA,8,421,18,fog,False,1.0,1,1,0,297.1,74.4,2,2,87.9
12988,Superfast,2026-12-22,12,1,DR,9,446,18,fog,False,0.92,1,1,0,385.0,87.9,2,1,92.6
12988,Superfast,2026-12-22,12,1,CSMT,10,455,18,fog,False,0.56,0,1,0,477.6,92.6,0,0,95.6
22573,Superfast,2026-12-22,12,1,CSMT,0,0,8,fog,False,0.0,1,0,0,0.0,0.0,0,8,4.1
22573,Superfast,2026-12-22,12,1,DR,1,9,8,fog,False,0.66,2,0,1,4.1,4.1,2,7,17.4
22573,Superfast,2026-12-22,12,1,TNA,2,34,9,fog,False,0.68,3,1,2,21.5,17.4,2,6,41.7
22573,Superfast,2026-12-22,12,1,KYN,3,54,9,fog,False,0.31,1,1,0,63.2,41.7,2,5,55.8
22573,Superfast,2026-12-22,12,1,LNL,4,128,10,fog,False,0.85,3,1,0,119.0,55.8,2,4,68.8
22573,Superfast,2026-12-22,12,1,PUNE,5,192,11,fog,False,0.85,3,1,0,187.8,68.8,2,3,88.7
22573,Superfast,2026-12-22,12,1,MRJ,6,471,14,fog,False,0.51,2,1,2,276.5,88.7,2,2,95.1
22573,Superfast,2026-12-22,12,1,SLI,7,478,14,fog,False,0.5,1,1,0,371.6,95.1,2,1,96.7
22573,Superfast,2026-12-22,12,1,KOP,8,518,15,fog,False,0.05,1,1,0,468.3,96.7,0,0,97.0
22864,Intercity,2026-12-22,12,1,KOP,0,0,7,fog,False,0.0,0,0,0,0.0,0.0,0,8,2.0
22864,Intercity,2026-12-22,12,1,SLI,1,40,8,fog,False,0.57,1,0,0,2.0,2.0,4,7,12.9
22864,Intercity,2026-12-22,12,1,MRJ,2,47,8,fog,False,0.44,0,0,0,14.9,12.9,4,6,19.0
22864,Intercity,2026-12-22,12,1,PUNE,3,326,12,fog,False,0.53,0,1,0,33.9,19.0,4,5,32.5
22864,Intercity,2026-12-22,12,1,LNL,4,390,12,fog,False,0.33,0,1,0,66.4,32.5,4,4,38.2
22864,Intercity,2026-12-22,12,1,KYN,5,464,13,fog,False,0.32,0,1,0,104.6,38.2,4,3,43.6
22864,Intercity,2026-12-22,12,1,TNA,6,484,14,fog,False,0.44,2,1,1,148.2,43.6,4,2,58.9
22864,Intercity,2026-12-22,12,1,DR,7,509,14,fog,False,0.29,2,1,0,207.1,58.9,4,1,68.6
22864,Intercity,2026-12-22,12,1,CSMT,8,518,14,fog,False,0.49,0,1,0,275.7,68.6,0,0,76.4
14673,Express,2026-12-22,12,1,CSMT,0,0,16,fog,False,0.0,2,0,2,0.0,0.0,0,15,0.0
14673,Express,2026-12-22,12,1,DR,1,9,16,fog,False,0.48,0,1,0,0.0,0.0,4,14,19.2
14673,Express,2026-12-22,12,1,TNA,2,34,17,fog,False,0.54,0,1,0,19.2,19.2,4,13,36.1
14673,Express,2026-12-22,12,1,KYN,3,54,17,fog,False,0.43,1,1,0,55.3,36.1,4,12,48.5
14673,Express,2026-12-22,12,1,IGP,4,137,18,fog,False,0.2,2,1,0,103.8,48.5,4,11,52.6
14673,Express,2026-12-22,12,1,NK,5,188,19,fog,False,0.74,1,1,0,156.4,52.6,4,10,68.4
14673,Express,2026-12-22,12,1,MMR,6,261,19,fog,False,0.66,0,1,0,224.8,68.4,4,9,76.0
14673,Express,2026-12-22,12,1,CSN,7,328,20,fog,False,0.36,4,1,0,300.8,76.0,4,8,83.0
14673,Express,2026-12-22,12,1,JL,8,420,21,fog,False,0.66,1,1,0,383.8,83.0,4,7,87.2
14673,Express,2026-12-22,12,1,BSL,9,444,22,fog,False,0.19,4,1,1,471.0,87.2,4,6,101.4
14673,Express,2026-12-22,12,1,MKU,10,494,22,fog,False,0.4,0,1,0,572.4,101.4,4,5,101.5
14673,Express,2026-12-22,12,1,AK,11,583,23,fog,False,0.27,1,1,0,673.9,101.5,4,4,103.0
14673,Express,2026-12-22,12,1,BD,12,662,0,fog,False,0.69,2,1,1,776.9,103.0,4,3,109.2
14673,Express,2026-12-22,12,1,WR,13,757,2,fog,False,0.23,0,1,0,886.1,109.2,4,2,109.1
14673,Express,2026-12-22,12,1,NGP,14,837,3,fog,False,0.15,2,1,0,995.2,109.1,4,1,109.7
14673,Express,2026-12-22,12,1,G,15,967,4,fog,False,0.27,1,1,0,1104.9,109.7,0,0,106.9
11207,Express,2026-12-22,12,1,G,0,0,20,fog,False,0.0,0,0,0,0.0,0.0,0,15,0.0
11207,Express,2026-12-22,12,1,NGP,1,130,21,fog,False,0.32,2,0,0,0.0,0.0,4,14,6.1
11207,Express,2026-12-22,12,1,WR,2,210,22,fog,False,0.24,2,0,0,6.1,6.1,4,13,14.8
11207,Express,2026-12-22,12,1,BD,3,305,0,fog,False,0.17,2,0,0,20.9,14.8,4,12,19.3
11207,Express,2026-12-22,12,1,AK,4,384,1,fog,False,0.53,1,1,0,40.2,19.3,4,11,28.9
11207,Express,2026-12-22,12,1,MKU,5,473,2,fog,False,0.19,1,1,0,69.1,28.9,4,10,40.6
11207,Express,2026-12-22,12,1,BSL,6,523,2,fog,False,0.38,2,1,2,109.7,40.6,4,9,51.9
11207,Express,2026-12-22,12,1,JL,7,547,3,fog,False,0.22,0,1,0,161.6,51.9,4,8,60.8
11207,Express,2026-12-22,12,1,CSN,8,639,4,fog,False,0.38,1,1,0,222.4,60.8,4,7,70.0
11207,Express,2026-12-22,12,1,MMR,9,706,5,fog,False,0.27,0,1,0,292.4,70.0,4,6,74.4
11207,Express,2026-12-22,12,1,NK,10,779,6,fog,False,0.12,0,1,0,366.8,74.4,4,5,80.1
11207,Express,2026-12-22,12,1,IGP,11,830,6,fog,False,0.81,2,1,2,446.9,80.1,4,4,89.0
11207,Express,2026-12-22,12,1,KYN,12,913,7,fog,False,0.41,2,1,0,535.9,89.0,4,3,94.0
11207,Express,2026-12-22,12,1,TNA,13,933,7,fog,False,0.44,3,1,1,629.9,94.0,4,2,101.1
11207,Express,2026-12-22,12,1,DR,14,958,8,fog,False,0.5,1,1,0,731.0,101.1,4,1,105.9
11207,Express,2026-12-22,12,1,CSMT,15,967,8,fog,False,0.86,2,1,0,836.9,105.9,0,0,109.8
12524,Vande Bharat,2026-12-22,12,1,CSMT,0,0,10,fog,False,0.0,0,0,0,0.0,0.0,0,9,0.0
12524,Vande Bharat,2026-12-22,12,1,DR,1,9,10,fog,False,0.42,1,0,0,0.0,0.0,2,8,12.6
12524,Vande Bharat,2026-12-22,12,1,TNA,2,34,10,fog,False,0.46,4,0,0,12.6,12.6,2,7,24.6
12524,Vande Bharat,2026-12-22,12,1,KYN,3,54,10,fog,False,0.3,1,1,0,37.2,24.6,2,6,35.4
12524,Vande Bharat,2026-12-22,12,1,IGP,4,137,12,fog,False,0.17,0,1,0,72.6,35.4,2,5,48.2
12524,Vande Bharat,2026-12-22,12,1,NK,5,188,12,fog,False,0.34,1,1,0,120.8,48.2,2,4,56.5
12524,Vande Bharat,2026-12-22,12,1,MMR,6,261,13,fog,False,0.6,4,1,0,177.3,56.5,2,3,71.2
12524,Vande Bharat,2026-12-22,12,1,AWB,7,375,14,fog,False,0.24,2,1,0,248.5,71.2,2,2,76.9
12524,Vande Bharat,2026-12-22,12,1,J,8,438,15,fog,False,0.3,2,1,3,325.4,76.9,2,1,85.1
12524,Vande Bharat,2026-12-22,12,1,NED,9,609,17,fog,False,0.51,2,1,0,410.5,85.1,0,0,92.4
11231,Express,2026-12-22,12,1,NED,0,0,17,fog,False,0.0,0,1,0,0.0,0.0,0,9,0.0
11231,Express,2026-12-22,12,1,J,1,171,19,fog,False,0.6,3,0,1,0.0,0.0,4,8,16.1
11231,Express,2026-12-22,12,1,AWB,2,234,20,fog,False,0.76,0,1,0,16.1,16.1,4,7,34.7
11231,Express,2026-12-22,12,1,MMR,3,348,22,fog,False,0.7,1,1,0,50.8,34.7,4,6,47.5
11231,Express,2026-12-22,12,1,NK,4,421,23,fog,False,0.34,1,1,0,98.3,47.5,4,5,51.9
11231,Express,2026-12-22,12,1,IGP,5,472,23,fog,False,0.62,1,1,0,150.2,51.9,4,4,62.8
11231,Express,2026-12-22,12,1,KYN,6,555,0,fog,False,0.21,0,1,0,213.0,62.8,4,3,67.8
11231,Express,2026-12-22,12,1,TNA,7,575,0,fog,False,0.16,1,1,0,280.8,67.8,4,2,70.3
11231,Express,2026-12-22,12,1,DR,8,600,1,fog,False,0.22,2,1,1,351.1,70.3,4,1,84.2
11231,Express,2026-12-22,12,1,CSMT,9,609,1,fog,False,0.14,3,1,0,435.3,84.2,0,0,90.5
17818,Mail,2026-12-22,12,1,CSMT,0,0,15,fog,False,0.0,0,0,0,0.0,0.0,0,5,0.0
17818,Mail,2026-12-22,12,1,DR,1,9,16,fog,False,0.48,1,0,0,0.0,0.0,6,4,7.2
17818,Mail,2026-12-22,12,1,TNA,2,34,16,fog,False,0.16,4,0,1,7.2,7.2,6,3,22.7
17818,Mail,2026-12-22,12,1,PNVL,3,69,16,fog,False,0.59,1,1,0,29.9,22.7,6,2,32.1
17818,Mail,2026-12-22,12,1,RN,4,307,19,fog,False,0.48,3,1,0,62.0,32.1,6,1,52.4
17818,Mail,2026-12-22,12,1,SWV,5,495,22,fog,False,0.47,2,1,0,114.4,52.4,0,0,60.1
13564,Vande Bharat,2026-12-22,12,1,SWV,0,0,5,fog,False,0.0,1,0,0,0.0,0.0,0,5,0.0
13564,Vande Bharat,2026-12-22,12,1,RN,1,188,7,fog,False,0.24,2,0,0,0.0,0.0,2,4,5.3
13564,Vande Bharat,2026-12-22,12,1,PNVL,2,426,10,fog,False,0.73,2,0,1,5.3,5.3,2,3,21.8
13564,Vande Bharat,2026-12-22,12,1,TNA,3,461,10,fog,False,0.39,1,1,0,27.1,21.8,2,2,36.9
13564,Vande Bharat,2026-12-22,12,1,DR,4,486,11,fog,False,0.47,3,1,0,64.0,36.9,2,1,52.1
13564,Vande Bharat,2026-12-22,12,1,CSMT,5,495,11,fog,False,0.8,1,1,0,116.1,52.1,0,0,63.1
12169,Superfast,2026-12-22,12,1,PUNE,0,0,6,fog,False,0.0,1,0,0,0.0,0.0,0,7,0.0
12169,Superfast,2026-12-22,12,1,DD,1,76,7,fog,False,0.44,1,0,0,0.0,0.0,2,6,11.2
12169,Superfast,2026-12-22,12,1,MMR,2,69,6,fog,False,0.18,1,0,0,11.2,11.2,2,5,17.5
12169,Superfast,2026-12-22,12,1,BSL,3,252,9,fog,False,0.44,1,1,0,28.7,17.5,2,4,30.0
12169,Superfast,2026-12-22,12,1,AK,4,391,10,fog,False,0.6,1,1,0,58.7,30.0,2,3,45.3
12169,Superfast,2026-12-22,12,1,BD,5,470,11,fog,False,0.34,3,1,1,104.0,45.3,2,2,65.2
12169,Superfast,2026-12-22,12,1,WR,6,565,13,fog,False,0.42,0,1,0,169.2,65.2,2,1,70.5
12169,Superfast,2026-12-22,12,1,NGP,7,645,14,fog,False,0.51,2,1,0,239.7,70.5,0,0,77.9
22014,Vande Bharat,2026-12-22,12,1,NGP,0,0,19,fog,False,0.0,2,1,0,0.0,0.0,0,7,0.0
22014,Vande Bharat,2026-12-22,12,1,WR,1,80,20,fog,False,0.28,1,0,0,0.0,0.0,2,6,9.5
22014,Vande Bharat,2026-12-22,12,1,BD,2,175,21,fog,False,0.12,1,0,0,9.5,9.5,2,5,19.1
22014,Vande Bharat,2026-12-22,12,1,AK,3,254,22,fog,False,0.37,4,1,0,28.6,19.1,2,4,39.7
22014,Vande Bharat,2026-12-22,12,1,BSL,4,393,0,fog,False,0.31,1,1,0,68.3,39.7,2,3,44.0
22014,Vande Bharat,2026-12-22,12,1,MMR,5,576,2,fog,False,0.15,0,1,0,112.3,44.0,2,2,61.8
22014,Vande Bharat,2026-12-22,12,1,DD,6,569,2,fog,False,0.19,1,1,0,174.1,61.8,2,1,68.5
22014,Vande Bharat,2026-12-22,12,1,PUNE,7,645,3,fog,False,0.36,1,1,0,242.6,68.5,0,0,76.9
18451,Vande Bharat,2026-12-22,12,1,NGP,0,0,6,fog,False,0.0,0,0,0,0.0,0.0,0,9,0.0
18451,Vande Bharat,2026-12-22,12,1,WR,1,80,7,fog,False,0.21,2,1,2,0.0,0.0,2,8,19.9
18451,Vande Bharat,2026-12-22,12,1,BD,2,175,8,fog,False,0.42,1,1,0,19.9,19.9,2,7,33.2
18451,Vande Bharat,2026-12-22,12,1,AK,3,254,9,fog,False,0.57,1,1,0,53.1,33.2,2,6,52.5
18451,Vande Bharat,2026-12-22,12,1,BSL,4,393,11,fog,False,0.33,1,1,0,105.6,52.5,2,5,62.7
18451,Vande Bharat,2026-12-22,12,1,MMR,5,576,13,fog,False,0.49,0,1,0,168.3,62.7,2,4,69.4
18451,Vande Bharat,2026-12-22,12,1,DD,6,569,13,fog,False,0.12,0,1,0,237.7,69.4,2,3,74.8
18451,Vande Bharat,2026-12-22,12,1,PUNE,7,645,14,fog,False,0.18,3,1,0,312.5,74.8,2,2,82.5
18451,Vande Bharat,2026-12-22,12,1,MRJ,8,366,11,fog,False,0.54,1,1,0,395.0,82.5,2,1,87.4
18451,Vande Bharat,2026-12-22,12,1,KOP,9,319,10,fog,False,0.64,2,1,0,482.4,87.4,0,0,92.6
12527,Intercity,2026-12-22,12,1,KOP,0,0,9,fog,False,0.0,0,0,0,0.0,0.0,0,9,0.0
12527,Intercity,2026-12-22,12,1,MRJ,1,47,9,fog,False,0.29,0,0,0,0.0,0.0,4,8,12.7
12527,Intercity,2026-12-22,12,1,PUNE,2,326,13,fog,False,0.31,1,0,0,12.7,12.7,4,7,19.2
12527,Intercity,2026-12-22,12,1,DD,3,250,12,fog,False,0.4,1,1,0,31.9,19.2,4,6,28.3
12527,Intercity,2026-12-22,12,1,MMR,4,257,12,fog,False,0.31,1,1,0,60.2,28.3,4,5,36.6
12527,Intercity,2026-12-22,12,1,BSL,5,74,9,fog,False,0.4,0,1,0,96.8,36.6,4,4,47.9
12527,Intercity,2026-12-22,12,1,AK,6,65,9,fog,False,0.27,1,1,0,144.7,47.9,4,3,62.6
12527,Intercity,2026-12-22,12,1,BD,7,144,10,fog,False,0.32,0,1,0,207.3,62.6,4,2,72.1
12527,Intercity,2026-12-22,12,1,WR,8,239,12,fog,False,0.07,2,1,0,279.4,72.1,4,1,74.0
12527,Intercity,2026-12-22,12,1,NGP,9,319,13,fog,False,0.38,2,1,0,353.4,74.0,0,0,74.8
20501,Mail,2026-12-27,12,2,CSMT,0,0,22,clear,False,0.0,0,0,0,0.0,0.0,0,10,0.0
20501,Mail,2026-12-27,12,2,DR,1,9,23,clear,False,0.48,1,0,0,0.0,0.0,6,9,1.5
20501,Mail,2026-12-27,12,2,TNA,2,34,23,clear,False,0.42,1,0,0,1.5,1.5,6,8,2.2
20501,Mail,2026-12-27,12,2,KYN,3,54,23,clear,False,0.33,0,0,0,3.7,2.2,6,7,2.3
20501,Mail,2026-12-27,12,2,KJT,4,100,0,clear,False,0.22,1,0,0,6.0,2.3,6,6,3.2
20501,Mail,2026-12-27,12,2,LNL,5,128,0,clear,False,0.09,2,1,1,9.2,3.2,6,5,15.4
20501,Mail,2026-12-27,12,2,SVJR,6,190,1,clear,False,0.37,2,1,0,24.6,15.4,6,4,18.1
20501,Mail,2026-12-27,12,2,PUNE,7,192,1,clear,False,0.3,2,1,3,42.7,18.1,6,3,34.3
20501,Mail,2026-12-27,12,2,DD,8,268,2,clear,False,0.44,1,1,0,77.0,34.3,6,2,38.5
20501,Mail,2026-12-27,12,2,KWV,9,377,3,clear,False,0.5,1,1,0,115.5,38.5,6,1,41.8
20501,Mail,2026-12-27,12,2,SUR,10,455,4,clear,False,0.59,3,1,0,157.3,41.8,0,0,51.0
18486,Mail,2026-12-27,12,2,SUR,0,0,5,clear,False,0.0,3,0,0,0.0,0.0,0,10,0.0
18486,Mail,2026-12-27,12,2,KWV,1,78,6,clear,False,0.13,1,0,0,0.0,0.0,6,9,0.6
18486,Mail,2026-12-27,12,2,DD,2,187,7,clear,False,0.49,1,1,0,0.6,0.6,6,8,14.1
18486,Mail,2026-12-27,12,2,PUNE,3,263,8,clear,False,0.79,1,0,0,14.7,14.1,6,7,22.2
18486,Mail,2026-12-27,12,2,SVJR,4,265,8,clear,False,0.18,1,1,0,36.9,22.2,6,6,27.9
18486,Mail,2026-12-27,12,2,LNL,5,327,9,clear,False,0.68,1,1,0,64.8,27.9,6,5,36.9
18486,Mail,2026-12-27,12,2,KJT,6,355,9,clear,False,0.43,1,1,0,101.7,36.9,6,4,44.0
18486,Mail,2026-12-27,12,2,KYN,7,401,10,clear,False,0.49,1,1,0,145.7,44.0,6,3,50.0
18486,Mail,2026-12-27,12,2,TNA,8,421,10,clear,False,0.78,2,1,0,195.7,50.0,6,2,55.2
18486,Mail,2026-12-27,12,2,DR,9,446,10,clear,False,0.78,0,1,0,250.9,55.2,6,1,62.9
18486,Mail,2026-12-27,12,2,CSMT,10,455,10,clear,False,0.93,2,1,0,313.8,62.9,0,0,72.0
22370,Superfast,2026-12-27,12,2,CSMT,0,0,10,clear,False,0.0,2,0,0,0.0,0.0,0,8,2.0
22370,Superfast,2026-12-27,12,2,DR,1,9,10,clear,False,0.61,1,0,0,2.0,2.0,2,7,9.1
22370,Superfast,2026-12-27,12,2,TNA,2,34,10,clear,False,0.66,2,1,0,11.1,9.1,2,6,21.6
22370,Superfast,2026-12-27,12,2,KYN,3,54,11,clear,False,0.22,3,1,0,32.7,21.6,2,5,55.6
22370,Superfast,2026-12-27,12,2,LNL,4,128,11,clear,False,0.37,3,1,0,88.3,55.6,2,4,63.9
22370,Superfast,2026-12-27,12,2,PUNE,5,192,12,clear,False,0.33,1,1,0,152.2,63.9,2,3,67.0
22370,Superfast,2026-12-27,12,2,MRJ,6,471,16,clear,False,0.38,0,1,0,219.2,67.0,2,2,69.8
22370,Superfast,2026-12-27,12,2,SLI,7,478,16,clear,False,0.32,3,1,0,289.0,69.8,2,1,72.7
22370,Superfast,2026-12-27,12,2,KOP,8,518,16,clear,False,0.19,1,1,0,361.7,72.7,0,0,72.9
15901,Mail,2026-12-27,12,2,KOP,0,0,16,clear,False,0.0,1,0,0,0.0,0.0,0,8,0.0
15901,Mail,2026-12-27,12,2,SLI,1,40,17,clear,False,0.45,1,0,0,0.0,0.0,6,7,4.5
15901,Mail,2026-12-27,12,2,MRJ,2,47,17,clear,False,0.57,0,0,0,4.5,4.5,6,6,8.1
15901,Mail,2026-12-27,12,2,PUNE,3,326,20,clear,False,0.4,1,0,0,12.6,8.1,6,5,10.6
15901,Mail,2026-12-27,12,2,LNL,4,390,21,clear,False,0.23,1,0,0,23.2,10.6,6,4,17.2
15901,Mail,2026-12-27,12,2,KYN,5,464,22,clear,False,0.25,2,1,0,40.4,17.2,6,3,25.0
15901,Mail,2026-12-27,12,2,TNA,6,484,22,clear,False,0.19,2,1,0,65.4,25.0,6,2,28.2
15901,Mail,2026-12-27,12,2,DR,7,509,22,clear,False,0.43,1,1,0,93.6,28.2,6,1,38.5
15901,Mail,2026-12-27,12,2,CSMT,8,518,22,clear,False,0.17,3,1,1,132.1,38.5,0,0,45.7
16772,Mail,2026-12-27,12,2,CSMT,0,0,8,clear,False,0.0,1,0,0,0.0,0.0,0,15,0.0
16772,Mail,2026-12-27,12,2,DR,1,9,9,clear,False,0.34,2,1,0,0.0,0.0,6,14,7.7
16772,Mail,2026-12-27,12,2,TNA,2,34,9,clear,False,0.55,1,1,0,7.7,7.7,6,13,16.9
16772,Mail,2026-12-27,12,2,KYN,3,54,9,clear,False,0.33,2,1,0,24.6,16.9,6,12,27.4
16772,Mail,2026-12-27,12,2,IGP,4,137,10,clear,False,0.92,0,1,0,52.0,27.4,6,11,41.8
16772,Mail,2026-12-27,12,2,NK,5,188,11,clear,False,0.72,1,1,0,93.8,41.8,6,10,52.8
16772,Mail,2026-12-27,12,2,MMR,6,261,12,clear,False,0.17,0,1,0,146.6,52.8,6,9,50.8
16772,Mail,2026-12-27,12,2,CSN,7,328,13,clear,False,0.52,3,1,0,197.4,50.8,6,8,55.1
16772,Mail,2026-12-27,12,2,JL,8,420,14,clear,False,0.68,1,1,0,252.5,55.1,6,7,57.9
16772,Mail,2026-12-27,12,2,BSL,9,444,14,clear,False,0.43,3,1,3,310.4,57.9,6,6,69.1
16772,Mail,2026-12-27,12,2,MKU,10,494,15,clear,False,0.71,1,1,0,379.5,69.1,6,5,68.9
16772,Mail,2026-12-27,12,2,AK,11,583,16,clear,False,0.24,2,1,0,448.4,68.9,6,4,69.4
16772,Mail,2026-12-27,12,2,BD,12,662,17,clear,False,0.46,2,1,1,517.8,69.4,6,3,73.1
16772,Mail,2026-12-27,12,2,WR,13,757,18,clear,False,0.19,2,1,1,590.9,73.1,6,2,77.4
16772,Mail,2026-12-27,12,2,NGP,14,837,19,clear,False,0.22,1,1,0,668.3,77.4,6,1,81.8
16772,Mail,2026-12-27,12,2,G,15,967,21,clear,False,0.56,1,1,0,750.1,81.8,0,0,80.9
18451,Vande Bharat,2026-12-27,12,2,G,0,0,11,clear,False,0.0,1,0,0,0.0,0.0,0,15,0.0
18451,Vande Bharat,2026-12-27,12,2,NGP,1,130,13,clear,False,0.46,1,0,0,0.0,0.0,2,14,1.0
18451,Vande Bharat,2026-12-27,12,2,WR,2,210,14,clear,False,0.61,1,0,0,1.0,1.0,2,13,3.5
18451,Vande Bharat,2026-12-27,12,2,BD,3,305,15,clear,False,0.5,3,0,1,4.5,3.5,2,12,7.8
18451,Vande Bharat,2026-12-27,12,2,AK,4,384,16,clear,False,0.11,1,0,0,12.3,7.8,2,11,7.7
18451,Vande Bharat,2026-12-27,12,2,MKU,5,473,17,clear,False,1.0,1,0,0,20.0,7.7,2,10,13.5
18451,Vande Bharat,2026-12-27,12,2,BSL,6,523,18,clear,False,0.52,1,1,0,33.5,13.5,2,9,19.1
18451,Vande Bharat,2026-12-27,12,2,JL,7,547,18,clear,False,0.31,0,1,0,52.6,19.1,2,8,24.8
18451,Vande Bharat,2026-12-27,12,2,CSN,8,639,19,clear,False,0.69,4,1,0,77.4,24.8,2,7,39.5
18451,Vande Bharat,2026-12-27,12,2,MMR,9,706,20,clear,False,0.41,1,1,0,116.9,39.5,2,6,47.0
18451,Vande Bharat,2026-12-27,12,2,NK,10,779,21,clear,False,0.74,1,1,0,163.9,47.0,2,5,52.6
18451,Vande Bharat,2026-12-27,12,2,IGP,11,830,22,clear,False,0.24,2,1,0,216.5,52.6,2,4,56.5
18451,Vande Bharat,2026-12-27,12,2,KYN,12,913,23,clear,False,0.3,2,1,1,273.0,56.5,2,3,62.6
18451,Vande Bharat,2026-12-27,12,2,TNA,13,933,23,clear,False,0.16,2,1,2,335.6,62.6,2,2,70.0
18451,Vande Bharat,2026-12-27,12,2,DR,14,958,23,clear,False,0.13,1,1,0,405.6,70.0,2,1,66.2
18451,Vande Bharat,2026-12-27,12,2,CSMT,15,967,23,clear,False,0.26,0,1,0,471.8,66.2,0,0,67.0
16942,Superfast,2026-12-27,12,2,CSMT,0,0,6,clear,False,0.0,1,0,0,0.0,0.0,0,9,0.0
16942,Superfast,2026-12-27,12,2,DR,1,9,6,clear,False,0.49,1,1,0,0.0,0.0,2,8,5.8
16942,Superfast,2026-12-27,12,2,TNA,2,34,7,clear,False,0.71,0,0,0,5.8,5.8,2,7,12.1
16942,Superfast,2026-12-27,12,2,KYN,3,54,7,clear,False,0.27,1,0,0,17.9,12.1,2,6,13.0
16942,Superfast,2026-12-27,12,2,IGP,4,137,8,clear,False,0.45,1,0,0,30.9,13.0,2,5,16.7
16942,Superfast,2026-12-27,12,2,NK,5,188,9,clear,False,0.76,0,1,0,47.6,16.7,2,4,24.2
16942,Superfast,2026-12-27,12,2,MMR,6,261,10,clear,False,0.98,0,1,0,71.8,24.2,2,3,39.2
16942,Superfast,2026-12-27,12,2,AWB,7,375,11,clear,False,0.26,1,1,0,111.0,39.2,2,2,42.9
16942,Superfast,2026-12-27,12,2,J,8,438,12,clear,False,0.18,2,1,0,153.9,42.9,2,1,46.7
16942,Superfast,2026-12-27,12,2,NED,9,609,14,clear,False,0.46,3,1,0,200.6,46.7,0,0,53.3
11046,Mail,2026-12-27,12,2,NED,0,0,9,clear,False,0.0,4,0,1,0.0,0.0,0,9,2.8
11046,Mail,2026-12-27,12,2,J,1,171,12,clear,False,0.37,3,1,0,2.8,2.8,6,8,17.0
11046,Mail,2026-12-27,12,2,AWB,2,234,12,clear,False,0.26,2,1,0,19.8,17.0,6,7,25.6
11046,Mail,2026-12-27,12,2,MMR,3,348,14,clear,False,0.71,1,1,0,45.4,25.6,6,6,35.3
11046,Mail,2026-12-27,12,2,NK,4,421,15,clear,False,0.15,1,1,0,80.7,35.3,6,5,38.6
11046,Mail,2026-12-27,12,2,IGP,5,472,15,clear,False,0.32,0,1,0,119.3,38.6,6,4,43.7
11046,Mail,2026-12-27,12,2,KYN,6,555,16,clear,False,0.37,1,1,0,163.0,43.7,6,3,50.1
11046,Mail,2026-12-27,12,2,TNA,7,575,17,clear,False,0.68,1,1,0,213.1,50.1,6,2,56.0
11046,Mail,2026-12-27,12,2,DR,8,600,17,clear,False,0.46,1,1,0,269.1,56.0,6,1,60.8
11046,Mail,2026-12-27,12,2,CSMT,9,609,17,clear,False,0.68,3,1,0,329.9,60.8,0,0,64.5
11996,Vande Bharat,2026-12-27,12,2,CSMT,0,0,22,clear,False,0.0,1,1,0,0.0,0.0,0,5,0.0
11996,Vande Bharat,2026-12-27,12,2,DR,1,9,23,clear,False,0.46,1,0,0,0.0,0.0,2,4,2.0
11996,Vande Bharat,2026-12-27,12,2,TNA,2,34,23,clear,False,0.29,1,1,0,2.0,2.0,2,3,5.6
11996,Vande Bharat,2026-12-27,12,2,PNVL,3,69,23,clear,False,0.22,0,0,0,7.6,5.6,2,2,5.4
11996,Vande Bharat,2026-12-27,12,2,RN,4,307,2,clear,False,0.36,1,0,0,13.0,5.4,2,1,5.8
11996,Vande Bharat,2026-12-27,12,2,SWV,5,495,5,clear,False,0.31,1,0,0,18.8,5.8,0,0,5.4
18433,Express,2026-12-27,12,2,SWV,0,0,14,clear,False,0.0,2,1,1,0.0,0.0,0,5,0.0
18433,Express,2026-12-27,12,2,RN,1,188,16,clear,False,0.31,1,0,0,0.0,0.0,4,4,2.4
18433,Express,2026-12-27,12,2,PNVL,2,426,19,clear,False,0.86,1,0,0,2.4,2.4,4,3,14.8
18433,Express,2026-12-27,12,2,TNA,3,461,19,clear,False,0.54,1,0,0,17.2,14.8,4,2,17.1
18433,Express,2026-12-27,12,2,DR,4,486,20,clear,False,0.53,1,1,0,34.3,17.1,4,1,32.0
18433,Express,2026-12-27,12,2,CSMT,5,495,20,clear,False,0.31,1,1,0,66.3,32.0,0,0,40.3
17132,Express,2026-12-27,12,2,PUNE,0,0,22,clear,False,0.0,1,1,0,0.0,0.0,0,7,4.7
17132,Express,2026-12-27,12,2,DD,1,76,23,clear,False,0.43,1,0,0,4.7,4.7,4,6,4.4
17132,Express,2026-12-27,12,2,MMR,2,69,23,clear,False,0.48,1,1,0,9.1,4.4,4,5,9.5
17132,Express,2026-12-27,12,2,BSL,3,252,1,clear,False,0.62,0,0,0,18.6,9.5,4,4,9.3
17132,Express,2026-12-27,12,2,AK,4,391,3,clear,False,0.6,1,0,0,27.9,9.3,4,3,10.6
17132,Express,2026-12-27,12,2,BD,5,470,4,clear,False,0.22,1,0,0,38.5,10.6,4,2,11.4
17132,Express,2026-12-27,12,2,WR,6,565,5,clear,False,0.37,3,0,2,49.9,11.4,4,1,22.8
17132,Express,2026-12-27,12,2,NGP,7,645,6,clear,False,0.6,0,1,0,72.7,22.8,0,0,28.4
16761,Express,2026-12-27,12,2,NGP,0,0,6,clear,False,0.0,0,0,0,0.0,0.0,0,7,0.0
16761,Express,2026-12-27,12,2,WR,1,80,7,clear,False,0.47,1,0,0,0.0,0.0,4,6,1.1
16761,Express,2026-12-27,12,2,BD,2,175,9,clear,False,0.89,0,0,0,1.1,1.1,4,5,5.8
16761,Express,2026-12-27,12,2,AK,3,254,10,clear,False,0.68,0,0,0,6.9,5.8,4,4,10.2
16761,Express,2026-12-27,12,2,BSL,4,393,11,clear,False,0.3,1,0,0,17.1,10.2,4,3,14.4
16761,Express,2026-12-27,12,2,MMR,5,576,14,clear,False,0.46,1,0,0,31.5,14.4,4,2,13.1
16761,Express,2026-12-27,12,2,DD,6,569,13,clear,False,0.41,1,0,0,44.6,13.1,4,1,13.4
16761,Express,2026-12-27,12,2,PUNE,7,645,14,clear,False,0.25,2,0,0,58.0,13.4,0,0,14.1
22513,Express,2026-12-27,12,2,NGP,0,0,18,clear,False,0.0,1,1,0,0.0,0.0,0,9,10.3
22513,Express,2026-12-27,12,2,WR,1,80,19,clear,False,0.2,2,1,1,10.3,10.3,4,8,19.4
22513,Express,2026-12-27,12,2,BD,2,175,20,clear,False,0.53,4,1,0,29.7,19.4,4,7,35.2
22513,Express,2026-12-27,12,2,AK,3,254,21,clear,False,0.44,1,1,0,64.9,35.2,4,6,39.3
22513,Express,2026-12-27,12,2,BSL,4,393,23,clear,False,0.4,0,1,0,104.2,39.3,4,5,46.9
22513,Express,2026-12-27,12,2,MMR,5,576,1,clear,False,0.17,1,1,0,151.1,46.9,4,4,48.8
22513,Express,2026-12-27,12,2,DD,6,569,1,clear,False,0.55,1,1,0,199.9,48.8,4,3,51.5
22513,Express,2026-12-27,12,2,PUNE,7,645,2,clear,False,0.35,0,1,0,251.4,51.5,4,2,54.4
22513,Express,2026-12-27,12,2,MRJ,8,366,23,clear,False,0.36,0,1,0,305.8,54.4,4,1,56.2
22513,Express,2026-12-27,12,2,KOP,9,319,22,clear,False,0.56,1,1,0,362.0,56.2,0,0,56.2
18242,Mail,2026-12-27,12,2,KOP,0,0,12,clear,False,0.0,1,0,0,0.0,0.0,0,9,13.5
18242,Mail,2026-12-27,12,2,MRJ,1,47,13,clear,False,0.27,2,0,0,13.5,13.5,6,8,13.6
18242,Mail,2026-12-27,12,2,PUNE,2,326,16,clear,False,0.23,1,0,0,27.1,13.6,6,7,12.1
18242,Mail,2026-12-27,12,2,DD,3,250,15,clear,False,0.52,4,1,0,39.2,12.1,6,6,22.2
18242,Mail,2026-12-27,12,2,MMR,4,257,15,clear,False,0.59,3,1,1,61.4,22.2,6,5,37.3
18242,Mail,2026-12-27,12,2,BSL,5,74,13,clear,False,0.56,1,1,0,98.7,37.3,6,4,44.2
18242,Mail,2026-12-27,12,2,AK,6,65,13,clear,False,0.33,1,1,0,142.9,44.2,6,3,49.2
18242,Mail,2026-12-27,12,2,BD,7,144,14,clear,False,0.35,0,1,0,192.1,49.2,6,2,51.8
18242,Mail,2026-12-27,12,2,WR,8,239,15,clear,False,0.28,0,1,0,243.9,51.8,6,1,53.8
18242,Mail,2026-12-27,12,2,NGP,9,319,16,clear,False,0.3,2,1,0,297.7,53.8,0,0,58.6
18532,Vande Bharat,2026-12-14,12,0,CSMT,0,0,21,clear,False,0.0,1,0,0,0.0,0.0,0,10,0.0
18532,Vande Bharat,2026-12-14,12,0,DR,1,9,21,clear,False,0.24,1,1,0,0.0,0.0,2,9,9.9
18532,Vande Bharat,2026-12-14,12,0,TNA,2,34,22,clear,False,0.15,0,0,0,9.9,9.9,2,8,11.4
18532,Vande Bharat,2026-12-14,12,0,KYN,3,54,22,clear,False,0.55,2,0,1,21.3,11.4,2,7,15.4
18532,Vande Bharat,2026-12-14,12,0,KJT,4,100,22,clear,False,0.61,3,1,1,36.7,15.4,2,6,33.0
18532,Vande Bharat,2026-12-14,12,0,LNL,5,128,23,clear,False,0.35,0,1,0,69.7,33.0,2,5,35.4
18532,Vande Bharat,2026-12-14,12,0,SVJR,6,190,23,clear,False,0.39,1,1,0,105.1,35.4,2,4,38.5
18532,Vande Bharat,2026-12-14,12,0,PUNE,7,192,23,clear,False,0.17,1,1,0,143.6,38.5,2,3,40.4
18532,Vande Bharat,2026-12-14,12,0,DD,8,268,0,clear,False,0.3,1,1,0,184.0,40.4,2,2,44.6
18532,Vande Bharat,2026-12-14,12,0,KWV,9,377,2,clear,False,0.43,1,1,0,228.6,44.6,2,1,48.7
18532,Vande Bharat,2026-12-14,12,0,SUR,10,455,3,clear,False,0.52,1,1,0,277.3,48.7,0,0,52.6
16752,Express,2026-12-14,12,0,SUR,0,0,18,clear,False,0.0,2,0,0,0.0,0.0,0,10,0.0
16752,Express,2026-12-14,12,0,KWV,1,78,19,clear,False,0.34,1,0,0,0.0,0.0,4,9,7.6
16752,Express,2026-12-14,12,0,DD,2,187,20,clear,False,0.72,2,1,1,7.6,7.6,4,8,23.2
16752,Express,2026-12-14,12,0,PUNE,3,263,21,clear,False,0.21,1,1,0,30.8,23.2,4,7,33.7
16752,Express,2026-12-14,12,0,SVJR,4,265,21,clear,False,0.09,2,1,2,64.5,33.7,4,6,49.3
16752,Express,2026-12-14,12,0,LNL,5,327,22,clear,False,0.56,1,1,0,113.8,49.3,4,5,53.7
16752,Express,2026-12-14,12,0,KJT,6,355,22,clear,False,0.14,1,1,0,167.5,53.7,4,4,53.0
16752,Express,2026-12-14,12,0,KYN,7,401,23,clear,False,0.38,1,1,0,220.5,53.0,4,3,50.8
16752,Express,2026-12-14,12,0,TNA,8,421,23,clear,False,0.33,0,1,0,271.3,50.8,4,2,50.1
16752,Express,2026-12-14,12,0,DR,9,446,23,clear,False,0.12,1,1,0,321.4,50.1,4,1,48.9
16752,Express,2026-12-14,12,0,CSMT,10,455,23,clear,False,0.58,0,1,0,370.3,48.9,0,0,48.5
18565,Express,2026-12-14,12,0,CSMT,0,0,13,clear,False,0.0,1,0,0,0.0,0.0,0,8,0.0
18565,Express,2026-12-14,12,0,DR,1,9,13,clear,False,0.68,0,0,0,0.0,0.0,4,7,0.6
18565,Express,2026-12-14,12,0,TNA,2,34,13,clear,False,0.67,1,0,0,0.6,0.6,4,6,1.8
18565,Express,2026-12-14,12,0,KYN,3,54,13,clear,False,0.52,4,0,0,2.4,1.8,4,5,8.3
18565,Express,2026-12-14,12,0,LNL,4,128,14,clear,False,0.07,3,0,0,10.7,8.3,4,4,13.0
18565,Express,2026-12-14,12,0,PUNE,5,192,15,clear,False,0.27,1,0,0,23.7,13.0,4,3,12.5
18565,Express,2026-12-14,12,0,MRJ,6,471,19,clear,False,0.31,4,0,1,36.2,12.5,4,2,24.4
18565,Express,2026-12-14,12,0,SLI,7,478,19,clear,False,0.23,2,1,0,60.6,24.4,4,1,64.6
18565,Express,2026-12-14,12,0,KOP,8,518,19,clear,False,0.92,1,1,0,125.2,64.6,0,0,71.0
18199,Intercity,2026-12-14,12,0,KOP,0,0,14,clear,False,0.0,1,0,0,0.0,0.0,0,8,0.0
18199,Intercity,2026-12-14,12,0,SLI,1,40,14,clear,False,0.23,2,0,0,0.0,0.0,4,7,2.1
18199,Intercity,2026-12-14,12,0,MRJ,2,47,15,clear,False,0.16,1,0,0,2.1,2.1,4,6,2.9
18199,Intercity,2026-12-14,12,0,PUNE,3,326,18,clear,False,0.49,1,0,0,5.0,2.9,4,5,6.2
18199,Intercity,2026-12-14,12,0,LNL,4,390,19,clear,False,0.43,1,0,0,11.2,6.2,4,4,8.6
18199,Intercity,2026-12-14,12,0,KYN,5,464,20,clear,False,0.66,3,0,1,19.8,8.6,4,3,22.5
18199,Intercity,2026-12-14,12,0,TNA,6,484,20,clear,False,0.26,0,1,0,42.3,22.5,4,2,28.8
18199,Intercity,2026-12-14,12,0,DR,7,509,20,clear,False,0.38,2,1,0,71.1,28.8,4,1,38.6
18199,Intercity,2026-12-14,12,0,CSMT,8,518,20,clear,False,0.9,2,1,0,109.7,38.6,0,0,42.1
16072,Vande Bharat,2026-12-14,12,0,CSMT,0,0,15,clear,False,0.0,1,1,0,0.0,0.0,0,15,0.0
16072,Vande Bharat,2026-12-14,12,0,DR,1,9,15,clear,False,0.23,3,0,2,0.0,0.0,2,14,13.0
16072,Vande Bharat,2026-12-14,12,0,TNA,2,34,15,clear,False,0.62,0,0,0,13.0,13.0,2,13,12.6
16072,Vande Bharat,2026-12-14,12,0,KYN,3,54,15,clear,False,0.25,1,1,0,25.6,12.6,2,12,22.2
16072,Vande Bharat,2026-12-14,12,0,IGP,4,137,16,clear,False,0.31,1,1,0,47.8,22.2,2,11,31.3
16072,Vande Bharat,2026-12-14,12,0,NK,5,188,17,clear,False,0.34,1,1,0,79.1,31.3,2,10,38.3
16072,Vande Bharat,2026-12-14,12,0,MMR,6,261,18,clear,False,0.43,0,1,0,117.4,38.3,2,9,45.0
16072,Vande Bharat,2026-12-14,12,0,CSN,7,328,19,clear,False,0.57,0,1,0,162.4,45.0,2,8,49.2
16072,Vande Bharat,2026-12-14,12,0,JL,8,420,20,clear,False,0.4,2,1,0,211.6,49.2,2,7,53.0
16072,Vande Bharat,2026-12-14,12,0,BSL,9,444,20,clear,False,0.63,2,1,1,264.6,53.0,2,6,59.6
16072,Vande Bharat,2026-12-14,12,0,MKU,10,494,21,clear,False,0.71,3,1,0,324.2,59.6,2,5,70.7
16072,Vande Bharat,2026-12-14,12,0,AK,11,583,22,clear,False,0.25,0,1,0,394.9,70.7,2,4,69.3
16072,Vande Bharat,2026-12-14,12,0,BD,12,662,23,clear,False,0.07,2,1,2,464.2,69.3,2,3,79.5
16072,Vande Bharat,2026-12-14,12,0,WR,13,757,0,clear,False,0.19,2,1,0,543.7,79.5,2,2,82.7
16072,Vande Bharat,2026-12-14,12,0,NGP,14,837,1,clear,False,0.36,2,1,1,626.4,82.7,2,1,84.6
16072,Vande Bharat,2026-12-14,12,0,G,15,967,3,clear,False,0.2,2,1,0,711.0,84.6,0,0,80.5
16070,Superfast,2026-12-14,12,0,G,0,0,22,clear,False,0.0,3,1,1,0.0,0.0,0,15,0.0
16070,Superfast,2026-12-14,12,0,NGP,1,130,0,clear,False,0.41,1,0,0,0.0,0.0,2,14,6.8
16070,Superfast,2026-12-14,12,0,WR,2,210,1,clear,False,0.25,2,0,0,6.8,6.8,2,13,6.2
16070,Superfast,2026-12-14,12,0,BD,3,305,2,clear,False,0.63,0,1,0,13.0,6.2,2,12,19.6
16070,Superfast,2026-12-14,12,0,AK,4,384,3,clear,False,0.42,1,1,0,32.6,19.6,2,11,23.2
16070,Superfast,2026-12-14,12,0,MKU,5,473,4,clear,False,0.23,0,1,0,55.8,23.2,2,10,29.3
16070,Superfast,2026-12-14,12,0,BSL,6,523,4,clear,False,0.22,1,1,0,85.1,29.3,2,9,32.1
16070,Superfast,2026-12-14,12,0,JL,7,547,5,clear,False,0.23,2,1,0,117.2,32.1,2,8,34.5
16070,Superfast,2026-12-14,12,0,CSN,8,639,6,clear,False,0.32,0,1,0,151.7,34.5,2,7,38.7
16070,Superfast,2026-12-14,12,0,MMR,9,706,7,clear,False,0.47,1,1,0,190.4,38.7,2,6,43.2
16070,Superfast,2026-12-14,12,0,NK,10,779,8,clear,False,0.96,2,1,2,233.6,43.2,2,5,56.6
16070,Superfast,2026-12-14,12,0,IGP,11,830,8,clear,False,0.44,2,1,2,290.2,56.6,2,4,65.1
16070,Superfast,2026-12-14,12,0,KYN,12,913,9,clear,False,0.42,1,1,0,355.3,65.1,2,3,69.4
16070,Superfast,2026-12-14,12,0,TNA,13,933,10,clear,False,0.57,1,1,0,424.7,69.4,2,2,71.7
16070,Superfast,2026-12-14,12,0,DR,14,958,10,clear,False,0.27,0,1,0,496.4,71.7,2,1,76.6
16070,Superfast,2026-12-14,12,0,CSMT,15,967,10,clear,False,0.39,1,1,0,573.0,76.6,0,0,79.0
13392,Express,2026-12-14,12,0,CSMT,0,0,7,clear,False,0.0,2,0,0,0.0,0.0,0,9,0.0
13392,Express,2026-12-14,12,0,DR,1,9,7,clear,False,0.17,1,1,0,0.0,0.0,4,8,7.2
13392,Express,2026-12-14,12,0,TNA,2,34,7,clear,False,0.45,0,0,0,7.2,7.2,4,7,10.7
13392,Express,2026-12-14,12,0,KYN,3,54,8,clear,False,0.79,2,0,1,17.9,10.7,4,6,17.5
13392,Express,2026-12-14,12,0,IGP,4,137,9,clear,False,0.87,1,1,0,35.4,17.5,4,5,31.4
13392,Express,2026-12-14,12,0,NK,5,188,9,clear,False,0.36,1,1,0,66.8,31.4,4,4,39.6
13392,Express,2026-12-14,12,0,MMR,6,261,10,clear,False,0.37,0,1,0,106.4,39.6,4,3,46.4
13392,Express,2026-12-14,12,0,AWB,7,375,12,clear,False,0.23,2,1,0,152.8,46.4,4,2,48.9
13392,Express,2026-12-14,12,0,J,8,438,12,clear,False,0.43,3,1,0,201.7,48.9,4,1,56.1
13392,Express,2026-12-14,12,0,NED,9,609,15,clear,False,0.02,1,1,0,257.8,56.1,0,0,56.3
15772,Superfast,2026-12-14,12,0,NED,0,0,12,clear,False,0.0,0,0,0,0.0,0.0,0,9,0.0
15772,Superfast,2026-12-14,12,0,J,1,171,14,clear,False,0.18,0,0,0,0.0,0.0,2,8,2.2
15772,Superfast,2026-12-14,12,0,AWB,2,234,15,clear,False,0.69,0,0,0,2.2,2.2,2,7,3.5
15772,Superfast,2026-12-14,12,0,MMR,3,348,17,clear,False,0.16,1,0,0,5.7,3.5,2,6,10.2
15772,Superfast,2026-12-14,12,0,NK,4,421,17,clear,False,0.85,1,0,0,15.9,10.2,2,5,17.0
15772,Superfast,2026-12-14,12,0,IGP,5,472,18,clear,False,0.96,1,1,0,32.9,17.0,2,4,28.1
15772,Superfast,2026-12-14,12,0,KYN,6,555,19,clear,False,0.31,4,1,0,61.0,28.1,2,3,41.5
15772,Superfast,2026-12-14,12,0,TNA,7,575,19,clear,False,0.58,2,1,1,102.5,41.5,2,2,46.5
15772,Superfast,2026-12-14,12,0,DR,8,600,20,clear,False,0.59,1,1,0,149.0,46.5,2,1,52.5
15772,Superfast,2026-12-14,12,0,CSMT,9,609,20,clear,False,0.2,2,1,0,201.5,52.5,0,0,62.8
16546,Mail,2026-12-14,12,0,CSMT,0,0,19,clear,False,0.0,2,0,1,0.0,0.0,0,5,0.0
16546,Mail,2026-12-14,12,0,DR,1,9,19,clear,False,0.72,2,1,1,0.0,0.0,6,4,16.7
16546,Mail,2026-12-14,12,0,TNA,2,34,20,clear,False,0.13,1,1,0,16.7,16.7,6,3,24.6
16546,Mail,2026-12-14,12,0,PNVL,3,69,20,clear,False,0.39,0,1,0,41.3,24.6,6,2,30.3
16546,Mail,2026-12-14,12,0,RN,4,307,23,clear,False,0.34,0,1,0,71.6,30.3,6,1,33.5
16546,Mail,2026-12-14,12,0,SWV,5,495,1,clear,False,0.4,1,1,0,105.1,33.5,0,0,37.9
18756,Mail,2026-12-14,12,0,SWV,0,0,9,clear,False,0.0,0,0,0,0.0,0.0,0,5,0.0
18756,Mail,2026-12-14,12,0,RN,1,188,11,clear,False,0.39,3,0,0,0.0,0.0,6,4,9.9
18756,Mail,2026-12-14,12,0,PNVL,2,426,14,clear,False,0.22,1,0,0,9.9,9.9,6,3,12.8
18756,Mail,2026-12-14,12,0,TNA,3,461,15,clear,False,0.26,2,0,0,22.7,12.8,6,2,13.5
18756,Mail,2026-12-14,12,0,DR,4,486,15,clear,False,0.18,4,0,0,36.2,13.5,6,1,17.1
18756,Mail,2026-12-14,12,0,CSMT,5,495,15,clear,False,0.07,3,1,1,53.3,17.1,0,0,33.9
12293,Intercity,2026-12-14,12,0,PUNE,0,0,12,clear,False,0.0,0,0,0,0.0,0.0,0,7,6.5
12293,Intercity,2026-12-14,12,0,DD,1,76,13,clear,False,0.18,1,0,0,6.5,6.5,4,6,7.9
12293,Intercity,2026-12-14,12,0,MMR,2,69,13,clear,False,0.63,1,0,0,14.4,7.9,4,5,11.1
12293,Intercity,2026-12-14,12,0,BSL,3,252,15,clear,False,0.4,0,0,0,25.5,11.1,4,4,12.0
12293,Intercity,2026-12-14,12,0,AK,4,391,17,clear,False,1.0,1,0,0,37.5,12.0,4,3,20.9
12293,Intercity,2026-12-14,12,0,BD,5,470,18,clear,False,0.68,3,1,0,58.4,20.9,4,2,42.2
12293,Intercity,2026-12-14,12,0,WR,6,565,19,clear,False,0.46,1,1,0,100.6,42.2,4,1,49.0
12293,Intercity,2026-12-14,12,0,NGP,7,645,20,clear,False,0.18,0,1,0,149.6,49.0,0,0,58.4
16952,Intercity,2026-12-14,12,0,NGP,0,0,14,clear,False,0.0,0,1,0,0.0,0.0,0,7,0.0
16952,Intercity,2026-12-14,12,0,WR,1,80,15,clear,False,0.43,2,0,0,0.0,0.0,4,6,3.0
16952,Intercity,2026-12-14,12,0,BD,2,175,16,clear,False,0.18,0,0,0,3.0,3.0,4,5,6.9
16952,Intercity,2026-12-14,12,0,AK,3,254,17,clear,False,0.41,1,0,0,9.9,6.9,4,4,9.8
16952,Intercity,2026-12-14,12,0,BSL,4,393,19,clear,False,0.5,0,1,0,19.7,9.8,4,3,17.6
16952,Intercity,2026-12-14,12,0,MMR,5,576,21,clear,False,0.34,1,1,0,37.3,17.6,4,2,29.2
16952,Intercity,2026-12-14,12,0,DD,6,569,21,clear,False,0.25,1,1,0,66.5,29.2,4,1,40.3
16952,Intercity,2026-12-14,12,0,PUNE,7,645,22,clear,False,0.34,0,1,0,106.8,40.3,0,0,41.3
21642,Express,2026-12-14,12,0,NGP,0,0,10,clear,False,0.0,0,1,0,0.0,0.0,0,9,0.0
21642,Express,2026-12-14,12,0,WR,1,80,11,clear,False,0.53,3,1,1,0.0,0.0,4,8,13.2
21642,Express,2026-12-14,12,0,BD,2,175,12,clear,False,0.27,2,1,1,13.2,13.2,4,7,23.4
21642,Express,2026-12-14,12,0,AK,3,254,13,clear,False,0.38,2,1,0,36.6,23.4,4,6,31.8
21642,Express,2026-12-14,12,0,BSL,4,393,14,clear,False,0.4,0,1,0,68.4,31.8,4,5,38.2
21642,Express,2026-12-14,12,0,MMR,5,576,17,clear,False,0.48,0,1,0,106.6,38.2,4,4,44.9
21642,Express,2026-12-14,12,0,DD,6,569,17,clear,False,0.41,4,1,3,151.5,44.9,4,3,68.6
21642,Express,2026-12-14,12,0,PUNE,7,645,18,clear,False,0.71,4,1,1,220.1,68.6,4,2,78.5
21642,Express,2026-12-14,12,0,MRJ,8,366,14,clear,False,0.12,1,1,0,298.6,78.5,4,1,77.3
21642,Express,2026-12-14,12,0,KOP,9,319,14,clear,False,0.29,1,1,0,375.9,77.3,0,0,75.2
16922,Superfast,2026-12-14,12,0,KOP,0,0,14,clear,False,0.0,0,1,0,0.0,0.0,0,9,0.0
16922,Superfast,2026-12-14,12,0,MRJ,1,47,14,clear,False,0.29,0,0,0,0.0,0.0,2,8,1.1
16922,Superfast,2026-12-14,12,0,PUNE,2,326,18,clear,False,0.37,1,0,0,1.1,1.1,2,7,5.0
16922,Superfast,2026-12-14,12,0,DD,3,250,17,clear,False,0.28,1,0,0,6.1,5.0,2,6,7.8
16922,Superfast,2026-12-14,12,0,MMR,4,257,17,clear,False,1.0,0,0,0,13.9,7.8,2,5,15.0
16922,Superfast,2026-12-14,12,0,BSL,5,74,15,clear,False,0.58,4,0,0,28.9,15.0,2,4,17.4
16922,Superfast,2026-12-14,12,0,AK,6,65,14,clear,False,0.31,2,1,0,46.3,17.4,2,3,25.0
16922,Superfast,2026-12-14,12,0,BD,7,144,15,clear,False,0.77,4,1,0,71.3,25.0,2,2,39.2
16922,Superfast,2026-12-14,12,0,WR,8,239,17,clear,False,0.26,2,1,2,110.5,39.2,2,1,48.2
16922,Superfast,2026-12-14,12,0,NGP,9,319,18,clear,False,0.68,2,1,0,158.7,48.2,0,0,56.0
13034,Vande Bharat,2026-03-17,3,3,CSMT,0,0,14,clear,False,0.0,0,0,0,0.0,0.0,0,10,0.0
13034,Vande Bharat,2026-03-17,3,3,DR,1,9,14,clear,False,0.11,3,0,0,0.0,0.0,2,9,9.2
13034,Vande Bharat,2026-03-17,3,3,TNA,2,34,14,clear,False,0.11,0,1,0,9.2,9.2,2,8,16.7
13034,Vande Bharat,2026-03-17,3,3,KYN,3,54,15,clear,False,0.45,4,1,1,25.9,16.7,2,7,24.9
13034,Vande Bharat,2026-03-17,3,3,KJT,4,100,15,clear,False,0.34,1,1,0,50.8,24.9,2,6,28.1
13034,Vande Bharat,2026-03-17,3,3,LNL,5,128,15,clear,False,0.46,1,1,0,78.9,28.1,2,5,32.7
13034,Vande Bharat,2026-03-17,3,3,SVJR,6,190,16,clear,False,0.3,1,1,0,111.6,32.7,2,4,34.6
13034,Vande Bharat,2026-03-17,3,3,PUNE,7,192,16,clear,False,0.47,1,1,0,146.2,34.6,2,3,37.9
13034,Vande Bharat,2026-03-17,3,3,DD,8,268,17,clear,False,0.38,1,1,0,184.1,37.9,2,2,46.0
13034,Vande Bharat,2026-03-17,3,3,KWV,9,377,19,clear,False,0.2,0,1,0,230.1,46.0,2,1,52.6
13034,Vande Bharat,2026-03-17,3,3,SUR,10,455,20,clear,False,1.0,0,1,0,282.7,52.6,0,0,58.5
15336,Mail,2026-03-17,3,3,SUR,0,0,16,clear,False,0.0,1,0,0,0.0,0.0,0,10,0.0
15336,Mail,2026-03-17,3,3,KWV,1,78,17,clear,False,0.57,1,0,0,0.0,0.0,6,9,2.8
15336,Mail,2026-03-17,3,3,DD,2,187,19,clear,False,0.91,4,0,1,2.8,2.8,6,8,16.9
15336,Mail,2026-03-17,3,3,PUNE,3,263,20,clear,False,0.2,2,1,0,19.7,16.9,6,7,28.5
15336,Mail,2026-03-17,3,3,SVJR,4,265,20,clear,False,0.15,0,1,0,48.2,28.5,6,6,33.7
15336,Mail,2026-03-17,3,3,LNL,5,327,20,clear,False,0.88,1,1,0,81.9,33.7,6,5,46.9
15336,Mail,2026-03-17,3,3,KJT,6,355,21,clear,False,0.33,1,1,0,128.8,46.9,6,4,48.7
15336,Mail,2026-03-17,3,3,KYN,7,401,21,clear,False,0.21,2,1,2,177.5,48.7,6,3,61.5
15336,Mail,2026-03-17,3,3,TNA,8,421,21,clear,False,0.37,4,1,0,239.0,61.5,6,2,67.2
15336,Mail,2026-03-17,3,3,DR,9,446,22,clear,False,0.51,1,1,0,306.2,67.2,6,1,64.7
15336,Mail,2026-03-17,3,3,CSMT,10,455,22,clear,False,0.18,1,1,0,370.9,64.7,0,0,62.9
13308,Superfast,2026-03-17,3,3,CSMT,0,0,6,clear,False,0.0,1,0,0,0.0,0.0,0,8,0.0
13308,Superfast,2026-03-17,3,3,DR,1,9,6,clear,False,0.36,3,1,0,0.0,0.0,2,7,12.1
13308,Superfast,2026-03-17,3,3,TNA,2,34,7,clear,False,0.32,1,0,0,12.1,12.1,2,6,13.7
13308,Superfast,2026-03-17,3,3,KYN,3,54,7,clear,False,0.32,2,0,0,25.8,13.7,2,5,15.4
13308,Superfast,2026-03-17,3,3,LNL,4,128,8,clear,False,0.61,1,1,0,41.2,15.4,2,4,27.9
13308,Superfast,2026-03-17,3,3,PUNE,5,192,9,clear,False,0.5,0,1,0,69.1,27.9,2,3,44.3
13308,Superfast,2026-03-17,3,3,MRJ,6,471,12,clear,False,0.57,1,1,0,113.4,44.3,2,2,51.5
13308,Superfast,2026-03-17,3,3,SLI,7,478,12,clear,False,0.33,0,1,0,164.9,51.5,2,1,52.1
13308,Superfast,2026-03-17,3,3,KOP,8,518,13,clear,False,0.34,0,1,0,217.0,52.1,0,0,52.6
15681,Intercity,2026-03-17,3,3,KOP,0,0,14,clear,False,0.0,1,0,0,0.0,0.0,0,8,0.0
15681,Intercity,2026-03-17,3,3,SLI,1,40,15,clear,False,0.63,2,0,0,0.0,0.0,4,7,1.8
15681,Intercity,2026-03-17,3,3,MRJ,2,47,15,clear,False,0.44,1,1,0,1.8,1.8,4,6,8.9
15681,Intercity,2026-03-17,3,3,PUNE,3,326,18,clear,False,0.14,1,1,0,10.7,8.9,4,5,20.0
15681,Intercity,2026-03-17,3,3,LNL,4,390,19,clear,False,0.48,1,1,0,30.7,20.0,4,4,24.3
15681,Intercity,2026-03-17,3,3,KYN,5,464,20,clear,False,0.48,1,1,0,55.0,24.3,4,3,27.4
15681,Intercity,2026-03-17,3,3,TNA,6,484,20,clear,False,0.67,2,1,3,82.4,27.4,4,2,45.1
15681,Intercity,2026-03-17,3,3,DR,7,509,21,clear,False,0.7,1,1,0,127.5,45.1,4,1,51.9
15681,Intercity,2026-03-17,3,3,CSMT,8,518,21,clear,False,0.55,1,1,0,179.4,51.9,0,0,58.2
14261,Superfast,2026-03-17,3,3,CSMT,0,0,15,clear,False,0.0,0,1,0,0.0,0.0,0,15,0.0
14261,Superfast,2026-03-17,3,3,DR,1,9,15,clear,False,0.43,2,0,0,0.0,0.0,2,14,2.2
14261,Superfast,2026-03-17,3,3,TNA,2,34,16,clear,False,0.26,3,1,2,2.2,2.2,2,13,16.1
14261,Superfast,2026-03-17,3,3,KYN,3,54,16,clear,False,0.4,1,1,0,18.3,16.1,2,12,23.1
14261,Superfast,2026-03-17,3,3,IGP,4,137,17,clear,False,0.22,1,1,0,41.4,23.1,2,11,30.5
14261,Superfast,2026-03-17,3,3,NK,5,188,18,clear,False,0.31,1,1,0,71.9,30.5,2,10,39.6
14261,Superfast,2026-03-17,3,3,MMR,6,261,19,clear,False,0.52,1,1,0,111.5,39.6,2,9,45.7
14261,Superfast,2026-03-17,3,3,CSN,7,328,19,clear,False,0.13,1,1,0,157.2,45.7,2,8,52.4
14261,Superfast,2026-03-17,3,3,JL,8,420,21,clear,False,0.9,0,1,0,209.6,52.4,2,7,59.6
14261,Superfast,2026-03-17,3,3,BSL,9,444,21,clear,False,0.38,0,1,0,269.2,59.6,2,6,64.5
14261,Superfast,2026-03-17,3,3,MKU,10,494,22,clear,False,0.32,1,1,0,333.7,64.5,2,5,65.1
14261,Superfast,2026-03-17,3,3,AK,11,583,23,clear,False,0.26,3,1,0,398.8,65.1,2,4,65.6
14261,Superfast,2026-03-17,3,3,BD,12,662,0,clear,False,0.08,1,1,0,464.4,65.6,2,3,68.9
14261,Superfast,2026-03-17,3,3,WR,13,757,1,clear,False,0.21,4,1,0,533.3,68.9,2,2,72.3
14261,Superfast,2026-03-17,3,3,NGP,14,837,2,clear,False,0.51,0,1,0,605.6,72.3,2,1,67.7
14261,Superfast,2026-03-17,3,3,G,15,967,3,clear,False,0.61,1,1,0,673.3,67.7,0,0,67.6
13421,Intercity,2026-03-17,3,3,G,0,0,19,clear,False,0.0,1,0,0,0.0,0.0,0,15,0.0
13421,Intercity,2026-03-17,3,3,NGP,1,130,21,clear,False,0.52,1,0,0,0.0,0.0,4,14,6.1
13421,Intercity,2026-03-17,3,3,WR,2,210,22,clear,False,0.19,1,1,0,6.1,6.1,4,13,10.7
13421,Intercity,2026-03-17,3,3,BD,3,305,23,clear,False,0.75,1,0,0,16.8,10.7,4,12,17.3
13421,Intercity,2026-03-17,3,3,AK,4,384,0,clear,False,0.62,1,1,0,34.1,17.3,4,11,24.7
13421,Intercity,2026-03-17,3,3,MKU,5,473,1,clear,False,0.59,2,1,0,58.8,24.7,4,10,33.8
13421,Intercity,2026-03-17,3,3,BSL,6,523,2,clear,False,0.4,1,1,0,92.6,33.8,4,9,36.3
13421,Intercity,2026-03-17,3,3,JL,7,547,2,clear,False,0.57,1,1,0,128.9,36.3,4,8,39.1
13421,Intercity,2026-03-17,3,3,CSN,8,639,3,clear,False,0.31,4,1,0,168.0,39.1,4,7,46.6
13421,Intercity,2026-03-17,3,3,MMR,9,706,4,clear,False,0.34,1,1,0,214.6,46.6,4,6,46.7
13421,Intercity,2026-03-17,3,3,NK,10,779,5,clear,False,0.13,3,1,1,261.3,46.7,4,5,57.9
13421,Intercity,2026-03-17,3,3,IGP,11,830,6,clear,False,0.06,1,1,0,319.2,57.9,4,4,55.5
13421,Intercity,2026-03-17,3,3,KYN,12,913,7,clear,False,0.43,4,1,0,374.7,55.5,4,3,64.5
13421,Intercity,2026-03-17,3,3,TNA,13,933,7,clear,False,0.32,3,1,1,439.2,64.5,4,2,73.3
13421,Intercity,2026-03-17,3,3,DR,14,958,7,clear,False,0.06,2,1,0,512.5,73.3,4,1,70.0
13421,Intercity,2026-03-17,3,3,CSMT,15,967,7,clear,False,0.35,1,1,0,582.5,70.0,0,0,71.1
15715,Express,2026-03-17,3,3,CSMT,0,0,7,clear,False,0.0,1,0,0,0.0,0.0,0,9,0.0
15715,Express,2026-03-17,3,3,DR,1,9,7,clear,False,0.7,4,0,0,0.0,0.0,4,8,5.0
15715,Express,2026-03-17,3,3,TNA,2,34,7,clear,False,0.54,1,0,0,5.0,5.0,4,7,6.2
15715,Express,2026-03-17,3,3,KYN,3,54,7,clear,False,0.48,1,0,0,11.2,6.2,4,6,7.8
15715,Express,2026-03-17,3,3,IGP,4,137,8,clear,False,0.48,1,0,0,19.0,7.8,4,5,12.3
15715,Express,2026-03-17,3,3,NK,5,188,9,clear,False,1.0,0,0,0,31.3,12.3,4,4,22.4
15715,Express,2026-03-17,3,3,MMR,6,261,10,clear,False,0.98,3,1,0,53.7,22.4,4,3,40.4
15715,Express,2026-03-17,3,3,AWB,7,375,11,clear,False,0.24,1,1,0,94.1,40.4,4,2,44.8
15715,Express,2026-03-17,3,3,J,8,438,12,clear,False,0.61,0,1,0,138.9,44.8,4,1,47.3
15715,Express,2026-03-17,3,3,NED,9,609,14,clear,False,0.57,1,1,0,186.2,47.3,0,0,46.1
12641,Vande Bharat,2026-03-17,3,3,NED,0,0,12,clear,False,0.0,0,0,0,0.0,0.0,0,9,7.7
12641,Vande Bharat,2026-03-17,3,3,J,1,171,14,clear,False,0.32,1,0,0,7.7,7.7,2,8,10.9
12641,Vande Bharat,2026-03-17,3,3,AWB,2,234,15,clear,False,0.26,1,0,0,18.6,10.9,2,7,10.7
12641,Vande Bharat,2026-03-17,3,3,MMR,3,348,16,clear,False,0.27,3,0,0,29.3,10.7,2,6,14.9
12641,Vande Bharat,2026-03-17,3,3,NK,4,421,17,clear,False,0.44,4,0,1,44.2,14.9,2,5,26.2
12641,Vande Bharat,2026-03-17,3,3,IGP,5,472,18,clear,False,0.75,3,1,0,70.4,26.2,2,4,44.5
12641,Vande Bharat,2026-03-17,3,3,KYN,6,555,19,clear,False,0.54,1,1,0,114.9,44.5,2,3,51.3
12641,Vande Bharat,2026-03-17,3,3,TNA,7,575,19,clear,False,0.59,3,1,0,166.2,51.3,2,2,58.9
12641,Vande Bharat,2026-03-17,3,3,DR,8,600,19,clear,False,0.36,3,1,2,225.1,58.9,2,1,69.8
12641,Vande Bharat,2026-03-17,3,3,CSMT,9,609,20,clear,False,0.47,4,1,0,294.9,69.8,0,0,71.8
11613,Express,2026-03-17,3,3,CSMT,0,0,5,clear,False,0.0,0,0,0,0.0,0.0,0,5,0.0
11613,Express,2026-03-17,3,3,DR,1,9,5,clear,False,0.26,4,0,0,0.0,0.0,4,4,5.6
11613,Express,2026-03-17,3,3,TNA,2,34,5,clear,False,0.11,3,0,0,5.6,5.6,4,3,9.4
11613,Express,2026-03-17,3,3,PNVL,3,69,6,clear,False,0.38,0,1,0,15.0,9.4,4,2,17.3
11613,Express,2026-03-17,3,3,RN,4,307,9,clear,False,0.48,0,1,0,32.3,17.3,4,1,31.3
11613,Express,2026-03-17,3,3,SWV,5,495,11,clear,False,0.48,1,1,0,63.6,31.3,0,0,37.4
15833,Express,2026-03-17,3,3,SWV,0,0,15,clear,False,0.0,0,0,0,0.0,0.0,0,5,0.0
15833,Express,2026-03-17,3,3,RN,1,188,17,clear,False,0.22,2,0,0,0.0,0.0,4,4,9.7
15833,Express,2026-03-17,3,3,PNVL,2,426,20,clear,False,0.82,2,1,0,9.7,9.7,4,3,23.0
15833,Express,2026-03-17,3,3,TNA,3,461,20,clear,False,0.39,1,1,0,32.7,23.0,4,2,35.8
15833,Express,2026-03-17,3,3,DR,4,486,21,clear,False,0.49,1,1,0,68.5,35.8,4,1,42.8
15833,Express,2026-03-17,3,3,CSMT,5,495,21,clear,False,0.73,2,1,0,111.3,42.8,0,0,53.3
11187,Mail,2026-03-17,3,3,PUNE,0,0,9,clear,False,0.0,0,0,0,0.0,0.0,0,7,0.0
11187,Mail,2026-03-17,3,3,DD,1,76,10,clear,False,0.59,0,0,0,0.0,0.0,6,6,4.5
11187,Mail,2026-03-17,3,3,MMR,2,69,10,clear,False,0.84,3,0,1,4.5,4.5,6,5,21.1
11187,Mail,2026-03-17,3,3,BSL,3,252,12,clear,False,0.45,2,1,2,25.6,21.1,6,4,26.6
11187,Mail,2026-03-17,3,3,AK,4,391,14,clear,False,0.45,1,1,0,52.2,26.6,6,3,27.6
11187,Mail,2026-03-17,3,3,BD,5,470,15,clear,False,0.23,4,1,0,79.8,27.6,6,2,37.7
11187,Mail,2026-03-17,3,3,WR,6,565,16,clear,False,0.45,4,1,1,117.5,37.7,6,1,47.8
11187,Mail,2026-03-17,3,3,NGP,7,645,17,clear,False,0.38,3,1,1,165.3,47.8,0,0,58.8
15054,Superfast,2026-03-17,3,3,NGP,0,0,17,clear,False,0.0,2,0,0,0.0,0.0,0,7,0.0
15054,Superfast,2026-03-17,3,3,WR,1,80,18,clear,False,0.39,3,1,1,0.0,0.0,2,6,18.3
15054,Superfast,2026-03-17,3,3,BD,2,175,19,clear,False,0.66,3,1,0,18.3,18.3,2,5,36.0
15054,Superfast,2026-03-17,3,3,AK,3,254,20,clear,False,0.9,0,1,0,54.3,36.0,2,4,46.5
15054,Superfast,2026-03-17,3,3,BSL,4,393,22,clear,False,0.38,1,1,0,100.8,46.5,2,3,52.6
15054,Superfast,2026-03-17,3,3,MMR,5,576,0,clear,False,0.18,2,1,2,153.4,52.6,2,2,58.4
15054,Superfast,2026-03-17,3,3,DD,6,569,0,clear,False,0.3,1,1,0,211.8,58.4,2,1,59.4
15054,Superfast,2026-03-17,3,3,PUNE,7,645,1,clear,False,0.47,0,1,0,271.2,59.4,0,0,62.5
11945,Mail,2026-03-17,3,3,NGP,0,0,15,clear,False,0.0,1,1,0,0.0,0.0,0,9,0.0
11945,Mail,2026-03-17,3,3,WR,1,80,16,clear,False,0.75,0,1,0,0.0,0.0,6,8,17.1
11945,Mail,2026-03-17,3,3,BD,2,175,17,clear,False,0.23,0,1,0,17.1,17.1,6,7,24.1
11945,Mail,2026-03-17,3,3,AK,3,254,18,clear,False,0.31,2,1,0,41.2,24.1,6,6,32.8
11945,Mail,2026-03-17,3,3,BSL,4,393,19,clear,False,0.36,3,1,0,74.0,32.8,6,5,45.1
11945,Mail,2026-03-17,3,3,MMR,5,576,22,clear,False,0.4,1,1,0,119.1,45.1,6,4,49.1
11945,Mail,2026-03-17,3,3,DD,6,569,22,clear,False,0.26,0,1,0,168.2,49.1,6,3,49.0
11945,Mail,2026-03-17,3,3,PUNE,7,645,23,clear,False,0.72,2,1,0,217.2,49.0,6,2,54.9
11945,Mail,2026-03-17,3,3,MRJ,8,366,19,clear,False,0.56,3,1,2,272.1,54.9,6,1,69.6
11945,Mail,2026-03-17,3,3,KOP,9,319,19,clear,False,0.78,1,1,0,341.7,69.6,0,0,75.7
13178,Mail,2026-03-17,3,3,KOP,0,0,16,clear,False,0.0,0,0,0,0.0,0.0,0,9,0.0
13178,Mail,2026-03-17,3,3,MRJ,1,47,17,clear,False,0.49,2,0,0,0.0,0.0,6,8,4.0
13178,Mail,2026-03-17,3,3,PUNE,2,326,20,clear,False,0.72,0,0,0,4.0,4.0,6,7,14.6
13178,Mail,2026-03-17,3,3,DD,3,250,19,clear,False,0.36,2,0,0,18.6,14.6,6,6,17.4
13178,Mail,2026-03-17,3,3,MMR,4,257,19,clear,False,0.69,2,1,0,36.0,17.4,6,5,23.9
13178,Mail,2026-03-17,3,3,BSL,5,74,17,clear,False,0.1,1,1,0,59.9,23.9,6,4,27.9
13178,Mail,2026-03-17,3,3,AK,6,65,17,clear,False,0.5,2,1,1,87.8,27.9,6,3,39.6
13178,Mail,2026-03-17,3,3,BD,7,144,18,clear,False,0.55,1,1,0,127.4,39.6,6,2,46.1
13178,Mail,2026-03-17,3,3,WR,8,239,19,clear,False,0.32,3,1,0,173.5,46.1,6,1,57.2
13178,Mail,2026-03-17,3,3,NGP,9,319,20,clear,False,0.49,0,1,0,230.7,57.2,0,0,57.6
15009,Vande Bharat,2026-10-23,10,5,CSMT,0,0,18,clear,False,0.0,0,1,0,0.0,0.0,0,10,0.0
15009,Vande Bharat,2026-10-23,10,5,DR,1,9,18,clear,False,0.63,0,0,0,0.0,0.0,2,9,3.5
15009,Vande Bharat,2026-10-23,10,5,TNA,2,34,18,clear,False,0.82,1,0,0,3.5,3.5,2,8,9.6
15009,Vande Bharat,2026-10-23,10,5,KYN,3,54,19,clear,False,0.51,2,0,0,13.1,9.6,2,7,13.1
15009,Vande Bharat,2026-10-23,10,5,KJT,4,100,19,clear,False,0.49,2,0,0,26.2,13.1,2,6,18.2
15009,Vande Bharat,2026-10-23,10,5,LNL,5,128,19,clear,False,0.32,0,1,0,44.4,18.2,2,5,26.2
15009,Vande Bharat,2026-10-23,10,5,SVJR,6,190,20,clear,False,0.35,0,1,0,70.6,26.2,2,4,36.1
15009,Vande Bharat,2026-10-23,10,5,PUNE,7,192,20,clear,False,0.38,0,1,0,106.7,36.1,2,3,42.8
15009,Vande Bharat,2026-10-23,10,5,DD,8,268,21,clear,False,0.55,3,1,1,149.5,42.8,2,2,57.3
15009,Vande Bharat,2026-10-23,10,5,KWV,9,377,23,clear,False,0.21,1,1,0,206.8,57.3,2,1,56.9
15009,Vande Bharat,2026-10-23,10,5,SUR,10,455,0,clear,False,0.43,4,1,1,263.7,56.9,0,0,63.9
16222,Mail,2026-10-23,10,5,SUR,0,0,17,clear,False,0.0,1,1,0,0.0,0.0,0,10,0.0
16222,Mail,2026-10-23,10,5,KWV,1,78,18,clear,False,0.09,0,0,0,0.0,0.0,6,9,6.5
16222,Mail,2026-10-23,10,5,DD,2,187,19,clear,False,0.21,3,1,0,6.5,6.5,6,8,28.0
16222,Mail,2026-10-23,10,5,PUNE,3,263,20,clear,False,0.6,0,1,0,34.5,28.0,6,7,38.2
16222,Mail,2026-10-23,10,5,SVJR,4,265,20,clear,False,0.35,1,1,0,72.7,38.2,6,6,44.4
16222,Mail,2026-10-23,10,5,LNL,5,327,21,clear,False,0.42,1,1,0,117.1,44.4,6,5,53.8
16222,Mail,2026-10-23,10,5,KJT,6,355,21,clear,False,0.49,1,1,0,170.9,53.8,6,4,54.8
16222,Mail,2026-10-23,10,5,KYN,7,401,22,clear,False,0.38,1,1,0,225.7,54.8,6,3,58.8
16222,Mail,2026-10-23,10,5,TNA,8,421,22,clear,False,0.33,1,1,0,284.5,58.8,6,2,60.9
16222,Mail,2026-10-23,10,5,DR,9,446,23,clear,False,0.32,0,1,0,345.4,60.9,6,1,60.6
16222,Mail,2026-10-23,10,5,CSMT,10,455,23,clear,False,0.18,1,1,0,406.0,60.6,0,0,58.4
14082,Vande Bharat,2026-10-23,10,5,CSMT,0,0,19,clear,False,0.0,2,1,0,0.0,0.0,0,8,0.0
14082,Vande Bharat,2026-10-23,10,5,DR,1,9,19,clear,False,0.14,1,0,0,0.0,0.0,2,7,5.4
14082,Vande Bharat,2026-10-23,10,5,TNA,2,34,19,clear,False,0.24,0,1,0,5.4,5.4,2,6,15.7
14082,Vande Bharat,2026-10-23,10,5,KYN,3,54,20,clear,False,0.33,2,1,1,21.1,15.7,2,5,29.0
14082,Vande Bharat,2026-10-23,10,5,LNL,4,128,21,clear,False,0.28,3,1,1,50.1,29.0,2,4,41.8
14082,Vande Bharat,2026-10-23,10,5,PUNE,5,192,21,clear,False,0.67,1,1,0,91.9,41.8,2,3,45.3
14082,Vande Bharat,2026-10-23,10,5,MRJ,6,471,1,clear,False,0.61,1,1,0,137.2,45.3,2,2,44.9
14082,Vande Bharat,2026-10-23,10,5,SLI,7,478,1,clear,False,0.63,1,1,0,182.1,44.9,2,1,46.6
14082,Vande Bharat,2026-10-23,10,5,KOP,8,518,1,clear,False,0.45,1,1,0,228.7,46.6,0,0,46.9
18635,Intercity,2026-10-23,10,5,KOP,0,0,6,clear,False,0.0,1,0,0,0.0,0.0,0,8,0.0
18635,Intercity,2026-10-23,10,5,SLI,1,40,7,clear,False,0.25,1,0,0,0.0,0.0,4,7,0.8
18635,Intercity,2026-10-23,10,5,MRJ,2,47,7,clear,False,0.19,1,0,0,0.8,0.8,4,6,1.2
18635,Intercity,2026-10-23,10,5,PUNE,3,326,10,clear,False,0.73,0,0,0,2.0,1.2,4,5,9.9
18635,Intercity,2026-10-23,10,5,LNL,4,390,11,clear,False,0.54,3,0,0,11.9,9.9,4,4,16.0
18635,Intercity,2026-10-23,10,5,KYN,5,464,12,clear,False,0.56,0,1,0,27.9,16.0,4,3,22.2
18635,Intercity,2026-10-23,10,5,TNA,6,484,12,clear,False,0.3,1,1,0,50.1,22.2,4,2,29.1
18635,Intercity,2026-10-23,10,5,DR,7,509,13,clear,False,0.26,1,1,0,79.2,29.1,4,1,36.5
18635,Intercity,2026-10-23,10,5,CSMT,8,518,13,clear,False,0.65,2,1,1,115.7,36.5,0,0,41.0
18550,Intercity,2026-10-23,10,5,CSMT,0,0,8,clear,False,0.0,0,0,0,0.0,0.0,0,15,0.0
18550,Intercity,2026-10-23,10,5,DR,1,9,8,clear,False,0.63,3,0,1,0.0,0.0,4,14,13.1
18550,Intercity,2026-10-23,10,5,TNA,2,34,8,clear,False,0.85,0,1,0,13.1,13.1,4,13,23.1
18550,Intercity,2026-10-23,10,5,KYN,3,54,8,clear,False,0.18,2,1,1,36.2,23.1,4,12,39.2
18550,Intercity,2026-10-23,10,5,IGP,4,137,9,clear,False,0.34,2,1,1,75.4,39.2,4,11,52.7
18550,Intercity,2026-10-23,10,5,NK,5,188,10,clear,False,0.19,0,1,0,128.1,52.7,4,10,58.2
18550,Intercity,2026-10-23,10,5,MMR,6,261,11,clear,False,0.78,0,1,0,186.3,58.2,4,9,68.0
18550,Intercity,2026-10-23,10,5,CSN,7,328,12,clear,False,0.24,1,1,0,254.3,68.0,4,8,67.4
18550,Intercity,2026-10-23,10,5,JL,8,420,13,clear,False,0.44,2,1,0,321.7,67.4,4,7,68.5
18550,Intercity,2026-10-23,10,5,BSL,9,444,13,clear,False,0.28,1,1,0,390.2,68.5,4,6,65.9
18550,Intercity,2026-10-23,10,5,MKU,10,494,14,clear,False,0.26,1,1,0,456.1,65.9,4,5,65.8
18550,Intercity,2026-10-23,10,5,AK,11,583,15,clear,False,0.29,1,1,0,521.9,65.8,4,4,69.2
18550,Intercity,2026-10-23,10,5,BD,12,662,16,clear,False,0.36,4,1,1,591.1,69.2,4,3,77.0
18550,Intercity,2026-10-23,10,5,WR,13,757,17,clear,False,0.53,2,1,2,668.1,77.0,4,2,91.2
18550,Intercity,2026-10-23,10,5,NGP,14,837,18,clear,False,0.61,0,1,0,759.3,91.2,4,1,91.9
18550,Intercity,2026-10-23,10,5,G,15,967,20,clear,False,0.41,0,1,0,851.2,91.9,0,0,91.2
15135,Mail,2026-10-23,10,5,G,0,0,19,clear,False,0.0,1,0,0,0.0,0.0,0,15,0.0
15135,Mail,2026-10-23,10,5,NGP,1,130,21,clear,False,0.51,1,0,0,0.0,0.0,6,14,4.3
15135,Mail,2026-10-23,10,5,WR,2,210,22,clear,False,0.4,0,0,0,4.3,4.3,6,13,9.1
15135,Mail,2026-10-23,10,5,BD,3,305,23,clear,False,0.35,2,0,2,13.4,9.1,6,12,15.8
15135,Mail,2026-10-23,10,5,AK,4,384,0,clear,False,0.17,2,1,0,29.2,15.8,6,11,23.3
15135,Mail,2026-10-23,10,5,MKU,5,473,1,clear,False,0.18,1,1,0,52.5,23.3,6,10,28.2
15135,Mail,2026-10-23,10,5,BSL,6,523,2,clear,False,0.38,0,1,0,80.7,28.2,6,9,32.3
15135,Mail,2026-10-23,10,5,JL,7,547,2,clear,False,0.23,1,1,0,113.0,32.3,6,8,39.6
15135,Mail,2026-10-23,10,5,CSN,8,639,3,clear,False,0.71,2,1,2,152.6,39.6,6,7,48.5
15135,Mail,2026-10-23,10,5,MMR,9,706,4,clear,False,0.3,0,1,0,201.1,48.5,6,6,50.0
15135,Mail,2026-10-23,10,5,NK,10,779,5,clear,False,0.41,0,1,0,251.1,50.0,6,5,50.9
15135,Mail,2026-10-23,10,5,IGP,11,830,6,clear,False,0.52,3,1,0,302.0,50.9,6,4,54.3
15135,Mail,2026-10-23,10,5,KYN,12,913,7,clear,False,0.22,0,1,0,356.3,54.3,6,3,60.7
15135,Mail,2026-10-23,10,5,TNA,13,933,7,clear,False,0.22,3,1,0,417.0,60.7,6,2,65.3
15135,Mail,2026-10-23,10,5,DR,14,958,7,clear,False,0.11,0,1,0,482.3,65.3,6,1,63.8
15135,Mail,2026-10-23,10,5,CSMT,15,967,7,clear,False,0.63,1,1,0,546.1,63.8,0,0,60.7
13362,Mail,2026-10-23,10,5,CSMT,0,0,18,clear,False,0.0,1,1,0,0.0,0.0,0,9,6.9
13362,Mail,2026-10-23,10,5,DR,1,9,18,clear,False,0.27,0,0,0,6.9,6.9,6,8,13.0
13362,Mail,2026-10-23,10,5,TNA,2,34,18,clear,False,0.47,1,0,0,19.9,13.0,6,7,17.1
13362,Mail,2026-10-23,10,5,KYN,3,54,19,clear,False,1.0,1,1,0,37.0,17.1,6,6,35.4
13362,Mail,2026-10-23,10,5,IGP,4,137,20,clear,False,0.72,0,1,0,72.4,35.4,6,5,52.1
13362,Mail,2026-10-23,10,5,NK,5,188,20,clear,False,0.39,2,1,3,124.5,52.1,6,4,63.5
13362,Mail,2026-10-23,10,5,MMR,6,261,21,clear,False,0.41,0,1,0,188.0,63.5,6,3,62.2
13362,Mail,2026-10-23,10,5,AWB,7,375,23,clear,False,0.38,2,1,1,250.2,62.2,6,2,67.2
13362,Mail,2026-10-23,10,5,J,8,438,0,clear,False,0.5,4,1,1,317.4,67.2,6,1,78.3
13362,Mail,2026-10-23,10,5,NED,9,609,2,clear,False,0.51,0,1,0,395.7,78.3,0,0,75.8
19038,Intercity,2026-10-23,10,5,NED,0,0,9,clear,False,0.0,1,1,0,0.0,0.0,0,9,0.0
19038,Intercity,2026-10-23,10,5,J,1,171,11,clear,False,0.3,1,0,0,0.0,0.0,4,8,1.2
19038,Intercity,2026-10-23,10,5,AWB,2,234,12,clear,False,0.46,1,0,0,1.2,1.2,4,7,3.4
19038,Intercity,2026-10-23,10,5,MMR,3,348,13,clear,False,0.19,0,0,0,4.6,3.4,4,6,3.8
19038,Intercity,2026-10-23,10,5,NK,4,421,14,clear,False,0.42,1,0,0,8.4,3.8,4,5,3.5
19038,Intercity,2026-10-23,10,5,IGP,5,472,15,clear,False,0.39,0,0,0,11.9,3.5,4,4,6.5
19038,Intercity,2026-10-23,10,5,KYN,6,555,16,clear,False,0.15,1,1,0,18.4,6.5,4,3,10.0
19038,Intercity,2026-10-23,10,5,TNA,7,575,16,clear,False,0.22,3,0,1,28.4,10.0,4,2,17.8
19038,Intercity,2026-10-23,10,5,DR,8,600,16,clear,False,0.23,0,1,0,46.2,17.8,4,1,20.6
19038,Intercity,2026-10-23,10,5,CSMT,9,609,16,clear,False,0.31,1,1,0,66.8,20.6,0,0,23.1
17685,Mail,2026-10-23,10,5,CSMT,0,0,6,clear,False,0.0,1,0,0,0.0,0.0,0,5,0.0
17685,Mail,2026-10-23,10,5,DR,1,9,6,clear,False,0.24,3,1,0,0.0,0.0,6,4,17.3
17685,Mail,2026-10-23,10,5,TNA,2,34,7,clear,False,0.15,2,1,0,17.3,17.3,6,3,22.8
17685,Mail,2026-10-23,10,5,PNVL,3,69,7,clear,False,0.51,4,1,0,40.1,22.8,6,2,31.8
17685,Mail,2026-10-23,10,5,RN,4,307,10,clear,False,0.8,2,1,0,71.9,31.8,6,1,42.6
17685,Mail,2026-10-23,10,5,SWV,5,495,13,clear,False,0.52,1,1,0,114.5,42.6,0,0,50.7
18121,Superfast,2026-10-23,10,5,SWV,0,0,9,clear,False,0.0,2,0,2,0.0,0.0,0,5,0.0
18121,Superfast,2026-10-23,10,5,RN,1,188,12,clear,False,0.49,1,0,0,0.0,0.0,2,4,3.4
18121,Superfast,2026-10-23,10,5,PNVL,2,426,15,clear,False,0.55,1,1,0,3.4,3.4,2,3,17.0
18121,Superfast,2026-10-23,10,5,TNA,3,461,15,clear,False,0.76,0,1,0,20.4,17.0,2,2,25.6
18121,Superfast,2026-10-23,10,5,DR,4,486,16,clear,False,0.44,2,1,2,46.0,25.6,2,1,35.3
18121,Superfast,2026-10-23,10,5,CSMT,5,495,16,clear,False,0.44,1,1,0,81.3,35.3,0,0,45.1
13230,Mail,2026-10-23,10,5,PUNE,0,0,10,clear,False,0.0,2,0,0,0.0,0.0,0,7,0.0
13230,Mail,2026-10-23,10,5,DD,1,76,11,clear,False,0.47,1,0,0,0.0,0.0,6,6,4.9
13230,Mail,2026-10-23,10,5,MMR,2,69,11,clear,False,0.23,1,0,0,4.9,4.9,6,5,10.9
13230,Mail,2026-10-23,10,5,BSL,3,252,13,clear,False,0.44,2,0,0,15.8,10.9,6,4,10.1
13230,Mail,2026-10-23,10,5,AK,4,391,15,clear,False,0.51,2,0,2,25.9,10.1,6,3,16.2
13230,Mail,2026-10-23,10,5,BD,5,470,16,clear,False,0.65,0,1,0,42.1,16.2,6,2,22.1
13230,Mail,2026-10-23,10,5,WR,6,565,17,clear,False,0.74,0,1,0,64.2,22.1,6,1,33.1
13230,Mail,2026-10-23,10,5,NGP,7,645,18,clear,False,0.74,0,1,0,97.3,33.1,0,0,40.3
18183,Superfast,2026-10-23,10,5,NGP,0,0,19,clear,False,0.0,0,0,0,0.0,0.0,0,7,0.0
18183,Superfast,2026-10-23,10,5,WR,1,80,20,clear,False,0.43,2,1,0,0.0,0.0,2,6,10.9
18183,Superfast,2026-10-23,10,5,BD,2,175,21,clear,False,0.51,1,1,0,10.9,10.9,2,5,22.2
18183,Superfast,2026-10-23,10,5,AK,3,254,22,clear,False,0.82,1,1,0,33.1,22.2,2,4,33.3
18183,Superfast,2026-10-23,10,5,BSL,4,393,0,clear,False,0.41,1,1,0,66.4,33.3,2,3,37.7
18183,Superfast,2026-10-23,10,5,MMR,5,576,2,clear,False,0.07,1,1,0,104.1,37.7,2,2,38.7
18183,Superfast,2026-10-23,10,5,DD,6,569,2,clear,False,0.36,3,1,0,142.8,38.7,2,1,50.7
18183,Superfast,2026-10-23,10,5,PUNE,7,645,3,clear,False,0.31,0,1,0,193.5,50.7,0,0,54.1
20729,Mail,2026-10-23,10,5,NGP,0,0,16,clear,False,0.0,2,0,0,0.0,0.0,0,9,0.0
20729,Mail,2026-10-23,10,5,WR,1,80,17,clear,False,0.71,0,0,0,0.0,0.0,6,8,5.7
20729,Mail,2026-10-23,10,5,BD,2,175,18,clear,False,0.52,2,0,1,5.7,5.7,6,7,10.1
20729,Mail,2026-10-23,10,5,AK,3,254,19,clear,False,0.57,4,0,0,15.8,10.1,6,6,17.7
20729,Mail,2026-10-23,10,5,BSL,4,393,21,clear,False,0.5,1,1,0,33.5,17.7,6,5,27.0
20729,Mail,2026-10-23,10,5,MMR,5,576,23,clear,False,0.36,1,1,0,60.5,27.0,6,4,30.1
20729,Mail,2026-10-23,10,5,DD,6,569,23,clear,False,0.52,1,1,0,90.6,30.1,6,3,38.5
20729,Mail,2026-10-23,10,5,PUNE,7,645,0,clear,False,0.29,1,1,0,129.1,38.5,6,2,45.9
20729,Mail,2026-10-23,10,5,MRJ,8,366,21,clear,False,0.73,1,1,0,175.0,45.9,6,1,51.3
20729,Mail,2026-10-23,10,5,KOP,9,319,20,clear,False,0.15,1,1,0,226.3,51.3,0,0,57.7
15840,Vande Bharat,2026-10-23,10,5,KOP,0,0,12,clear,False,0.0,0,0,0,0.0,0.0,0,9,16.9
15840,Vande Bharat,2026-10-23,10,5,MRJ,1,47,13,clear,False,0.21,1,1,0,16.9,16.9,2,8,22.1
15840,Vande Bharat,2026-10-23,10,5,PUNE,2,326,16,clear,False,0.81,0,1,0,39.0,22.1,2,7,29.1
15840,Vande Bharat,2026-10-23,10,5,DD,3,250,15,clear,False,0.28,1,1,0,68.1,29.1,2,6,35.6
15840,Vande Bharat,2026-10-23,10,5,MMR,4,257,15,clear,False,0.11,2,1,0,103.7,35.6,2,5,37.5
15840,Vande Bharat,2026-10-23,10,5,BSL,5,74,13,clear,False,0.5,2,1,1,141.2,37.5,2,4,40.2
15840,Vande Bharat,2026-10-23,10,5,AK,6,65,13,clear,False,0.26,1,1,0,181.4,40.2,2,3,46.0
15840,Vande Bharat,2026-10-23,10,5,BD,7,144,14,clear,False,0.37,0,1,0,227.4,46.0,2,2,48.7
15840,Vande Bharat,2026-10-23,10,5,WR,8,239,15,clear,False,0.17,0,1,0,276.1,48.7,2,1,52.6
15840,Vande Bharat,2026-10-23,10,5,NGP,9,319,16,clear,False,0.24,0,1,0,328.7,52.6,0,0,54.9
21317,Intercity,2026-08-26,8,1,CSMT,0,0,8,heavy_rain,True,0.0,1,1,0,0.0,0.0,0,10,0.0
21317,Intercity,2026-08-26,8,1,DR,1,9,8,heavy_rain,True,0.21,0,0,0,0.0,0.0,4,9,4.2
21317,Intercity,2026-08-26,8,1,TNA,2,34,8,heavy_rain,True,0.41,1,0,0,4.2,4.2,4,8,8.1
21317,Intercity,2026-08-26,8,1,KYN,3,54,8,heavy_rain,True,0.15,0,0,0,12.3,8.1,4,7,12.3
21317,Intercity,2026-08-26,8,1,KJT,4,100,9,heavy_rain,True,0.94,2,1,0,24.6,12.3,4,6,29.0
21317,Intercity,2026-08-26,8,1,LNL,5,128,9,heavy_rain,True,0.43,3,1,0,53.6,29.0,4,5,43.8
21317,Intercity,2026-08-26,8,1,SVJR,6,190,10,heavy_rain,True,0.89,1,1,0,97.4,43.8,4,4,55.9
21317,Intercity,2026-08-26,8,1,PUNE,7,192,10,heavy_rain,True,0.55,3,1,1,153.3,55.9,4,3,68.4
21317,Intercity,2026-08-26,8,1,DD,8,268,11,heavy_rain,True,0.8,1,1,0,221.7,68.4,4,2,79.3
21317,Intercity,2026-08-26,8,1,KWV,9,377,13,heavy_rain,True,0.55,1,1,0,301.0,79.3,4,1,75.4
21317,Intercity,2026-08-26,8,1,SUR,10,455,14,heavy_rain,True,0.44,2,1,1,376.4,75.4,0,0,77.5
21067,Express,2026-08-26,8,1,SUR,0,0,15,heavy_rain,True,0.0,1,0,0,0.0,0.0,0,10,3.2
21067,Express,2026-08-26,8,1,KWV,1,78,16,heavy_rain,True,0.6,1,1,0,3.2,3.2,4,9,12.1
21067,Express,2026-08-26,8,1,DD,2,187,17,heavy_rain,True,0.26,1,0,0,15.3,12.1,4,8,13.9
21067,Express,2026-08-26,8,1,PUNE,3,263,18,heavy_rain,True,0.84,1,0,0,29.2,13.9,4,7,19.9
21067,Express,2026-08-26,8,1,SVJR,4,265,18,heavy_rain,True,0.4,1,1,0,49.1,19.9,4,6,26.5
21067,Express,2026-08-26,8,1,LNL,5,327,19,heavy_rain,True,0.22,3,1,0,75.6,26.5,4,5,51.2
21067,Express,2026-08-26,8,1,KJT,6,355,20,heavy_rain,True,0.55,0,1,0,126.8,51.2,4,4,61.4
21067,Express,2026-08-26,8,1,KYN,7,401,20,heavy_rain,True,0.24,0,1,0,188.2,61.4,4,3,70.4
21067,Express,2026-08-26,8,1,TNA,8,421,20,heavy_rain,True,0.72,1,1,0,258.6,70.4,4,2,76.1
21067,Express,2026-08-26,8,1,DR,9,446,21,heavy_rain,True,0.28,4,1,0,334.7,76.1,4,1,84.0
21067,Express,2026-08-26,8,1,CSMT,10,455,21,heavy_rain,True,0.71,1,1,0,418.7,84.0,0,0,90.8
17703,Intercity,2026-08-26,8,1,CSMT,0,0,17,heavy_rain,True,0.0,2,0,0,0.0,0.0,0,8,12.0
17703,Intercity,2026-08-26,8,1,DR,1,9,17,heavy_rain,True,0.21,2,0,0,12.0,12.0,4,7,17.0
17703,Intercity,2026-08-26,8,1,TNA,2,34,17,heavy_rain,True,0.17,1,1,0,29.0,17.0,4,6,28.2
17703,Intercity,2026-08-26,8,1,KYN,3,54,17,heavy_rain,True,0.49,1,1,0,57.2,28.2,4,5,39.7
17703,Intercity,2026-08-26,8,1,LNL,4,128,18,heavy_rain,True,0.54,2,1,0,96.9,39.7,4,4,53.8
17703,Intercity,2026-08-26,8,1,PUNE,5,192,19,heavy_rain,True,0.51,0,1,0,150.7,53.8,4,3,55.1
17703,Intercity,2026-08-26,8,1,MRJ,6,471,23,heavy_rain,True,0.5,2,1,1,205.8,55.1,4,2,61.0
17703,Intercity,2026-08-26,8,1,SLI,7,478,23,heavy_rain,True,0.43,0,1,0,266.8,61.0,4,1,61.4
17703,Intercity,2026-08-26,8,1,KOP,8,518,23,heavy_rain,True,0.11,1,1,0,328.2,61.4,0,0,62.1
21709,Vande Bharat,2026-08-26,8,1,KOP,0,0,18,heavy_rain,True,0.0,4,0,0,0.0,0.0,0,8,0.0
21709,Vande Bharat,2026-08-26,8,1,SLI,1,40,19,heavy_rain,True,0.48,1,0,0,0.0,0.0,2,7,6.1
21709,Vande Bharat,2026-08-26,8,1,MRJ,2,47,19,heavy_rain,True,0.82,2,0,1,6.1,6.1,2,6,17.8
21709,Vande Bharat,2026-08-26,8,1,PUNE,3,326,22,heavy_rain,True,0.67,1,1,0,23.9,17.8,2,5,25.1
21709,Vande Bharat,2026-08-26,8,1,LNL,4,390,23,heavy_rain,True,0.08,2,1,0,49.0,25.1,2,4,40.7
21709,Vande Bharat,2026-08-26,8,1,KYN,5,464,0,heavy_rain,True,0.22,0,1,0,89.7,40.7,2,3,45.2
21709,Vande Bharat,2026-08-26,8,1,TNA,6,484,0,heavy_rain,True,0.32,0,1,0,134.9,45.2,2,2,47.4
21709,Vande Bharat,2026-08-26,8,1,DR,7,509,0,heavy_rain,True,0.43,1,1,0,182.3,47.4,2,1,50.6
21709,Vande Bharat,2026-08-26,8,1,CSMT,8,518,0,heavy_rain,True,0.2,1,1,0,232.9,50.6,0,0,50.3
15740,Express,2026-08-26,8,1,CSMT,0,0,15,heavy_rain,True,0.0,1,0,0,0.0,0.0,0,15,0.0
15740,Express,2026-08-26,8,1,DR,1,9,15,heavy_rain,True,0.22,0,0,0,0.0,0.0,4,14,1.0
15740,Express,2026-08-26,8,1,TNA,2,34,15,heavy_rain,True,0.44,1,1,0,1.0,1.0,4,13,6.9
15740,Express,2026-08-26,8,1,KYN,3,54,15,heavy_rain,True,0.04,1,0,0,7.9,6.9,4,12,6.7
15740,Express,2026-08-26,8,1,IGP,4,137,17,heavy_rain,True,0.46,2,1,0,14.6,6.7,4,11,23.2
15740,Express,2026-08-26,8,1,NK,5,188,17,heavy_rain,True,0.44,1,1,0,37.8,23.2,4,10,33.6
15740,Express,2026-08-26,8,1,MMR,6,261,18,heavy_rain,True,0.21,2,1,0,71.4,33.6,4,9,41.1
15740,Express,2026-08-26,8,1,CSN,7,328,19,heavy_rain,True,0.67,1,1,0,112.5,41.1,4,8,45.3
15740,Express,2026-08-26,8,1,JL,8,420,20,heavy_rain,True,0.94,1,1,0,157.8,45.3,4,7,54.9
15740,Express,2026-08-26,8,1,BSL,9,444,20,heavy_rain,True,0.37,2,1,0,212.7,54.9,4,6,54.7
15740,Express,2026-08-26,8,1,MKU,10,494,21,heavy_rain,True,1.0,2,1,2,267.4,54.7,4,5,68.4
15740,Express,2026-08-26,8,1,AK,11,583,22,heavy_rain,True,0.41,1,1,0,335.8,68.4,4,4,68.0
15740,Express,2026-08-26,8,1,BD,12,662,23,heavy_rain,True,0.4,1,1,0,403.8,68.0,4,3,64.0
15740,Express,2026-08-26,8,1,WR,13,757,0,heavy_rain,True,0.2,2,1,3,467.8,64.0,4,2,71.4
15740,Express,2026-08-26,8,1,NGP,14,837,1,heavy_rain,True,0.35,1,1,0,539.2,71.4,4,1,68.8
15740,Express,2026-08-26,8,1,G,15,967,3,heavy_rain,True,0.3,3,1,0,608.0,68.8,0,0,73.5
14470,Intercity,2026-08-26,8,1,G,0,0,13,heavy_rain,True,0.0,1,0,0,0.0,0.0,0,15,8.5
14470,Intercity,2026-08-26,8,1,NGP,1,130,15,heavy_rain,True,0.39,3,0,2,8.5,8.5,4,14,20.1
14470,Intercity,2026-08-26,8,1,WR,2,210,16,heavy_rain,True,0.54,2,1,1,28.6,20.1,4,13,25.3
14470,Intercity,2026-08-26,8,1,BD,3,305,17,heavy_rain,True,0.68,2,1,2,53.9,25.3,4,12,36.3
14470,Intercity,2026-08-26,8,1,AK,4,384,18,heavy_rain,True,0.93,0,1,0,90.2,36.3,4,11,50.3
14470,Intercity,2026-08-26,8,1,MKU,5,473,19,heavy_rain,True,0.24,4,1,3,140.5,50.3,4,10,71.3
14470,Intercity,2026-08-26,8,1,BSL,6,523,20,heavy_rain,True,0.74,3,1,0,211.8,71.3,4,9,86.3
14470,Intercity,2026-08-26,8,1,JL,7,547,20,heavy_rain,True,0.43,3,1,0,298.1,86.3,4,8,91.1
14470,Intercity,2026-08-26,8,1,CSN,8,639,21,heavy_rain,True,0.36,1,1,0,389.2,91.1,4,7,94.4
14470,Intercity,2026-08-26,8,1,MMR,9,706,22,heavy_rain,True,0.1,2,1,0,483.6,94.4,4,6,93.4
14470,Intercity,2026-08-26,8,1,NK,10,779,23,heavy_rain,True,0.7,1,1,0,577.0,93.4,4,5,95.2
14470,Intercity,2026-08-26,8,1,IGP,11,830,0,heavy_rain,True,0.38,2,1,0,672.2,95.2,4,4,95.0
14470,Intercity,2026-08-26,8,1,KYN,12,913,1,heavy_rain,True,0.33,0,1,0,767.2,95.0,4,3,92.7
14470,Intercity,2026-08-26,8,1,TNA,13,933,1,heavy_rain,True,0.28,0,1,0,859.9,92.7,4,2,89.3
14470,Intercity,2026-08-26,8,1,DR,14,958,1,heavy_rain,True,0.3,1,1,0,949.2,89.3,4,1,88.1
14470,Intercity,2026-08-26,8,1,CSMT,15,967,1,heavy_rain,True,0.43,0,1,0,1037.3,88.1,0,0,85.0
17919,Vande Bharat,2026-08-26,8,1,CSMT,0,0,17,heavy_rain,True,0.0,0,1,0,0.0,0.0,0,9,0.0
17919,Vande Bharat,2026-08-26,8,1,DR,1,9,17,heavy_rain,True,0.64,0,0,0,0.0,0.0,2,8,4.5
17919,Vande Bharat,2026-08-26,8,1,TNA,2,34,17,heavy_rain,True,0.51,1,0,0,4.5,4.5,2,7,8.6
17919,Vande Bharat,2026-08-26,8,1,KYN,3,54,18,heavy_rain,True,0.69,2,0,1,13.1,8.6,2,6,14.4
17919,Vande Bharat,2026-08-26,8,1,IGP,4,137,19,heavy_rain,True,0.06,2,1,0,27.5,14.4,2,5,33.3
17919,Vande Bharat,2026-08-26,8,1,NK,5,188,19,heavy_rain,True,0.27,1,1,0,60.8,33.3,2,4,37.7
17919,Vande Bharat,2026-08-26,8,1,MMR,6,261,20,heavy_rain,True,0.18,1,1,0,98.5,37.7,2,3,49.9
17919,Vande Bharat,2026-08-26,8,1,AWB,7,375,22,heavy_rain,True,0.46,2,1,1,148.4,49.9,2,2,52.0
17919,Vande Bharat,2026-08-26,8,1,J,8,438,22,heavy_rain,True,0.12,1,1,0,200.4,52.0,2,1,58.9
17919,Vande Bharat,2026-08-26,8,1,NED,9,609,1,heavy_rain,True,0.57,3,1,0,259.3,58.9,0,0,62.8
16759,Intercity,2026-08-26,8,1,NED,0,0,22,heavy_rain,True,0.0,0,0,0,0.0,0.0,0,9,4.1
16759,Intercity,2026-08-26,8,1,J,1,171,0,heavy_rain,True,0.12,1,0,0,4.1,4.1,4,8,5.1
16759,Intercity,2026-08-26,8,1,AWB,2,234,1,heavy_rain,True,0.76,1,0,0,9.2,5.1,4,7,7.6
16759,Intercity,2026-08-26,8,1,MMR,3,348,2,heavy_rain,True,0.45,2,0,1,16.8,7.6,4,6,9.9
16759,Intercity,2026-08-26,8,1,NK,4,421,3,heavy_rain,True,0.09,1,0,0,26.7,9.9,4,5,12.0
16759,Intercity,2026-08-26,8,1,IGP,5,472,4,heavy_rain,True,0.13,1,0,0,38.7,12.0,4,4,17.5
16759,Intercity,2026-08-26,8,1,KYN,6,555,5,heavy_rain,True,0.5,1,1,0,56.2,17.5,4,3,21.2
16759,Intercity,2026-08-26,8,1,TNA,7,575,5,heavy_rain,True,0.45,3,1,0,77.4,21.2,4,2,31.9
16759,Intercity,2026-08-26,8,1,DR,8,600,5,heavy_rain,True,0.32,0,1,0,109.3,31.9,4,1,38.8
16759,Intercity,2026-08-26,8,1,CSMT,9,609,5,heavy_rain,True,0.61,1,1,0,148.1,38.8,0,0,40.6
16916,Vande Bharat,2026-08-26,8,1,CSMT,0,0,21,heavy_rain,True,0.0,3,0,0,0.0,0.0,0,5,0.0
16916,Vande Bharat,2026-08-26,8,1,DR,1,9,21,heavy_rain,True,0.51,2,0,1,0.0,0.0,2,4,5.2
16916,Vande Bharat,2026-08-26,8,1,TNA,2,34,22,heavy_rain,True,0.09,0,1,0,5.2,5.2,2,3,13.2
16916,Vande Bharat,2026-08-26,8,1,PNVL,3,69,22,heavy_rain,True,0.73,1,1,0,18.4,13.2,2,2,22.1
16916,Vande Bharat,2026-08-26,8,1,RN,4,307,1,heavy_rain,True,0.56,0,1,0,40.5,22.1,2,1,28.8
16916,Vande Bharat,2026-08-26,8,1,SWV,5,495,3,heavy_rain,True,0.64,1,1,0,69.3,28.8,0,0,32.4
17806,Mail,2026-08-26,8,1,SWV,0,0,12,heavy_rain,True,0.0,1,0,0,0.0,0.0,0,5,10.5
17806,Mail,2026-08-26,8,1,RN,1,188,14,heavy_rain,True,0.17,0,1,0,10.5,10.5,6,4,15.1
17806,Mail,2026-08-26,8,1,PNVL,2,426,17,heavy_rain,True,0.64,3,1,0,25.6,15.1,6,3,26.4
17806,Mail,2026-08-26,8,1,TNA,3,461,18,heavy_rain,True,0.2,1,1,0,52.0,26.4,6,2,35.2
17806,Mail,2026-08-26,8,1,DR,4,486,18,heavy_rain,True,0.34,2,1,1,87.2,35.2,6,1,43.4
17806,Mail,2026-08-26,8,1,CSMT,5,495,18,heavy_rain,True,0.16,1,1,0,130.6,43.4,0,0,45.7
11948,Superfast,2026-08-26,8,1,PUNE,0,0,9,heavy_rain,True,0.0,0,0,0,0.0,0.0,0,7,13.3
11948,Superfast,2026-08-26,8,1,DD,1,76,10,heavy_rain,True,0.31,2,0,0,13.3,13.3,2,6,15.1
11948,Superfast,2026-08-26,8,1,MMR,2,69,10,heavy_rain,True,0.17,0,1,0,28.4,15.1,2,5,22.2
11948,Superfast,2026-08-26,8,1,BSL,3,252,12,heavy_rain,True,0.16,0,1,0,50.6,22.2,2,4,29.0
11948,Superfast,2026-08-26,8,1,AK,4,391,14,heavy_rain,True,0.51,1,1,0,79.6,29.0,2,3,31.1
11948,Superfast,2026-08-26,8,1,BD,5,470,15,heavy_rain,True,0.26,2,1,0,110.7,31.1,2,2,34.7
11948,Superfast,2026-08-26,8,1,WR,6,565,16,heavy_rain,True,0.38,2,1,1,145.4,34.7,2,1,42.5
11948,Superfast,2026-08-26,8,1,NGP,7,645,17,heavy_rain,True,0.16,0,1,0,187.9,42.5,0,0,51.5
18034,Express,2026-08-26,8,1,NGP,0,0,9,heavy_rain,True,0.0,4,0,0,0.0,0.0,0,7,0.0
18034,Express,2026-08-26,8,1,WR,1,80,10,heavy_rain,True,0.23,0,0,0,0.0,0.0,4,6,7.2
18034,Express,2026-08-26,8,1,BD,2,175,12,heavy_rain,True,0.43,0,1,0,7.2,7.2,4,5,15.5
18034,Express,2026-08-26,8,1,AK,3,254,13,heavy_rain,True,0.7,2,1,1,22.7,15.5,4,4,27.3
18034,Express,2026-08-26,8,1,BSL,4,393,14,heavy_rain,True,0.33,0,1,0,50.0,27.3,4,3,37.0
18034,Express,2026-08-26,8,1,MMR,5,576,17,heavy_rain,True,0.34,0,1,0,87.0,37.0,4,2,40.5
18034,Express,2026-08-26,8,1,DD,6,569,17,heavy_rain,True,0.51,0,1,0,127.5,40.5,4,1,74.8
18034,Express,2026-08-26,8,1,PUNE,7,645,17,heavy_rain,True,0.42,1,1,0,202.3,74.8,0,0,72.2
11579,Superfast,2026-08-26,8,1,NGP,0,0,14,heavy_rain,True,0.0,2,0,0,0.0,0.0,0,9,0.0
11579,Superfast,2026-08-26,8,1,WR,1,80,15,heavy_rain,True,0.16,2,0,0,0.0,0.0,2,8,3.1
11579,Superfast,2026-08-26,8,1,BD,2,175,17,heavy_rain,True,0.12,1,0,0,3.1,3.1,2,7,8.3
11579,Superfast,2026-08-26,8,1,AK,3,254,18,heavy_rain,True,0.86,3,1,1,11.4,8.3,2,6,27.5
11579,Superfast,2026-08-26,8,1,BSL,4,393,19,heavy_rain,True,0.69,4,1,0,38.9,27.5,2,5,44.9
11579,Superfast,2026-08-26,8,1,MMR,5,576,22,heavy_rain,True,0.3,1,1,0,83.8,44.9,2,4,46.7
11579,Superfast,2026-08-26,8,1,DD,6,569,22,heavy_rain,True,0.54,2,1,0,130.5,46.7,2,3,47.2
11579,Superfast,2026-08-26,8,1,PUNE,7,645,23,heavy_rain,True,0.3,0,1,0,177.7,47.2,2,2,49.7
11579,Superfast,2026-08-26,8,1,MRJ,8,366,19,heavy_rain,True,0.26,1,1,0,227.4,49.7,2,1,57.6
11579,Superfast,2026-08-26,8,1,KOP,9,319,18,heavy_rain,True,0.51,1,1,0,285.0,57.6,0,0,66.4
19083,Mail,2026-08-26,8,1,KOP,0,0,22,heavy_rain,True,0.0,2,0,1,0.0,0.0,0,9,3.7
19083,Mail,2026-08-26,8,1,MRJ,1,47,23,heavy_rain,True,0.43,3,1,0,3.7,3.7,6,8,20.7
19083,Mail,2026-08-26,8,1,PUNE,2,326,3,heavy_rain,True,0.14,1,1,0,24.4,20.7,6,7,24.7
19083,Mail,2026-08-26,8,1,DD,3,250,2,heavy_rain,True,0.53,0,1,0,49.1,24.7,6,6,28.1
19083,Mail,2026-08-26,8,1,MMR,4,257,2,heavy_rain,True,0.09,2,1,1,77.2,28.1,6,5,39.8
19083,Mail,2026-08-26,8,1,BSL,5,74,23,heavy_rain,True,0.4,1,1,0,117.0,39.8,6,4,47.9
19083,Mail,2026-08-26,8,1,AK,6,65,23,heavy_rain,True,0.25,4,1,3,164.9,47.9,6,3,62.1
19083,Mail,2026-08-26,8,1,BD,7,144,0,heavy_rain,True,0.33,4,1,0,227.0,62.1,6,2,66.5
19083,Mail,2026-08-26,8,1,WR,8,239,1,heavy_rain,True,0.23,0,1,0,293.5,66.5,6,1,67.8
19083,Mail,2026-08-26,8,1,NGP,9,319,2,heavy_rain,True,0.14,2,1,2,361.3,67.8,0,0,70.7
12565,Mail,2026-08-03,8,5,CSMT,0,0,14,clear,True,0.0,1,0,0,0.0,0.0,0,10,13.8
12565,Mail,2026-08-03,8,5,DR,1,9,14,clear,True,0.23,2,1,0,13.8,13.8,6,9,18.9
12565,Mail,2026-08-03,8,5,TNA,2,34,14,clear,True,0.35,3,1,0,32.7,18.9,6,8,26.4
12565,Mail,2026-08-03,8,5,KYN,3,54,14,clear,True,0.73,2,1,0,59.1,26.4,6,7,36.2
12565,Mail,2026-08-03,8,5,KJT,4,100,15,clear,True,0.27,0,1,0,95.3,36.2,6,6,49.2
12565,Mail,2026-08-03,8,5,LNL,5,128,15,clear,True,0.12,0,1,0,144.5,49.2,6,5,60.9
12565,Mail,2026-08-03,8,5,SVJR,6,190,16,clear,True,0.33,0,1,0,205.4,60.9,6,4,62.0
12565,Mail,2026-08-03,8,5,PUNE,7,192,16,clear,True,0.43,1,1,0,267.4,62.0,6,3,60.4
12565,Mail,2026-08-03,8,5,DD,8,268,17,clear,True,0.9,0,1,0,327.8,60.4,6,2,68.2
12565,Mail,2026-08-03,8,5,KWV,9,377,18,clear,True,0.25,2,1,0,396.0,68.2,6,1,69.7
12565,Mail,2026-08-03,8,5,SUR,10,455,19,clear,True,0.38,3,1,1,465.7,69.7,0,0,85.2
22545,Express,2026-08-03,8,5,SUR,0,0,17,clear,True,0.0,0,0,0,0.0,0.0,0,10,0.0
22545,Express,2026-08-03,8,5,KWV,1,78,18,clear,True,0.57,1,1,0,0.0,0.0,4,9,11.8
22545,Express,2026-08-03,8,5,DD,2,187,19,clear,True,0.92,1,0,0,11.8,11.8,4,8,18.6
22545,Express,2026-08-03,8,5,PUNE,3,263,20,clear,True,0.6,0,1,0,30.4,18.6,4,7,25.9
22545,Express,2026-08-03,8,5,SVJR,4,265,20,clear,True,0.59,3,1,0,56.3,25.9,4,6,36.4
22545,Express,2026-08-03,8,5,LNL,5,327,21,clear,True,0.42,0,1,0,92.7,36.4,4,5,51.5
22545,Express,2026-08-03,8,5,KJT,6,355,21,clear,True,0.64,2,1,0,144.2,51.5,4,4,95.3
22545,Express,2026-08-03,8,5,KYN,7,401,22,clear,True,0.24,2,1,0,239.5,95.3,4,3,95.3
22545,Express,2026-08-03,8,5,TNA,8,421,22,clear,True,0.14,1,1,0,334.8,95.3,4,2,97.3
22545,Express,2026-08-03,8,5,DR,9,446,23,clear,True,0.35,3,1,0,432.1,97.3,4,1,94.0
22545,Express,2026-08-03,8,5,CSMT,10,455,23,clear,True,0.26,3,1,3,526.1,94.0,0,0,105.0
21583,Superfast,2026-08-03,8,5,CSMT,0,0,12,clear,True,0.0,3,0,0,0.0,0.0,0,8,1.9
21583,Superfast,2026-08-03,8,5,DR,1,9,13,clear,True,0.35,1,1,0,1.9,1.9,2,7,12.2
21583,Superfast,2026-08-03,8,5,TNA,2,34,13,clear,True,0.43,1,0,0,14.1,12.2,2,6,11.7
21583,Superfast,2026-08-03,8,5,KYN,3,54,13,clear,True,0.5,1,1,0,25.8,11.7,2,5,14.8
21583,Superfast,2026-08-03,8,5,LNL,4,128,14,clear,True,0.16,2,1,0,40.6,14.8,2,4,33.5
21583,Superfast,2026-08-03,8,5,PUNE,5,192,15,clear,True,0.48,0,1,0,74.1,33.5,2,3,37.9
21583,Superfast,2026-08-03,8,5,MRJ,6,471,18,clear,True,0.71,3,1,1,112.0,37.9,2,2,49.9
21583,Superfast,2026-08-03,8,5,SLI,7,478,18,clear,True,0.73,0,1,0,161.9,49.9,2,1,58.2
21583,Superfast,2026-08-03,8,5,KOP,8,518,19,clear,True,0.61,1,1,0,220.1,58.2,0,0,63.4
12437,Vande Bharat,2026-08-03,8,5,KOP,0,0,10,clear,True,0.0,0,0,0,0.0,0.0,0,8,0.0
12437,Vande Bharat,2026-08-03,8,5,SLI,1,40,10,clear,True,0.4,1,0,0,0.0,0.0,2,7,4.8
12437,Vande Bharat,2026-08-03,8,5,MRJ,2,47,10,clear,True,0.25,2,0,1,4.8,4.8,2,6,14.0
12437,Vande Bharat,2026-08-03,8,5,PUNE,3,326,14,clear,True,0.4,1,0,0,18.8,14.0,2,5,14.2
12437,Vande Bharat,2026-08-03,8,5,LNL,4,390,14,clear,True,0.6,1,0,0,33.0,14.2,2,4,25.6
12437,Vande Bharat,2026-08-03,8,5,KYN,5,464,15,clear,True,0.34,1,1,0,58.6,25.6,2,3,31.9
12437,Vande Bharat,2026-08-03,8,5,TNA,6,484,16,clear,True,0.09,0,1,0,90.5,31.9,2,2,37.0
12437,Vande Bharat,2026-08-03,8,5,DR,7,509,16,clear,True,0.08,0,1,0,127.5,37.0,2,1,41.4
12437,Vande Bharat,2026-08-03,8,5,CSMT,8,518,16,clear,True,0.2,2,1,3,168.9,41.4,0,0,54.2
16856,Mail,2026-08-03,8,5,CSMT,0,0,18,clear,True,0.0,4,1,1,0.0,0.0,0,15,0.0
16856,Mail,2026-08-03,8,5,DR,1,9,18,clear,True,0.26,2,0,0,0.0,0.0,6,14,3.0
16856,Mail,2026-08-03,8,5,TNA,2,34,19,clear,True,0.7,4,1,1,3.0,3.0,6,13,18.6
16856,Mail,2026-08-03,8,5,KYN,3,54,19,clear,True,0.68,2,1,1,21.6,18.6,6,12,31.7
16856,Mail,2026-08-03,8,5,IGP,4,137,20,clear,True,0.93,2,1,0,53.3,31.7,6,11,48.4
16856,Mail,2026-08-03,8,5,NK,5,188,21,clear,True,0.74,2,1,2,101.7,48.4,6,10,62.9
16856,Mail,2026-08-03,8,5,MMR,6,261,22,clear,True,0.39,0,1,0,164.6,62.9,6,9,62.7
16856,Mail,2026-08-03,8,5,CSN,7,328,22,clear,True,0.2,3,1,0,227.3,62.7,6,8,66.7
16856,Mail,2026-08-03,8,5,JL,8,420,0,clear,True,0.22,0,1,0,294.0,66.7,6,7,65.6
16856,Mail,2026-08-03,8,5,BSL,9,444,0,clear,True,0.23,3,1,0,359.6,65.6,6,6,67.8
16856,Mail,2026-08-03,8,5,MKU,10,494,0,clear,True,0.21,1,1,0,427.4,67.8,6,5,65.9
16856,Mail,2026-08-03,8,5,AK,11,583,2,clear,True,0.28,0,1,0,493.3,65.9,6,4,69.8
16856,Mail,2026-08-03,8,5,BD,12,662,3,clear,True,0.52,1,1,0,563.1,69.8,6,3,66.8
16856,Mail,2026-08-03,8,5,WR,13,757,4,clear,True,0.26,3,1,0,629.9,66.8,6,2,71.3
16856,Mail,2026-08-03,8,5,NGP,14,837,5,clear,True,0.12,2,1,1,701.2,71.3,6,1,71.3
16856,Mail,2026-08-03,8,5,G,15,967,6,clear,True,0.23,1,1,0,772.5,71.3,0,0,70.3
22545,Mail,2026-08-03,8,5,G,0,0,21,clear,True,0.0,2,0,3,0.0,0.0,0,15,0.0
22545,Mail,2026-08-03,8,5,NGP,1,130,23,clear,True,0.39,3,0,0,0.0,0.0,6,14,6.6
22545,Mail,2026-08-03,8,5,WR,2,210,0,clear,True,0.06,1,1,0,6.6,6.6,6,13,14.5
22545,Mail,2026-08-03,8,5,BD,3,305,1,clear,True,0.2,0,0,0,21.1,14.5,6,12,21.2
22545,Mail,2026-08-03,8,5,AK,4,384,2,clear,True,0.75,2,1,1,42.3,21.2,6,11,34.1
22545,Mail,2026-08-03,8,5,MKU,5,473,3,clear,True,0.53,0,1,0,76.4,34.1,6,10,37.4
22545,Mail,2026-08-03,8,5,BSL,6,523,4,clear,True,0.15,2,1,1,113.8,37.4,6,9,42.4
22545,Mail,2026-08-03,8,5,JL,7,547,4,clear,True,0.21,0,1,0,156.2,42.4,6,8,43.2
22545,Mail,2026-08-03,8,5,CSN,8,639,5,clear,True,0.37,0,1,0,199.4,43.2,6,7,47.4
22545,Mail,2026-08-03,8,5,MMR,9,706,6,clear,True,0.42,2,1,1,246.8,47.4,6,6,52.1
22545,Mail,2026-08-03,8,5,NK,10,779,7,clear,True,0.44,3,1,0,298.9,52.1,6,5,58.5
22545,Mail,2026-08-03,8,5,IGP,11,830,7,clear,True,0.38,4,1,0,357.4,58.5,6,4,69.0
22545,Mail,2026-08-03,8,5,KYN,12,913,8,clear,True,0.71,1,1,0,426.4,69.0,6,3,72.9
22545,Mail,2026-08-03,8,5,TNA,13,933,9,clear,True,0.32,4,1,0,499.3,72.9,6,2,80.6
22545,Mail,2026-08-03,8,5,DR,14,958,9,clear,True,0.44,3,1,1,579.9,80.6,6,1,94.9
22545,Mail,2026-08-03,8,5,CSMT,15,967,9,clear,True,0.62,0,1,0,674.8,94.9,0,0,95.9
21423,Superfast,2026-08-03,8,5,CSMT,0,0,20,clear,True,0.0,2,0,2,0.0,0.0,0,9,0.0
21423,Superfast,2026-08-03,8,5,DR,1,9,21,clear,True,0.39,1,0,0,0.0,0.0,2,8,4.8
21423,Superfast,2026-08-03,8,5,TNA,2,34,21,clear,True,0.64,0,0,0,4.8,4.8,2,7,11.4
21423,Superfast,2026-08-03,8,5,KYN,3,54,21,clear,True,0.84,0,1,0,16.2,11.4,2,6,24.5
21423,Superfast,2026-08-03,8,5,IGP,4,137,22,clear,True,0.55,1,1,0,40.7,24.5,2,5,38.1
21423,Superfast,2026-08-03,8,5,NK,5,188,23,clear,True,0.4,4,1,0,78.8,38.1,2,4,47.6
21423,Superfast,2026-08-03,8,5,MMR,6,261,0,clear,True,0.75,1,1,0,126.4,47.6,2,3,50.1
21423,Superfast,2026-08-03,8,5,AWB,7,375,1,clear,True,0.48,0,1,0,176.5,50.1,2,2,56.0
21423,Superfast,2026-08-03,8,5,J,8,438,2,clear,True,0.75,3,1,1,232.5,56.0,2,1,62.7
21423,Superfast,2026-08-03,8,5,NED,9,609,4,clear,True,0.26,0,1,0,295.2,62.7,0,0,61.1
15831,Vande Bharat,2026-08-03,8,5,NED,0,0,5,clear,True,0.0,0,0,0,0.0,0.0,0,9,0.0
15831,Vande Bharat,2026-08-03,8,5,J,1,171,7,clear,True,0.25,0,1,0,0.0,0.0,2,8,8.3
15831,Vande Bharat,2026-08-03,8,5,AWB,2,234,8,clear,True,0.22,3,0,0,8.3,8.3,2,7,17.5
15831,Vande Bharat,2026-08-03,8,5,MMR,3,348,9,clear,True,0.75,4,1,1,25.8,17.5,2,6,40.6
15831,Vande Bharat,2026-08-03,8,5,NK,4,421,10,clear,True,0.65,1,1,0,66.4,40.6,2,5,42.1
15831,Vande Bharat,2026-08-03,8,5,IGP,5,472,11,clear,True,0.51,1,1,0,108.5,42.1,2,4,56.7
15831,Vande Bharat,2026-08-03,8,5,KYN,6,555,12,clear,True,0.46,0,1,0,165.2,56.7,2,3,59.4
15831,Vande Bharat,2026-08-03,8,5,TNA,7,575,12,clear,True,0.3,4,1,0,224.6,59.4,2,2,63.0
15831,Vande Bharat,2026-08-03,8,5,DR,8,600,12,clear,True,0.44,3,1,1,287.6,63.0,2,1,72.9
15831,Vande Bharat,2026-08-03,8,5,CSMT,9,609,12,clear,True,0.14,1,1,0,360.5,72.9,0,0,70.3
20367,Intercity,2026-08-03,8,5,CSMT,0,0,14,clear,True,0.0,0,1,0,0.0,0.0,0,5,5.9
20367,Intercity,2026-08-03,8,5,DR,1,9,15,clear,True,0.04,2,0,0,5.9,5.9,4,4,9.4
20367,Intercity,2026-08-03,8,5,TNA,2,34,15,clear,True,0.39,0,1,0,15.3,9.4,4,3,17.0
20367,Intercity,2026-08-03,8,5,PNVL,3,69,15,clear,True,0.27,1,1,0,32.3,17.0,4,2,24.8
20367,Intercity,2026-08-03,8,5,RN,4,307,18,clear,True,0.28,1,1,0,57.1,24.8,4,1,34.1
20367,Intercity,2026-08-03,8,5,SWV,5,495,21,clear,True,0.46,2,1,2,91.2,34.1,0,0,53.5
12493,Express,2026-08-03,8,5,SWV,0,0,16,clear,True,0.0,1,0,0,0.0,0.0,0,5,0.0
12493,Express,2026-08-03,8,5,RN,1,188,18,clear,True,0.67,0,0,0,0.0,0.0,4,4,3.2
12493,Express,2026-08-03,8,5,PNVL,2,426,21,clear,True,0.45,1,0,0,3.2,3.2,4,3,6.9
12493,Express,2026-08-03,8,5,TNA,3,461,22,clear,True,0.27,1,1,0,10.1,6.9,4,2,15.8
12493,Express,2026-08-03,8,5,DR,4,486,22,clear,True,0.57,2,1,1,25.9,15.8,4,1,25.8
12493,Express,2026-08-03,8,5,CSMT,5,495,22,clear,True,0.7,2,1,1,51.7,25.8,0,0,35.0
20070,Superfast,2026-08-03,8,5,PUNE,0,0,6,clear,True,0.0,1,0,0,0.0,0.0,0,7,0.0
20070,Superfast,2026-08-03,8,5,DD,1,76,7,clear,True,0.13,3,0,0,0.0,0.0,2,6,5.6
20070,Superfast,2026-08-03,8,5,MMR,2,69,6,clear,True,0.52,1,0,0,5.6,5.6,2,5,5.4
20070,Superfast,2026-08-03,8,5,BSL,3,252,9,clear,True,0.52,3,1,0,11.0,5.4,2,4,19.1
20070,Superfast,2026-08-03,8,5,AK,4,391,10,clear,True,0.55,1,1,0,30.1,19.1,2,3,27.8
20070,Superfast,2026-08-03,8,5,BD,5,470,11,clear,True,0.31,4,1,2,57.9,27.8,2,2,39.7
20070,Superfast,2026-08-03,8,5,WR,6,565,13,clear,True,0.57,1,1,0,97.6,39.7,2,1,40.8
20070,Superfast,2026-08-03,8,5,NGP,7,645,14,clear,True,0.41,0,1,0,138.4,40.8,0,0,44.4
13067,Superfast,2026-08-03,8,5,NGP,0,0,5,clear,True,0.0,1,0,0,0.0,0.0,0,7,0.0
13067,Superfast,2026-08-03,8,5,WR,1,80,6,clear,True,0.23,2,0,2,0.0,0.0,2,6,4.3
13067,Superfast,2026-08-03,8,5,BD,2,175,7,clear,True,0.51,3,1,0,4.3,4.3,2,5,13.5
13067,Superfast,2026-08-03,8,5,AK,3,254,8,clear,True,0.11,1,0,0,17.8,13.5,2,4,15.9
13067,Superfast,2026-08-03,8,5,BSL,4,393,10,clear,True,0.28,1,1,0,33.7,15.9,2,3,24.8
13067,Superfast,2026-08-03,8,5,MMR,5,576,12,clear,True,0.31,3,1,1,58.5,24.8,2,2,33.8
13067,Superfast,2026-08-03,8,5,DD,6,569,12,clear,True,0.46,1,1,0,92.3,33.8,2,1,62.6
13067,Superfast,2026-08-03,8,5,PUNE,7,645,13,clear,True,0.61,1,1,0,154.9,62.6,0,0,67.5
20546,Mail,2026-08-03,8,5,NGP,0,0,18,clear,True,0.0,3,0,0,0.0,0.0,0,9,0.0
20546,Mail,2026-08-03,8,5,WR,1,80,19,clear,True,0.31,1,0,0,0.0,0.0,6,8,5.8
20546,Mail,2026-08-03,8,5,BD,2,175,20,clear,True,0.44,1,0,0,5.8,5.8,6,7,7.5
20546,Mail,2026-08-03,8,5,AK,3,254,21,clear,True,0.36,1,0,0,13.3,7.5,6,6,17.0
20546,Mail,2026-08-03,8,5,BSL,4,393,23,clear,True,0.5,0,1,0,30.3,17.0,6,5,21.4
20546,Mail,2026-08-03,8,5,MMR,5,576,1,clear,True,0.21,0,1,0,51.7,21.4,6,4,27.2
20546,Mail,2026-08-03,8,5,DD,6,569,1,clear,True,0.5,2,1,2,78.9,27.2,6,3,37.5
20546,Mail,2026-08-03,8,5,PUNE,7,645,2,clear,True,0.16,1,1,0,116.4,37.5,6,2,38.6
20546,Mail,2026-08-03,8,5,MRJ,8,366,23,clear,True,0.65,2,1,2,155.0,38.6,6,1,48.8
20546,Mail,2026-08-03,8,5,KOP,9,319,22,clear,True,0.15,0,1,0,203.8,48.8,0,0,51.1
16094,Express,2026-08-03,8,5,KOP,0,0,10,clear,True,0.0,2,1,2,0.0,0.0,0,9,6.3
16094,Express,2026-08-03,8,5,MRJ,1,47,10,clear,True,0.52,4,0,1,6.3,6.3,4,8,13.4
16094,Express,2026-08-03,8,5,PUNE,2,326,14,clear,True,0.54,1,0,0,19.7,13.4,4,7,15.8
16094,Express,2026-08-03,8,5,DD,3,250,13,clear,True,0.65,1,1,0,35.5,15.8,4,6,20.6
16094,Express,2026-08-03,8,5,MMR,4,257,13,clear,True,0.22,0,1,0,56.1,20.6,4,5,24.9
16094,Express,2026-08-03,8,5,BSL,5,74,10,clear,True,0.28,2,1,2,81.0,24.9,4,4,35.6
16094,Express,2026-08-03,8,5,AK,6,65,10,clear,True,0.51,2,1,0,116.6,35.6,4,3,41.8
16094,Express,2026-08-03,8,5,BD,7,144,11,clear,True,0.23,1,1,0,158.4,41.8,4,2,45.8
16094,Express,2026-08-03,8,5,WR,8,239,13,clear,True,0.47,0,1,0,204.2,45.8,4,1,53.7
16094,Express,2026-08-03,8,5,NGP,9,319,14,clear,True,0.51,3,1,0,257.9,53.7,0,0,60.1
11541,Superfast,2026-04-02,4,6,CSMT,0,0,13,clear,False,0.0,2,0,1,0.0,0.0,0,10,0.0
11541,Superfast,2026-04-02,4,6,DR,1,9,13,clear,False,0.41,1,1,0,0.0,0.0,2,9,6.3
11541,Superfast,2026-04-02,4,6,TNA,2,34,13,clear,False,0.4,0,0,0,6.3,6.3,2,8,12.4
11541,Superfast,2026-04-02,4,6,KYN,3,54,13,clear,False,0.29,1,1,0,18.7,12.4,2,7,17.2
11541,Superfast,2026-04-02,4,6,KJT,4,100,14,clear,False,0.48,3,1,0,35.9,17.2,2,6,28.7
11541,Superfast,2026-04-02,4,6,LNL,5,128,14,clear,False,0.39,0,1,0,64.6,28.7,2,5,33.3
11541,Superfast,2026-04-02,4,6,SVJR,6,190,15,clear,False,0.02,2,1,0,97.9,33.3,2,4,43.4
11541,Superfast,2026-04-02,4,6,PUNE,7,192,15,clear,False,0.54,1,1,0,141.3,43.4,2,3,50.7
11541,Superfast,2026-04-02,4,6,DD,8,268,16,clear,False,0.28,1,1,0,192.0,50.7,2,2,49.8
11541,Superfast,2026-04-02,4,6,KWV,9,377,17,clear,False,0.2,3,1,1,241.8,49.8,2,1,64.4
11541,Superfast,2026-04-02,4,6,SUR,10,455,18,clear,False,0.43,1,1,0,306.2,64.4,0,0,68.4
22177,Vande Bharat,2026-04-02,4,6,SUR,0,0,5,clear,False,0.0,1,0,0,0.0,0.0,0,10,11.5
22177,Vande Bharat,2026-04-02,4,6,KWV,1,78,6,clear,False,0.42,1,0,0,11.5,11.5,2,9,13.9
22177,Vande Bharat,2026-04-02,4,6,DD,2,187,7,clear,False,0.49,1,0,0,25.4,13.9,2,8,14.0
22177,Vande Bharat,2026-04-02,4,6,PUNE,3,263,8,clear,False,0.58,1,0,0,39.4,14.0,2,7,16.3
22177,Vande Bharat,2026-04-02,4,6,SVJR,4,265,8,clear,False,0.45,1,1,0,55.7,16.3,2,6,25.4
22177,Vande Bharat,2026-04-02,4,6,LNL,5,327,9,clear,False,0.38,1,1,0,81.1,25.4,2,5,32.9
22177,Vande Bharat,2026-04-02,4,6,KJT,6,355,9,clear,False,0.37,2,1,0,114.0,32.9,2,4,38.7
22177,Vande Bharat,2026-04-02,4,6,KYN,7,401,10,clear,False,0.97,0,1,0,152.7,38.7,2,3,42.0
22177,Vande Bharat,2026-04-02,4,6,TNA,8,421,10,clear,False,0.16,2,1,0,194.7,42.0,2,2,46.1
22177,Vande Bharat,2026-04-02,4,6,DR,9,446,10,clear,False,0.2,1,1,0,240.8,46.1,2,1,52.1
22177,Vande Bharat,2026-04-02,4,6,CSMT,10,455,10,clear,False,0.47,1,1,0,292.9,52.1,0,0,59.0
16509,Vande Bharat,2026-04-02,4,6,CSMT,0,0,22,clear,False,0.0,3,0,1,0.0,0.0,0,8,0.0
16509,Vande Bharat,2026-04-02,4,6,DR,1,9,22,clear,False,0.33,1,1,0,0.0,0.0,2,7,7.4
16509,Vande Bharat,2026-04-02,4,6,TNA,2,34,23,clear,False,0.7,2,0,1,7.4,7.4,2,6,11.3
16509,Vande Bharat,2026-04-02,4,6,KYN,3,54,23,clear,False,0.3,2,0,1,18.7,11.3,2,5,13.3
16509,Vande Bharat,2026-04-02,4,6,LNL,4,128,0,clear,False,0.27,2,0,1,32.0,13.3,2,4,19.3
16509,Vande Bharat,2026-04-02,4,6,PUNE,5,192,1,clear,False,0.36,4,1,0,51.3,19.3,2,3,29.1
16509,Vande Bharat,2026-04-02,4,6,MRJ,6,471,4,clear,False,0.2,1,1,0,80.4,29.1,2,2,36.3
16509,Vande Bharat,2026-04-02,4,6,SLI,7,478,4,clear,False,0.44,2,1,0,116.7,36.3,2,1,41.9
16509,Vande Bharat,2026-04-02,4,6,KOP,8,518,5,clear,False,0.19,2,1,0,158.6,41.9,0,0,45.3
22007,Intercity,2026-04-02,4,6,KOP,0,0,11,clear,False,0.0,0,0,0,0.0,0.0,0,8,0.0
22007,Intercity,2026-04-02,4,6,SLI,1,40,11,clear,False,0.3,1,0,0,0.0,0.0,4,7,4.4
22007,Intercity,2026-04-02,4,6,MRJ,2,47,12,clear,False,0.03,2,0,0,4.4,4.4,4,6,4.6
22007,Intercity,2026-04-02,4,6,PUNE,3,326,15,clear,False,0.36,3,0,2,9.0,4.6,4,5,17.1
22007,Intercity,2026-04-02,4,6,LNL,4,390,16,clear,False,0.77,2,1,0,26.1,17.1,4,4,29.1
22007,Intercity,2026-04-02,4,6,KYN,5,464,17,clear,False,0.76,3,1,2,55.2,29.1,4,3,48.8
22007,Intercity,2026-04-02,4,6,TNA,6,484,17,clear,False,0.52,1,1,0,104.0,48.8,4,2,58.0
22007,Intercity,2026-04-02,4,6,DR,7,509,17,clear,False,0.47,1,1,0,162.0,58.0,4,1,61.6
22007,Intercity,2026-04-02,4,6,CSMT,8,518,17,clear,False,0.22,0,1,0,223.6,61.6,0,0,68.3
21168,Mail,2026-04-02,4,6,CSMT,0,0,6,clear,False,0.0,1,0,0,0.0,0.0,0,15,0.0
21168,Mail,2026-04-02,4,6,DR,1,9,6,clear,False,0.24,1,1,0,0.0,0.0,6,14,5.5
21168,Mail,2026-04-02,4,6,TNA,2,34,6,clear,False,0.32,3,1,0,5.5,5.5,6,13,15.2
21168,Mail,2026-04-02,4,6,KYN,3,54,6,clear,False,0.4,1,1,0,20.7,15.2,6,12,22.8
21168,Mail,2026-04-02,4,6,IGP,4,137,7,clear,False,0.46,3,1,0,43.5,22.8,6,11,39.1
21168,Mail,2026-04-02,4,6,NK,5,188,8,clear,False,0.56,2,1,0,82.6,39.1,6,10,47.1
21168,Mail,2026-04-02,4,6,MMR,6,261,9,clear,False,0.71,1,1,0,129.7,47.1,6,9,58.4
21168,Mail,2026-04-02,4,6,CSN,7,328,10,clear,False,0.47,1,1,0,188.1,58.4,6,8,64.1
21168,Mail,2026-04-02,4,6,JL,8,420,11,clear,False,0.25,1,1,0,252.2,64.1,6,7,68.1
21168,Mail,2026-04-02,4,6,BSL,9,444,11,clear,False,0.16,0,1,0,320.3,68.1,6,6,67.7
21168,Mail,2026-04-02,4,6,MKU,10,494,12,clear,False,0.22,1,1,0,388.0,67.7,6,5,67.3
21168,Mail,2026-04-02,4,6,AK,11,583,13,clear,False,0.46,0,1,0,455.3,67.3,6,4,67.9
21168,Mail,2026-04-02,4,6,BD,12,662,14,clear,False,0.13,1,1,0,523.2,67.9,6,3,63.5
21168,Mail,2026-04-02,4,6,WR,13,757,15,clear,False,0.17,4,1,0,586.7,63.5,6,2,66.0
21168,Mail,2026-04-02,4,6,NGP,14,837,16,clear,False,0.36,0,1,0,652.7,66.0,6,1,71.4
21168,Mail,2026-04-02,4,6,G,15,967,18,clear,False,0.49,0,1,0,724.1,71.4,0,0,74.4
14122,Mail,2026-04-02,4,6,G,0,0,5,clear,False,0.0,0,0,0,0.0,0.0,0,15,0.0
14122,Mail,2026-04-02,4,6,NGP,1,130,6,clear,False,0.46,0,0,0,0.0,0.0,6,14,1.0
14122,Mail,2026-04-02,4,6,WR,2,210,7,clear,False,0.12,1,1,0,1.0,1.0,6,13,9.4
14122,Mail,2026-04-02,4,6,BD,3,305,9,clear,False,0.58,2,0,0,10.4,9.4,6,12,14.6
14122,Mail,2026-04-02,4,6,AK,4,384,10,clear,False,0.46,2,0,0,25.0,14.6,6,11,17.5
14122,Mail,2026-04-02,4,6,MKU,5,473,11,clear,False,0.51,3,1,0,42.5,17.5,6,10,32.8
14122,Mail,2026-04-02,4,6,BSL,6,523,11,clear,False,0.43,3,1,0,75.3,32.8,6,9,46.6
14122,Mail,2026-04-02,4,6,JL,7,547,12,clear,False,0.39,3,1,0,121.9,46.6,6,8,52.1
14122,Mail,2026-04-02,4,6,CSN,8,639,13,clear,False,0.28,0,1,0,174.0,52.1,6,7,55.6
14122,Mail,2026-04-02,4,6,MMR,9,706,14,clear,False,0.35,0,1,0,229.6,55.6,6,6,59.6
14122,Mail,2026-04-02,4,6,NK,10,779,15,clear,False,0.12,1,1,0,289.2,59.6,6,5,64.1
14122,Mail,2026-04-02,4,6,IGP,11,830,15,clear,False,0.21,1,1,0,353.3,64.1,6,4,62.7
14122,Mail,2026-04-02,4,6,KYN,12,913,16,clear,False,0.08,0,1,0,416.0,62.7,6,3,81.9
14122,Mail,2026-04-02,4,6,TNA,13,933,16,clear,False,0.26,1,1,0,497.9,81.9,6,2,78.3
14122,Mail,2026-04-02,4,6,DR,14,958,17,clear,False,0.49,0,1,0,576.2,78.3,6,1,79.7
14122,Mail,2026-04-02,4,6,CSMT,15,967,17,clear,False,0.33,2,1,0,655.9,79.7,0,0,83.1
17828,Vande Bharat,2026-04-02,4,6,CSMT,0,0,12,clear,False,0.0,1,0,0,0.0,0.0,0,9,0.0
17828,Vande Bharat,2026-04-02,4,6,DR,1,9,13,clear,False,0.29,2,1,0,0.0,0.0,2,8,5.4
17828,Vande Bharat,2026-04-02,4,6,TNA,2,34,13,clear,False,0.48,0,0,0,5.4,5.4,2,7,5.6
17828,Vande Bharat,2026-04-02,4,6,KYN,3,54,13,clear,False,0.64,1,0,0,11.0,5.6,2,6,5.6
17828,Vande Bharat,2026-04-02,4,6,IGP,4,137,14,clear,False,0.41,1,0,0,16.6,5.6,2,5,7.3
17828,Vande Bharat,2026-04-02,4,6,NK,5,188,15,clear,False,0.11,1,0,0,23.9,7.3,2,4,10.8
17828,Vande Bharat,2026-04-02,4,6,MMR,6,261,16,clear,False,0.26,1,0,0,34.7,10.8,2,3,11.2
17828,Vande Bharat,2026-04-02,4,6,AWB,7,375,17,clear,False,0.4,1,0,0,45.9,11.2,2,2,16.3
17828,Vande Bharat,2026-04-02,4,6,J,8,438,18,clear,False,0.95,2,1,3,62.2,16.3,2,1,39.0
17828,Vande Bharat,2026-04-02,4,6,NED,9,609,20,clear,False,0.54,1,1,0,101.2,39.0,0,0,44.4
11645,Superfast,2026-04-02,4,6,NED,0,0,14,clear,False,0.0,2,0,0,0.0,0.0,0,9,10.6
11645,Superfast,2026-04-02,4,6,J,1,171,17,clear,False,0.3,0,1,0,10.6,10.6,2,8,16.7
11645,Superfast,2026-04-02,4,6,AWB,2,234,17,clear,False,0.25,1,1,0,27.3,16.7,2,7,30.3
11645,Superfast,2026-04-02,4,6,MMR,3,348,19,clear,False,0.36,3,1,0,57.6,30.3,2,6,41.2
11645,Superfast,2026-04-02,4,6,NK,4,421,20,clear,False,0.81,2,1,1,98.8,41.2,2,5,48.4
11645,Superfast,2026-04-02,4,6,IGP,5,472,20,clear,False,0.66,1,1,0,147.2,48.4,2,4,59.8
11645,Superfast,2026-04-02,4,6,KYN,6,555,21,clear,False,0.3,1,1,0,207.0,59.8,2,3,63.1
11645,Superfast,2026-04-02,4,6,TNA,7,575,22,clear,False,0.53,2,1,2,270.1,63.1,2,2,70.1
11645,Superfast,2026-04-02,4,6,DR,8,600,22,clear,False,0.33,1,1,0,340.2,70.1,2,1,66.6
11645,Superfast,2026-04-02,4,6,CSMT,9,609,22,clear,False,0.26,1,1,0,406.8,66.6,0,0,65.3
11158,Vande Bharat,2026-04-02,4,6,CSMT,0,0,20,clear,False,0.0,0,0,0,0.0,0.0,0,5,0.0
11158,Vande Bharat,2026-04-02,4,6,DR,1,9,20,clear,False,0.09,1,0,0,0.0,0.0,2,4,4.8
11158,Vande Bharat,2026-04-02,4,6,TNA,2,34,20,clear,False,0.9,0,0,0,4.8,4.8,2,3,13.8
11158,Vande Bharat,2026-04-02,4,6,PNVL,3,69,21,clear,False,0.56,0,0,0,18.6,13.8,2,2,17.3
11158,Vande Bharat,2026-04-02,4,6,RN,4,307,0,clear,False,0.14,4,1,0,35.9,17.3,2,1,26.1
11158,Vande Bharat,2026-04-02,4,6,SWV,5,495,2,clear,False,0.44,3,1,1,62.0,26.1,0,0,36.7
12852,Superfast,2026-04-02,4,6,SWV,0,0,7,clear,False,0.0,4,0,0,0.0,0.0,0,5,0.0
12852,Superfast,2026-04-02,4,6,RN,1,188,9,clear,False,0.57,1,0,0,0.0,0.0,2,4,6.8
12852,Superfast,2026-04-02,4,6,PNVL,2,426,12,clear,False,0.53,1,0,0,6.8,6.8,2,3,14.2
12852,Superfast,2026-04-02,4,6,TNA,3,461,13,clear,False,0.43,2,0,2,21.0,14.2,2,2,19.7
12852,Superfast,2026-04-02,4,6,DR,4,486,13,clear,False,0.29,3,1,2,40.7,19.7,2,1,33.6
12852,Superfast,2026-04-02,4,6,CSMT,5,495,13,clear,False,0.12,1,1,0,74.3,33.6,0,0,36.8
18220,Intercity,2026-04-02,4,6,PUNE,0,0,5,clear,False,0.0,1,0,0,0.0,0.0,0,7,0.0
18220,Intercity,2026-04-02,4,6,DD,1,76,6,clear,False,0.26,2,0,0,0.0,0.0,4,6,0.1
18220,Intercity,2026-04-02,4,6,MMR,2,69,6,clear,False,0.3,4,0,0,0.1,0.1,4,5,8.0
18220,Intercity,2026-04-02,4,6,BSL,3,252,8,clear,False,0.36,1,0,0,8.1,8.0,4,4,8.8
18220,Intercity,2026-04-02,4,6,AK,4,391,10,clear,False,1.0,0,0,0,16.9,8.8,4,3,16.5
18220,Intercity,2026-04-02,4,6,BD,5,470,11,clear,False,0.57,0,1,0,33.4,16.5,4,2,21.5
18220,Intercity,2026-04-02,4,6,WR,6,565,12,clear,False,0.19,2,1,1,54.9,21.5,4,1,27.9
18220,Intercity,2026-04-02,4,6,NGP,7,645,13,clear,False,0.38,1,1,0,82.8,27.9,0,0,33.4
11190,Vande Bharat,2026-04-02,4,6,NGP,0,0,16,clear,False,0.0,2,0,2,0.0,0.0,0,7,4.0
11190,Vande Bharat,2026-04-02,4,6,WR,1,80,17,clear,False,0.95,1,0,0,4.0,4.0,2,6,18.3
11190,Vande Bharat,2026-04-02,4,6,BD,2,175,18,clear,False,0.24,4,1,0,22.3,18.3,2,5,28.3
11190,Vande Bharat,2026-04-02,4,6,AK,3,254,19,clear,False,0.4,1,1,0,50.6,28.3,2,4,39.5
11190,Vande Bharat,2026-04-02,4,6,BSL,4,393,21,clear,False,0.71,0,1,0,90.1,39.5,2,3,51.0
11190,Vande Bharat,2026-04-02,4,6,MMR,5,576,23,clear,False,0.07,2,1,2,141.1,51.0,2,2,58.8
11190,Vande Bharat,2026-04-02,4,6,DD,6,569,23,clear,False,0.41,1,1,0,199.9,58.8,2,1,59.3
11190,Vande Bharat,2026-04-02,4,6,PUNE,7,645,0,clear,False,0.31,1,1,0,259.2,59.3,0,0,61.7
17609,Vande Bharat,2026-04-02,4,6,NGP,0,0,12,clear,False,0.0,0,1,0,0.0,0.0,0,9,0.0
17609,Vande Bharat,2026-04-02,4,6,WR,1,80,13,clear,False,0.24,1,0,0,0.0,0.0,2,8,1.3
17609,Vande Bharat,2026-04-02,4,6,BD,2,175,14,clear,False,0.19,1,1,0,1.3,1.3,2,7,12.1
17609,Vande Bharat,2026-04-02,4,6,AK,3,254,15,clear,False,0.55,2,0,0,13.4,12.1,2,6,12.5
17609,Vande Bharat,2026-04-02,4,6,BSL,4,393,17,clear,False,0.63,0,0,0,25.9,12.5,2,5,13.2
17609,Vande Bharat,2026-04-02,4,6,MMR,5,576,19,clear,False,0.87,1,0,0,39.1,13.2,2,4,23.5
17609,Vande Bharat,2026-04-02,4,6,DD,6,569,19,clear,False,0.62,1,1,0,62.6,23.5,2,3,31.4
17609,Vande Bharat,2026-04-02,4,6,PUNE,7,645,20,clear,False,0.51,2,1,0,94.0,31.4,2,2,39.5
17609,Vande Bharat,2026-04-02,4,6,MRJ,8,366,16,clear,False,0.45,2,1,0,133.5,39.5,2,1,38.6
17609,Vande Bharat,2026-04-02,4,6,KOP,9,319,16,clear,False,0.28,2,1,0,172.1,38.6,0,0,38.7
17125,Mail,2026-04-02,4,6,KOP,0,0,17,clear,False,0.0,1,0,0,0.0,0.0,0,9,0.0
17125,Mail,2026-04-02,4,6,MRJ,1,47,18,clear,False,0.17,1,0,0,0.0,0.0,6,8,4.9
17125,Mail,2026-04-02,4,6,PUNE,2,326,21,clear,False,0.31,0,1,0,4.9,4.9,6,7,12.3
17125,Mail,2026-04-02,4,6,DD,3,250,20,clear,False,0.5,3,1,1,17.2,12.3,6,6,43.4
17125,Mail,2026-04-02,4,6,MMR,4,257,20,clear,False,0.66,0,1,0,60.6,43.4,6,5,50.3
17125,Mail,2026-04-02,4,6,BSL,5,74,18,clear,False,0.57,2,1,1,110.9,50.3,6,4,56.1
17125,Mail,2026-04-02,4,6,AK,6,65,18,clear,False,0.58,2,1,2,167.0,56.1,6,3,59.3
17125,Mail,2026-04-02,4,6,BD,7,144,19,clear,False,0.34,1,1,0,226.3,59.3,6,2,62.9
17125,Mail,2026-04-02,4,6,WR,8,239,20,clear,False,0.55,1,1,0,289.2,62.9,6,1,67.9
17125,Mail,2026-04-02,4,6,NGP,9,319,21,clear,False,1.0,0,1,0,357.1,67.9,0,0,72.1
18912,Mail,2026-09-27,9,3,CSMT,0,0,21,heavy_rain,True,0.0,3,0,0,0.0,0.0,0,10,0.0
18912,Mail,2026-09-27,9,3,DR,1,9,21,heavy_rain,True,0.75,0,0,0,0.0,0.0,6,9,7.2
18912,Mail,2026-09-27,9,3,TNA,2,34,22,heavy_rain,True,0.73,1,0,0,7.2,7.2,6,8,8.8
18912,Mail,2026-09-27,9,3,KYN,3,54,22,heavy_rain,True,0.11,3,0,1,16.0,8.8,6,7,16.4
18912,Mail,2026-09-27,9,3,KJT,4,100,22,heavy_rain,True,0.32,2,1,0,32.4,16.4,6,6,24.7
18912,Mail,2026-09-27,9,3,LNL,5,128,23,heavy_rain,True,0.38,1,1,0,57.1,24.7,6,5,44.9
18912,Mail,2026-09-27,9,3,SVJR,6,190,0,heavy_rain,True,0.37,2,1,1,102.0,44.9,6,4,47.3
18912,Mail,2026-09-27,9,3,PUNE,7,192,0,heavy_rain,True,0.2,3,1,1,149.3,47.3,6,3,56.6
18912,Mail,2026-09-27,9,3,DD,8,268,0,heavy_rain,True,0.39,1,1,0,205.9,56.6,6,2,60.6
18912,Mail,2026-09-27,9,3,KWV,9,377,2,heavy_rain,True,0.6,2,1,0,266.5,60.6,6,1,58.0
18912,Mail,2026-09-27,9,3,SUR,10,455,3,heavy_rain,True,0.74,0,1,0,324.5,58.0,0,0,63.5
22016,Express,2026-09-27,9,3,SUR,0,0,7,heavy_rain,True,0.0,4,1,0,0.0,0.0,0,10,0.0
22016,Express,2026-09-27,9,3,KWV,1,78,8,heavy_rain,True,0.32,2,0,0,0.0,0.0,4,9,3.6
22016,Express,2026-09-27,9,3,DD,2,187,9,heavy_rain,True,0.41,1,0,0,3.6,3.6,4,8,8.1
22016,Express,2026-09-27,9,3,PUNE,3,263,10,heavy_rain,True,0.21,2,0,2,11.7,8.1,4,7,18.1
22016,Express,2026-09-27,9,3,SVJR,4,265,10,heavy_rain,True,0.78,1,1,0,29.8,18.1,4,6,35.5
22016,Express,2026-09-27,9,3,LNL,5,327,11,heavy_rain,True,0.83,1,1,0,65.3,35.5,4,5,58.9
22016,Express,2026-09-27,9,3,KJT,6,355,11,heavy_rain,True,0.8,0,1,0,124.2,58.9,4,4,70.2
22016,Express,2026-09-27,9,3,KYN,7,401,12,heavy_rain,True,0.49,0,1,0,194.4,70.2,4,3,66.0
22016,Express,2026-09-27,9,3,TNA,8,421,12,heavy_rain,True,0.3,1,1,0,260.4,66.0,4,2,67.2
22016,Express,2026-09-27,9,3,DR,9,446,12,heavy_rain,True,0.11,4,1,0,327.6,67.2,4,1,72.6
22016,Express,2026-09-27,9,3,CSMT,10,455,13,heavy_rain,True,0.64,0,1,0,400.2,72.6,0,0,77.0
19866,Superfast,2026-09-27,9,3,CSMT,0,0,5,heavy_rain,True,0.0,0,0,0,0.0,0.0,0,8,0.0
19866,Superfast,2026-09-27,9,3,DR,1,9,5,heavy_rain,True,0.5,3,0,0,0.0,0.0,2,7,6.2
19866,Superfast,2026-09-27,9,3,TNA,2,34,6,heavy_rain,True,0.42,0,0,0,6.2,6.2,2,6,7.1
19866,Superfast,2026-09-27,9,3,KYN,3,54,6,heavy_rain,True,0.52,2,0,1,13.3,7.1,2,5,10.5
19866,Superfast,2026-09-27,9,3,LNL,4,128,7,heavy_rain,True,0.31,3,0,3,23.8,10.5,2,4,27.5
19866,Superfast,2026-09-27,9,3,PUNE,5,192,7,heavy_rain,True,0.17,4,1,0,51.3,27.5,2,3,37.5
19866,Superfast,2026-09-27,9,3,MRJ,6,471,11,heavy_rain,True,0.73,0,1,0,88.8,37.5,2,2,44.0
19866,Superfast,2026-09-27,9,3,SLI,7,478,11,heavy_rain,True,0.55,1,1,0,132.8,44.0,2,1,49.7
19866,Superfast,2026-09-27,9,3,KOP,8,518,12,heavy_rain,True,0.17,3,1,2,182.5,49.7,0,0,60.1
20640,Express,2026-09-27,9,3,KOP,0,0,14,heavy_rain,True,0.0,2,0,0,0.0,0.0,0,8,3.9
20640,Express,2026-09-27,9,3,SLI,1,40,15,heavy_rain,True,0.36,2,1,0,3.9,3.9,4,7,9.0
20640,Express,2026-09-27,9,3,MRJ,2,47,15,heavy_rain,True,0.55,1,0,0,12.9,9.0,4,6,11.6
20640,Express,2026-09-27,9,3,PUNE,3,326,18,heavy_rain,True,0.32,1,0,0,24.5,11.6,4,5,13.0
20640,Express,2026-09-27,9,3,LNL,4,390,19,heavy_rain,True,0.17,0,0,0,37.5,13.0,4,4,22.9
20640,Express,2026-09-27,9,3,KYN,5,464,20,heavy_rain,True,0.64,1,1,0,60.4,22.9,4,3,31.0
20640,Express,2026-09-27,9,3,TNA,6,484,20,heavy_rain,True,0.57,2,1,0,91.4,31.0,4,2,41.4
20640,Express,2026-09-27,9,3,DR,7,509,21,heavy_rain,True,0.97,1,1,0,132.8,41.4,4,1,46.8
20640,Express,2026-09-27,9,3,CSMT,8,518,21,heavy_rain,True,0.31,3,1,1,179.6,46.8,0,0,57.2
20382,Intercity,2026-09-27,9,3,CSMT,0,0,14,heavy_rain,True,0.0,1,1,0,0.0,0.0,0,15,0.0
20382,Intercity,2026-09-27,9,3,DR,1,9,15,heavy_rain,True,0.67,0,0,0,0.0,0.0,4,14,1.5
20382,Intercity,2026-09-27,9,3,TNA,2,34,15,heavy_rain,True,0.29,1,0,0,1.5,1.5,4,13,2.9
20382,Intercity,2026-09-27,9,3,KYN,3,54,15,heavy_rain,True,0.37,0,0,0,4.4,2.9,4,12,5.1
20382,Intercity,2026-09-27,9,3,IGP,4,137,16,heavy_rain,True,0.16,0,0,0,9.5,5.1,4,11,11.7
20382,Intercity,2026-09-27,9,3,NK,5,188,17,heavy_rain,True,0.77,1,1,0,21.2,11.7,4,10,21.3
20382,Intercity,2026-09-27,9,3,MMR,6,261,18,heavy_rain,True,0.64,2,1,3,42.5,21.3,4,9,34.8
20382,Intercity,2026-09-27,9,3,CSN,7,328,19,heavy_rain,True,0.97,2,1,0,77.3,34.8,4,8,45.6
20382,Intercity,2026-09-27,9,3,JL,8,420,20,heavy_rain,True,0.33,2,1,2,122.9,45.6,4,7,53.6
20382,Intercity,2026-09-27,9,3,BSL,9,444,20,heavy_rain,True,0.1,1,1,0,176.5,53.6,4,6,58.5
20382,Intercity,2026-09-27,9,3,MKU,10,494,21,heavy_rain,True,0.74,4,1,0,235.0,58.5,4,5,72.1
20382,Intercity,2026-09-27,9,3,AK,11,583,22,heavy_rain,True,0.34,3,1,0,307.1,72.1,4,4,73.6
20382,Intercity,2026-09-27,9,3,BD,12,662,23,heavy_rain,True,0.17,1,1,0,380.7,73.6,4,3,98.2
20382,Intercity,2026-09-27,9,3,WR,13,757,0,heavy_rain,True,0.22,3,1,0,478.9,98.2,4,2,97.6
20382,Intercity,2026-09-27,9,3,NGP,14,837,1,heavy_rain,True,0.33,2,1,0,576.5,97.6,4,1,93.4
20382,Intercity,2026-09-27,9,3,G,15,967,2,heavy_rain,True,0.1,3,1,0,669.9,93.4,0,0,97.6
13742,Vande Bharat,2026-09-27,9,3,G,0,0,22,heavy_rain,True,0.0,1,0,0,0.0,0.0,0,15,0.0
13742,Vande Bharat,2026-09-27,9,3,NGP,1,130,0,heavy_rain,True,0.28,1,1,0,0.0,0.0,2,14,6.4
13742,Vande Bharat,2026-09-27,9,3,WR,2,210,1,heavy_rain,True,0.74,2,0,0,6.4,6.4,2,13,12.1
13742,Vande Bharat,2026-09-27,9,3,BD,3,305,2,heavy_rain,True,0.13,2,0,1,18.5,12.1,2,12,15.2
13742,Vande Bharat,2026-09-27,9,3,AK,4,384,3,heavy_rain,True,0.53,1,1,0,33.7,15.2,2,11,21.0
13742,Vande Bharat,2026-09-27,9,3,MKU,5,473,4,heavy_rain,True,0.4,0,1,0,54.7,21.0,2,10,25.9
13742,Vande Bharat,2026-09-27,9,3,BSL,6,523,5,heavy_rain,True,0.44,0,1,0,80.6,25.9,2,9,30.0
13742,Vande Bharat,2026-09-27,9,3,JL,7,547,5,heavy_rain,True,0.21,0,1,0,110.6,30.0,2,8,36.5
13742,Vande Bharat,2026-09-27,9,3,CSN,8,639,6,heavy_rain,True,0.57,0,1,0,147.1,36.5,2,7,36.5
13742,Vande Bharat,2026-09-27,9,3,MMR,9,706,7,heavy_rain,True,0.08,0,1,0,183.6,36.5,2,6,36.5
13742,Vande Bharat,2026-09-27,9,3,NK,10,779,8,heavy_rain,True,0.5,3,1,0,220.1,36.5,2,5,44.5
13742,Vande Bharat,2026-09-27,9,3,IGP,11,830,8,heavy_rain,True,0.93,1,1,0,264.6,44.5,2,4,63.3
13742,Vande Bharat,2026-09-27,9,3,KYN,12,913,9,heavy_rain,True,0.85,1,1,0,327.9,63.3,2,3,71.1
13742,Vande Bharat,2026-09-27,9,3,TNA,13,933,10,heavy_rain,True,0.61,0,1,0,399.0,71.1,2,2,73.3
13742,Vande Bharat,2026-09-27,9,3,DR,14,958,10,heavy_rain,True,0.66,0,1,0,472.3,73.3,2,1,76.9
13742,Vande Bharat,2026-09-27,9,3,CSMT,15,967,10,heavy_rain,True,1.0,0,1,0,549.2,76.9,0,0,78.6
19238,Express,2026-09-27,9,3,CSMT,0,0,6,heavy_rain,True,0.0,1,1,0,0.0,0.0,0,9,0.0
19238,Express,2026-09-27,9,3,DR,1,9,7,heavy_rain,True,0.37,1,0,0,0.0,0.0,4,8,1.2
19238,Express,2026-09-27,9,3,TNA,2,34,7,heavy_rain,True,0.45,2,0,0,1.2,1.2,4,7,3.6
19238,Express,2026-09-27,9,3,KYN,3,54,7,heavy_rain,True,0.34,0,0,0,4.8,3.6,4,6,6.2
19238,Express,2026-09-27,9,3,IGP,4,137,8,heavy_rain,True,0.93,2,0,3,11.0,6.2,4,5,34.3
19238,Express,2026-09-27,9,3,NK,5,188,9,heavy_rain,True,0.19,0,1,0,45.3,34.3,4,4,41.7
19238,Express,2026-09-27,9,3,MMR,6,261,10,heavy_rain,True,0.44,3,1,1,87.0,41.7,4,3,61.2
19238,Express,2026-09-27,9,3,AWB,7,375,11,heavy_rain,True,0.53,1,1,0,148.2,61.2,4,2,65.6
19238,Express,2026-09-27,9,3,J,8,438,12,heavy_rain,True,0.4,1,1,0,213.8,65.6,4,1,66.2
19238,Express,2026-09-27,9,3,NED,9,609,14,heavy_rain,True,0.37,0,1,0,280.0,66.2,0,0,67.6
17456,Mail,2026-09-27,9,3,NED,0,0,14,heavy_rain,True,0.0,1,0,0,0.0,0.0,0,9,0.0
17456,Mail,2026-09-27,9,3,J,1,171,16,heavy_rain,True,0.26,1,0,0,0.0,0.0,6,8,0.4
17456,Mail,2026-09-27,9,3,AWB,2,234,17,heavy_rain,True,0.64,1,0,0,0.4,0.4,6,7,7.6
17456,Mail,2026-09-27,9,3,MMR,3,348,19,heavy_rain,True,0.36,0,0,0,8.0,7.6,6,6,13.2
17456,Mail,2026-09-27,9,3,NK,4,421,19,heavy_rain,True,0.32,2,1,0,21.2,13.2,6,5,21.2
17456,Mail,2026-09-27,9,3,IGP,5,472,20,heavy_rain,True,0.43,2,1,2,42.4,21.2,6,4,49.1
17456,Mail,2026-09-27,9,3,KYN,6,555,21,heavy_rain,True,0.61,3,1,0,91.5,49.1,6,3,56.4
17456,Mail,2026-09-27,9,3,TNA,7,575,21,heavy_rain,True,0.82,1,1,0,147.9,56.4,6,2,64.5
17456,Mail,2026-09-27,9,3,DR,8,600,22,heavy_rain,True,0.47,0,1,0,212.4,64.5,6,1,66.1
17456,Mail,2026-09-27,9,3,CSMT,9,609,22,heavy_rain,True,0.24,2,1,0,278.5,66.1,0,0,66.0
21998,Superfast,2026-09-27,9,3,CSMT,0,0,16,heavy_rain,True,0.0,1,0,0,0.0,0.0,0,5,0.0
21998,Superfast,2026-09-27,9,3,DR,1,9,16,heavy_rain,True,0.25,1,0,0,0.0,0.0,2,4,2.2
21998,Superfast,2026-09-27,9,3,TNA,2,34,17,heavy_rain,True,0.76,1,0,0,2.2,2.2,2,3,10.5
21998,Superfast,2026-09-27,9,3,PNVL,3,69,17,heavy_rain,True,0.83,1,0,0,12.7,10.5,2,2,16.8
21998,Superfast,2026-09-27,9,3,RN,4,307,20,heavy_rain,True,0.37,1,1,0,29.5,16.8,2,1,24.8
21998,Superfast,2026-09-27,9,3,SWV,5,495,22,heavy_rain,True,0.22,0,1,0,54.3,24.8,0,0,28.8
22668,Superfast,2026-09-27,9,3,SWV,0,0,18,heavy_rain,True,0.0,2,1,1,0.0,0.0,0,5,0.0
22668,Superfast,2026-09-27,9,3,RN,1,188,20,heavy_rain,True,0.21,1,0,0,0.0,0.0,2,4,10.4
22668,Superfast,2026-09-27,9,3,PNVL,2,426,23,heavy_rain,True,0.28,1,0,0,10.4,10.4,2,3,10.8
22668,Superfast,2026-09-27,9,3,TNA,3,461,0,heavy_rain,True,0.62,0,0,0,21.2,10.8,2,2,10.5
22668,Superfast,2026-09-27,9,3,DR,4,486,0,heavy_rain,True,0.5,2,0,0,31.7,10.5,2,1,10.3
22668,Superfast,2026-09-27,9,3,CSMT,5,495,0,heavy_rain,True,0.47,1,0,0,42.0,10.3,0,0,12.0
22918,Vande Bharat,2026-09-27,9,3,PUNE,0,0,6,heavy_rain,True,0.0,1,0,0,0.0,0.0,0,7,0.0
22918,Vande Bharat,2026-09-27,9,3,DD,1,76,7,heavy_rain,True,0.26,2,1,0,0.0,0.0,2,6,9.5
22918,Vande Bharat,2026-09-27,9,3,MMR,2,69,7,heavy_rain,True,0.27,1,0,0,9.5,9.5,2,5,9.9
22918,Vande Bharat,2026-09-27,9,3,BSL,3,252,9,heavy_rain,True,0.64,1,0,0,19.4,9.9,2,4,10.7
22918,Vande Bharat,2026-09-27,9,3,AK,4,391,11,heavy_rain,True,0.45,0,0,0,30.1,10.7,2,3,16.1
22918,Vande Bharat,2026-09-27,9,3,BD,5,470,12,heavy_rain,True,0.39,3,1,2,46.2,16.1,2,2,49.3
22918,Vande Bharat,2026-09-27,9,3,WR,6,565,13,heavy_rain,True,0.21,0,1,0,95.5,49.3,2,1,51.6
22918,Vande Bharat,2026-09-27,9,3,NGP,7,645,14,heavy_rain,True,0.34,0,1,0,147.1,51.6,0,0,51.4
21857,Vande Bharat,2026-09-27,9,3,NGP,0,0,9,heavy_rain,True,0.0,4,0,1,0.0,0.0,0,7,6.2
21857,Vande Bharat,2026-09-27,9,3,WR,1,80,10,heavy_rain,True,0.59,0,0,0,6.2,6.2,2,6,12.2
21857,Vande Bharat,2026-09-27,9,3,BD,2,175,11,heavy_rain,True,0.28,1,0,0,18.4,12.2,2,5,15.8
21857,Vande Bharat,2026-09-27,9,3,AK,3,254,12,heavy_rain,True,0.73,0,1,0,34.2,15.8,2,4,26.5
21857,Vande Bharat,2026-09-27,9,3,BSL,4,393,14,heavy_rain,True,0.25,3,1,1,60.7,26.5,2,3,38.3
21857,Vande Bharat,2026-09-27,9,3,MMR,5,576,16,heavy_rain,True,0.26,0,1,0,99.0,38.3,2,2,43.1
21857,Vande Bharat,2026-09-27,9,3,DD,6,569,16,heavy_rain,True,0.19,0,1,0,142.1,43.1,2,1,43.3
21857,Vande Bharat,2026-09-27,9,3,PUNE,7,645,17,heavy_rain,True,0.88,1,1,0,185.4,43.3,0,0,51.9
18695,Intercity,2026-09-27,9,3,NGP,0,0,21,heavy_rain,True,0.0,0,0,0,0.0,0.0,0,9,3.4
18695,Intercity,2026-09-27,9,3,WR,1,80,22,heavy_rain,True,0.32,4,0,0,3.4,3.4,4,8,8.5
18695,Intercity,2026-09-27,9,3,BD,2,175,23,heavy_rain,True,0.07,2,0,0,11.9,8.5,4,7,8.2
18695,Intercity,2026-09-27,9,3,AK,3,254,0,heavy_rain,True,0.42,1,0,0,20.1,8.2,4,6,9.9
18695,Intercity,2026-09-27,9,3,BSL,4,393,2,heavy_rain,True,0.37,1,0,0,30.0,9.9,4,5,9.8
18695,Intercity,2026-09-27,9,3,MMR,5,576,4,heavy_rain,True,0.21,0,0,0,39.8,9.8,4,4,9.2
18695,Intercity,2026-09-27,9,3,DD,6,569,4,heavy_rain,True,0.21,4,0,0,49.0,9.2,4,3,17.4
18695,Intercity,2026-09-27,9,3,PUNE,7,645,5,heavy_rain,True,0.07,2,1,1,66.4,17.4,4,2,23.9
18695,Intercity,2026-09-27,9,3,MRJ,8,366,2,heavy_rain,True,0.62,3,1,2,90.3,23.9,4,1,40.8
18695,Intercity,2026-09-27,9,3,KOP,9,319,1,heavy_rain,True,0.63,1,1,0,131.1,40.8,0,0,44.9
21542,Mail,2026-09-27,9,3,KOP,0,0,10,heavy_rain,True,0.0,0,0,0,0.0,0.0,0,9,0.0
21542,Mail,2026-09-27,9,3,MRJ,1,47,10,heavy_rain,True,0.49,2,0,0,0.0,0.0,6,8,4.1
21542,Mail,2026-09-27,9,3,PUNE,2,326,14,heavy_rain,True,0.46,0,0,0,4.1,4.1,6,7,5.9
21542,Mail,2026-09-27,9,3,DD,3,250,13,heavy_rain,True,0.7,1,0,0,10.0,5.9,6,6,9.5
21542,Mail,2026-09-27,9,3,MMR,4,257,13,heavy_rain,True,0.32,1,0,0,19.5,9.5,6,5,9.9
21542,Mail,2026-09-27,9,3,BSL,5,74,10,heavy_rain,True,0.55,0,1,0,29.4,9.9,6,4,21.1
21542,Mail,2026-09-27,9,3,AK,6,65,10,heavy_rain,True,0.27,1,1,0,50.5,21.1,6,3,32.3
21542,Mail,2026-09-27,9,3,BD,7,144,11,heavy_rain,True,0.25,1,1,0,82.8,32.3,6,2,40.0
21542,Mail,2026-09-27,9,3,WR,8,239,13,heavy_rain,True,0.3,0,1,0,122.8,40.0,6,1,41.9
21542,Mail,2026-09-27,9,3,NGP,9,319,14,heavy_rain,True,0.36,3,1,0,164.7,41.9,0,0,53.9
12404,Express,2026-10-01,10,5,CSMT,0,0,8,clear,False,0.0,1,0,0,0.0,0.0,0,10,0.0
12404,Express,2026-10-01,10,5,DR,1,9,9,clear,False,0.08,1,1,0,0.0,0.0,4,9,8.4
12404,Express,2026-10-01,10,5,TNA,2,34,9,clear,False,0.62,1,0,0,8.4,8.4,4,8,8.9
12404,Express,2026-10-01,10,5,KYN,3,54,9,clear,False,0.13,1,0,0,17.3,8.9,4,7,14.0
12404,Express,2026-10-01,10,5,KJT,4,100,10,clear,False,0.52,0,0,0,31.3,14.0,4,6,17.3
12404,Express,2026-10-01,10,5,LNL,5,128,10,clear,False,0.54,3,1,0,48.6,17.3,4,5,30.6
12404,Express,2026-10-01,10,5,SVJR,6,190,11,clear,False,0.76,1,1,0,79.2,30.6,4,4,40.4
12404,Express,2026-10-01,10,5,PUNE,7,192,11,clear,False,0.42,0,1,0,119.6,40.4,4,3,46.6
12404,Express,2026-10-01,10,5,DD,8,268,12,clear,False,0.2,3,1,1,166.2,46.6,4,2,55.5
12404,Express,2026-10-01,10,5,KWV,9,377,13,clear,False,0.56,1,1,0,221.7,55.5,4,1,59.3
12404,Express,2026-10-01,10,5,SUR,10,455,14,clear,False,0.54,3,1,2,281.0,59.3,0,0,71.0
19246,Mail,2026-10-01,10,5,SUR,0,0,18,clear,False,0.0,2,0,0,0.0,0.0,0,10,1.4
19246,Mail,2026-10-01,10,5,KWV,1,78,19,clear,False,0.3,3,0,0,1.4,1.4,6,9,12.7
19246,Mail,2026-10-01,10,5,DD,2,187,20,clear,False,0.87,1,0,0,14.1,12.7,6,8,22.3
19246,Mail,2026-10-01,10,5,PUNE,3,263,21,clear,False,0.47,2,1,2,36.4,22.3,6,7,33.9
19246,Mail,2026-10-01,10,5,SVJR,4,265,21,clear,False,0.97,1,1,0,70.3,33.9,6,6,43.5
19246,Mail,2026-10-01,10,5,LNL,5,327,22,clear,False,0.18,1,1,0,113.8,43.5,6,5,46.8
19246,Mail,2026-10-01,10,5,KJT,6,355,22,clear,False,0.22,3,1,0,160.6,46.8,6,4,58.6
19246,Mail,2026-10-01,10,5,KYN,7,401,23,clear,False,0.36,1,1,0,219.2,58.6,6,3,61.3
19246,Mail,2026-10-01,10,5,TNA,8,421,23,clear,False,0.17,2,1,0,280.5,61.3,6,2,62.7
19246,Mail,2026-10-01,10,5,DR,9,446,0,clear,False,0.28,1,1,0,343.2,62.7,6,1,61.4
19246,Mail,2026-10-01,10,5,CSMT,10,455,0,clear,False,0.44,1,1,0,404.6,61.4,0,0,64.9
20469,Vande Bharat,2026-10-01,10,5,CSMT,0,0,14,clear,False,0.0,1,1,0,0.0,0.0,0,8,0.0
20469,Vande Bharat,2026-10-01,10,5,DR,1,9,14,clear,False,0.12,1,1,0,0.0,0.0,2,7,6.6
20469,Vande Bharat,2026-10-01,10,5,TNA,2,34,14,clear,False,0.46,1,0,0,6.6,6.6,2,6,6.3
20469,Vande Bharat,2026-10-01,10,5,KYN,3,54,15,clear,False,0.39,1,0,0,12.9,6.3,2,5,6.0
20469,Vande Bharat,2026-10-01,10,5,LNL,4,128,16,clear,False,0.23,1,0,0,18.9,6.0,2,4,8.5
20469,Vande Bharat,2026-10-01,10,5,PUNE,5,192,16,clear,False,0.32,4,0,0,27.4,8.5,2,3,11.1
20469,Vande Bharat,2026-10-01,10,5,MRJ,6,471,20,clear,False,0.39,1,0,0,38.5,11.1,2,2,13.6
20469,Vande Bharat,2026-10-01,10,5,SLI,7,478,20,clear,False,0.39,0,0,0,52.1,13.6,2,1,16.9
20469,Vande Bharat,2026-10-01,10,5,KOP,8,518,20,clear,False,0.97,1,1,0,69.0,16.9,0,0,30.8
16641,Mail,2026-10-01,10,5,KOP,0,0,18,clear,False,0.0,0,0,0,0.0,0.0,0,8,8.8
16641,Mail,2026-10-01,10,5,SLI,1,40,19,clear,False,0.24,0,0,0,8.8,8.8,6,7,11.8
16641,Mail,2026-10-01,10,5,MRJ,2,47,19,clear,False,0.4,3,1,0,20.6,11.8,6,6,28.0
16641,Mail,2026-10-01,10,5,PUNE,3,326,23,clear,False,0.11,2,1,1,48.6,28.0,6,5,36.5
16641,Mail,2026-10-01,10,5,LNL,4,390,23,clear,False,0.39,2,1,0,85.1,36.5,6,4,38.4
16641,Mail,2026-10-01,10,5,KYN,5,464,0,clear,False,0.52,1,1,0,123.5,38.4,6,3,43.9
16641,Mail,2026-10-01,10,5,TNA,6,484,0,clear,False,0.19,2,1,1,167.4,43.9,6,2,47.0
16641,Mail,2026-10-01,10,5,DR,7,509,1,clear,False,0.49,0,1,0,214.4,47.0,6,1,49.0
16641,Mail,2026-10-01,10,5,CSMT,8,518,1,clear,False,0.16,1,1,0,263.4,49.0,0,0,50.8
17564,Intercity,2026-10-01,10,5,CSMT,0,0,16,clear,False,0.0,2,0,2,0.0,0.0,0,15,0.0
17564,Intercity,2026-10-01,10,5,DR,1,9,16,clear,False,0.48,1,0,0,0.0,0.0,4,14,1.5
17564,Intercity,2026-10-01,10,5,TNA,2,34,16,clear,False,0.26,0,0,0,1.5,1.5,4,13,1.7
17564,Intercity,2026-10-01,10,5,KYN,3,54,16,clear,False,0.25,2,0,0,3.2,1.7,4,12,6.2
17564,Intercity,2026-10-01,10,5,IGP,4,137,17,clear,False,0.48,1,0,0,9.4,6.2,4,11,10.0
17564,Intercity,2026-10-01,10,5,NK,5,188,18,clear,False,0.23,0,1,0,19.4,10.0,4,10,21.7
17564,Intercity,2026-10-01,10,5,MMR,6,261,19,clear,False,0.23,0,1,0,41.1,21.7,4,9,31.2
17564,Intercity,2026-10-01,10,5,CSN,7,328,20,clear,False,0.6,0,1,0,72.3,31.2,4,8,35.2
17564,Intercity,2026-10-01,10,5,JL,8,420,21,clear,False,0.4,4,1,0,107.5,35.2,4,7,48.3
17564,Intercity,2026-10-01,10,5,BSL,9,444,21,clear,False,0.73,1,1,0,155.8,48.3,4,6,60.2
17564,Intercity,2026-10-01,10,5,MKU,10,494,22,clear,False,0.56,1,1,0,216.0,60.2,4,5,62.3
17564,Intercity,2026-10-01,10,5,AK,11,583,23,clear,False,0.24,0,1,0,278.3,62.3,4,4,63.1
17564,Intercity,2026-10-01,10,5,BD,12,662,0,clear,False,0.32,1,1,0,341.4,63.1,4,3,62.4
17564,Intercity,2026-10-01,10,5,WR,13,757,1,clear,False,0.36,3,1,3,403.8,62.4,4,2,79.1
17564,Intercity,2026-10-01,10,5,NGP,14,837,2,clear,False,0.43,1,1,0,482.9,79.1,4,1,81.1
17564,Intercity,2026-10-01,10,5,G,15,967,4,clear,False,0.31,0,1,0,564.0,81.1,0,0,77.7
11076,Mail,2026-10-01,10,5,G,0,0,9,clear,False,0.0,0,1,0,0.0,0.0,0,15,0.0
11076,Mail,2026-10-01,10,5,NGP,1,130,11,clear,False,0.33,3,0,3,0.0,0.0,6,14,20.5
11076,Mail,2026-10-01,10,5,WR,2,210,12,clear,False,0.31,3,1,0,20.5,20.5,6,13,29.2
11076,Mail,2026-10-01,10,5,BD,3,305,13,clear,False,0.5,2,1,0,49.7,29.2,6,12,30.4
11076,Mail,2026-10-01,10,5,AK,4,384,14,clear,False,0.51,2,1,3,80.1,30.4,6,11,45.0
11076,Mail,2026-10-01,10,5,MKU,5,473,15,clear,False,0.17,1,1,0,125.1,45.0,6,10,47.1
11076,Mail,2026-10-01,10,5,BSL,6,523,16,clear,False,0.04,1,1,0,172.2,47.1,6,9,53.2
11076,Mail,2026-10-01,10,5,JL,7,547,16,clear,False,0.29,0,1,0,225.4,53.2,6,8,56.0
11076,Mail,2026-10-01,10,5,CSN,8,639,17,clear,False,0.8,1,1,0,281.4,56.0,6,7,67.3
11076,Mail,2026-10-01,10,5,MMR,9,706,18,clear,False,0.58,2,1,0,348.7,67.3,6,6,66.8
11076,Mail,2026-10-01,10,5,NK,10,779,19,clear,False,0.53,4,1,0,415.5,66.8,6,5,71.6
11076,Mail,2026-10-01,10,5,IGP,11,830,20,clear,False,0.85,2,1,0,487.1,71.6,6,4,80.3
11076,Mail,2026-10-01,10,5,KYN,12,913,21,clear,False,0.26,2,1,0,567.4,80.3,6,3,78.1
11076,Mail,2026-10-01,10,5,TNA,13,933,21,clear,False,0.47,3,1,0,645.5,78.1,6,2,85.8
11076,Mail,2026-10-01,10,5,DR,14,958,21,clear,False,0.46,3,1,2,731.3,85.8,6,1,96.3
11076,Mail,2026-10-01,10,5,CSMT,15,967,21,clear,False,0.36,2,1,0,827.6,96.3,0,0,92.1
14847,Superfast,2026-10-01,10,5,CSMT,0,0,18,clear,False,0.0,0,1,0,0.0,0.0,0,9,0.0
14847,Superfast,2026-10-01,10,5,DR,1,9,18,clear,False,0.66,1,1,0,0.0,0.0,2,8,8.5
14847,Superfast,2026-10-01,10,5,TNA,2,34,18,clear,False,0.33,0,0,0,8.5,8.5,2,7,11.4
14847,Superfast,2026-10-01,10,5,KYN,3,54,18,clear,False,0.54,2,0,1,19.9,11.4,2,6,16.3
14847,Superfast,2026-10-01,10,5,IGP,4,137,19,clear,False,0.64,2,1,0,36.2,16.3,2,5,22.8
14847,Superfast,2026-10-01,10,5,NK,5,188,20,clear,False,0.56,1,1,0,59.0,22.8,2,4,33.0
14847,Superfast,2026-10-01,10,5,MMR,6,261,21,clear,False,0.45,1,1,0,92.0,33.0,2,3,37.1
14847,Superfast,2026-10-01,10,5,AWB,7,375,22,clear,False,0.66,3,1,0,129.1,37.1,2,2,42.6
14847,Superfast,2026-10-01,10,5,J,8,438,23,clear,False,0.33,4,1,0,171.7,42.6,2,1,48.5
14847,Superfast,2026-10-01,10,5,NED,9,609,1,clear,False,0.75,0,1,0,220.2,48.5,0,0,53.5
19613,Vande Bharat,2026-10-01,10,5,NED,0,0,19,clear,False,0.0,1,0,0,0.0,0.0,0,9,0.0
19613,Vande Bharat,2026-10-01,10,5,J,1,171,21,clear,False,0.19,2,1,3,0.0,0.0,2,8,18.3
19613,Vande Bharat,2026-10-01,10,5,AWB,2,234,22,clear,False,0.66,2,1,1,18.3,18.3,2,7,31.0
19613,Vande Bharat,2026-10-01,10,5,MMR,3,348,23,clear,False,0.09,0,1,0,49.3,31.0,2,6,34.6
19613,Vande Bharat,2026-10-01,10,5,NK,4,421,0,clear,False,0.24,1,1,0,83.9,34.6,2,5,38.4
19613,Vande Bharat,2026-10-01,10,5,IGP,5,472,1,clear,False,0.23,1,1,0,122.3,38.4,2,4,43.5
19613,Vande Bharat,2026-10-01,10,5,KYN,6,555,2,clear,False,0.26,1,1,0,165.8,43.5,2,3,45.1
19613,Vande Bharat,2026-10-01,10,5,TNA,7,575,2,clear,False,0.14,1,1,0,210.9,45.1,2,2,49.8
19613,Vande Bharat,2026-10-01,10,5,DR,8,600,2,clear,False,0.5,1,1,0,260.7,49.8,2,1,49.8
19613,Vande Bharat,2026-10-01,10,5,CSMT,9,609,2,clear,False,0.65,0,1,0,310.5,49.8,0,0,57.4
16981,Express,2026-10-01,10,5,CSMT,0,0,20,clear,False,0.0,0,1,0,0.0,0.0,0,5,0.0
16981,Express,2026-10-01,10,5,DR,1,9,20,clear,False,0.66,0,1,0,0.0,0.0,4,4,14.5
16981,Express,2026-10-01,10,5,TNA,2,34,20,clear,False,0.16,1,0,0,14.5,14.5,4,3,16.9
16981,Express,2026-10-01,10,5,PNVL,3,69,21,clear,False,0.27,1,1,0,31.4,16.9,4,2,26.0
16981,Express,2026-10-01,10,5,RN,4,307,0,clear,False,0.4,0,1,0,57.4,26.0,4,1,32.7
16981,Express,2026-10-01,10,5,SWV,5,495,2,clear,False,0.35,0,1,0,90.1,32.7,0,0,36.5
17906,Superfast,2026-10-01,10,5,SWV,0,0,13,clear,False,0.0,2,0,1,0.0,0.0,0,5,0.0
17906,Superfast,2026-10-01,10,5,RN,1,188,16,clear,False,0.18,1,0,0,0.0,0.0,2,4,1.5
17906,Superfast,2026-10-01,10,5,PNVL,2,426,19,clear,False,0.07,1,0,0,1.5,1.5,2,3,8.5
17906,Superfast,2026-10-01,10,5,TNA,3,461,19,clear,False,0.52,2,1,1,10.0,8.5,2,2,19.6
17906,Superfast,2026-10-01,10,5,DR,4,486,20,clear,False,0.26,1,1,0,29.6,19.6,2,1,30.7
17906,Superfast,2026-10-01,10,5,CSMT,5,495,20,clear,False,0.31,1,1,0,60.3,30.7,0,0,36.9
16903,Express,2026-10-01,10,5,PUNE,0,0,15,clear,False,0.0,1,1,0,0.0,0.0,0,7,19.3
16903,Express,2026-10-01,10,5,DD,1,76,16,clear,False,0.07,3,1,0,19.3,19.3,4,6,31.5
16903,Express,2026-10-01,10,5,MMR,2,69,15,clear,False,0.63,1,1,0,50.8,31.5,4,5,41.8
16903,Express,2026-10-01,10,5,BSL,3,252,18,clear,False,0.42,0,1,0,92.6,41.8,4,4,46.1
16903,Express,2026-10-01,10,5,AK,4,391,19,clear,False,0.57,1,1,0,138.7,46.1,4,3,48.5
16903,Express,2026-10-01,10,5,BD,5,470,20,clear,False,0.91,1,1,0,187.2,48.5,4,2,58.3
16903,Express,2026-10-01,10,5,WR,6,565,22,clear,False,0.19,3,1,0,245.5,58.3,4,1,67.3
16903,Express,2026-10-01,10,5,NGP,7,645,23,clear,False,0.42,1,1,0,312.8,67.3,0,0,71.4
21495,Superfast,2026-10-01,10,5,NGP,0,0,19,clear,False,0.0,1,0,0,0.0,0.0,0,7,0.0
21495,Superfast,2026-10-01,10,5,WR,1,80,20,clear,False,0.24,0,1,0,0.0,0.0,2,6,9.2
21495,Superfast,2026-10-01,10,5,BD,2,175,21,clear,False,0.51,0,0,0,9.2,9.2,2,5,12.3
21495,Superfast,2026-10-01,10,5,AK,3,254,22,clear,False,0.25,1,0,0,21.5,12.3,2,4,13.2
21495,Superfast,2026-10-01,10,5,BSL,4,393,0,clear,False,0.54,1,0,0,34.7,13.2,2,3,13.4
21495,Superfast,2026-10-01,10,5,MMR,5,576,2,clear,False,0.42,1,0,0,48.1,13.4,2,2,14.6
21495,Superfast,2026-10-01,10,5,DD,6,569,2,clear,False,0.32,1,0,0,62.7,14.6,2,1,14.4
21495,Superfast,2026-10-01,10,5,PUNE,7,645,3,clear,False,0.5,4,0,0,77.1,14.4,0,0,20.9
13048,Vande Bharat,2026-10-01,10,5,NGP,0,0,18,clear,False,0.0,3,0,0,0.0,0.0,0,9,17.1
13048,Vande Bharat,2026-10-01,10,5,WR,1,80,19,clear,False,0.07,0,1,0,17.1,17.1,2,8,23.9
13048,Vande Bharat,2026-10-01,10,5,BD,2,175,20,clear,False,0.15,3,1,0,41.0,23.9,2,7,37.5
13048,Vande Bharat,2026-10-01,10,5,AK,3,254,21,clear,False,0.34,1,1,0,78.5,37.5,2,6,47.0
13048,Vande Bharat,2026-10-01,10,5,BSL,4,393,23,clear,False,0.17,0,1,0,125.5,47.0,2,5,50.4
13048,Vande Bharat,2026-10-01,10,5,MMR,5,576,1,clear,False,0.5,0,1,0,175.9,50.4,2,4,54.1
13048,Vande Bharat,2026-10-01,10,5,DD,6,569,1,clear,False,0.42,3,1,0,230.0,54.1,2,3,61.0
13048,Vande Bharat,2026-10-01,10,5,PUNE,7,645,2,clear,False,0.29,1,1,0,291.0,61.0,2,2,61.4
13048,Vande Bharat,2026-10-01,10,5,MRJ,8,366,22,clear,False,0.54,0,1,0,352.4,61.4,2,1,66.5
13048,Vande Bharat,2026-10-01,10,5,KOP,9,319,22,clear,False,0.09,0,1,0,418.9,66.5,0,0,67.8
18801,Express,2026-10-01,10,5,KOP,0,0,13,clear,False,0.0,3,0,0,0.0,0.0,0,9,0.0
18801,Express,2026-10-01,10,5,MRJ,1,47,13,clear,False,0.32,1,0,0,0.0,0.0,4,8,0.5
18801,Express,2026-10-01,10,5,PUNE,2,326,17,clear,False,0.47,1,0,0,0.5,0.5,4,7,8.7
18801,Express,2026-10-01,10,5,DD,3,250,16,clear,False,0.14,3,0,1,9.2,8.7,4,6,12.7
18801,Express,2026-10-01,10,5,MMR,4,257,16,clear,False,0.58,1,0,0,21.9,12.7,4,5,13.9
18801,Express,2026-10-01,10,5,BSL,5,74,14,clear,False,0.2,1,0,0,35.8,13.9,4,4,13.7
18801,Express,2026-10-01,10,5,AK,6,65,14,clear,False,0.61,0,0,0,49.5,13.7,4,3,13.0
18801,Express,2026-10-01,10,5,BD,7,144,15,clear,False,0.51,1,1,0,62.5,13.0,4,2,16.9
18801,Express,2026-10-01,10,5,WR,8,239,16,clear,False,0.35,0,1,0,79.4,16.9,4,1,19.2
18801,Express,2026-10-01,10,5,NGP,9,319,17,clear,False,0.29,2,1,0,98.6,19.2,0,0,31.7
18816,Intercity,2026-09-23,9,0,CSMT,0,0,10,rain,True,0.0,2,0,1,0.0,0.0,0,10,0.0
18816,Intercity,2026-09-23,9,0,DR,1,9,10,rain,True,0.34,0,0,0,0.0,0.0,4,9,5.1
18816,Intercity,2026-09-23,9,0,TNA,2,34,10,rain,True,0.28,1,0,0,5.1,5.1,4,8,9.1
18816,Intercity,2026-09-23,9,0,KYN,3,54,11,rain,True,0.52,2,0,1,14.2,9.1,4,7,15.0
18816,Intercity,2026-09-23,9,0,KJT,4,100,11,rain,True,0.73,0,1,0,29.2,15.0,4,6,36.2
18816,Intercity,2026-09-23,9,0,LNL,5,128,11,rain,True,0.39,1,1,0,65.4,36.2,4,5,54.6
18816,Intercity,2026-09-23,9,0,SVJR,6,190,12,rain,True,0.4,2,1,1,120.0,54.6,4,4,56.0
18816,Intercity,2026-09-23,9,0,PUNE,7,192,12,rain,True,0.56,1,1,0,176.0,56.0,4,3,52.8
18816,Intercity,2026-09-23,9,0,DD,8,268,13,rain,True,0.43,1,1,0,228.8,52.8,4,2,55.5
18816,Intercity,2026-09-23,9,0,KWV,9,377,15,rain,True,0.23,0,1,0,284.3,55.5,4,1,53.5
18816,Intercity,2026-09-23,9,0,SUR,10,455,16,rain,True,0.4,0,1,0,337.8,53.5,0,0,57.4
21120,Intercity,2026-09-23,9,0,SUR,0,0,13,rain,True,0.0,1,0,0,0.0,0.0,0,10,15.9
21120,Intercity,2026-09-23,9,0,KWV,1,78,14,rain,True,0.31,4,1,3,15.9,15.9,4,9,38.1
21120,Intercity,2026-09-23,9,0,DD,2,187,15,rain,True,0.33,1,1,0,54.0,38.1,4,8,42.6
21120,Intercity,2026-09-23,9,0,PUNE,3,263,16,rain,True,0.71,1,1,0,96.6,42.6,4,7,52.7
21120,Intercity,2026-09-23,9,0,SVJR,4,265,16,rain,True,0.36,0,1,0,149.3,52.7,4,6,53.2
21120,Intercity,2026-09-23,9,0,LNL,5,327,17,rain,True,0.56,0,1,0,202.5,53.2,4,5,65.9
21120,Intercity,2026-09-23,9,0,KJT,6,355,17,rain,True,0.43,2,1,0,268.4,65.9,4,4,77.3
21120,Intercity,2026-09-23,9,0,KYN,7,401,18,rain,True,0.4,2,1,0,345.7,77.3,4,3,79.0
21120,Intercity,2026-09-23,9,0,TNA,8,421,18,rain,True,0.81,2,1,0,424.7,79.0,4,2,85.4
21120,Intercity,2026-09-23,9,0,DR,9,446,18,rain,True,0.14,1,1,0,510.1,85.4,4,1,88.8
21120,Intercity,2026-09-23,9,0,CSMT,10,455,18,rain,True,0.6,0,1,0,598.9,88.8,0,0,89.0
17251,Express,2026-09-23,9,0,CSMT,0,0,19,rain,True,0.0,2,0,1,0.0,0.0,0,8,0.0
17251,Express,2026-09-23,9,0,DR,1,9,20,rain,True,0.66,2,1,0,0.0,0.0,4,7,11.9
17251,Express,2026-09-23,9,0,TNA,2,34,20,rain,True,0.26,2,0,3,11.9,11.9,4,6,19.6
17251,Express,2026-09-23,9,0,KYN,3,54,20,rain,True,0.47,1,1,0,31.5,19.6,4,5,25.1
17251,Express,2026-09-23,9,0,LNL,4,128,21,rain,True,0.03,1,1,0,56.6,25.1,4,4,40.9
17251,Express,2026-09-23,9,0,PUNE,5,192,22,rain,True,0.42,1,1,0,97.5,40.9,4,3,42.3
17251,Express,2026-09-23,9,0,MRJ,6,471,1,rain,True,0.57,3,1,0,139.8,42.3,4,2,52.7
17251,Express,2026-09-23,9,0,SLI,7,478,1,rain,True,0.26,1,1,0,192.5,52.7,4,1,56.6
17251,Express,2026-09-23,9,0,KOP,8,518,2,rain,True,0.48,3,1,0,249.1,56.6,0,0,62.9
14866,Vande Bharat,2026-09-23,9,0,KOP,0,0,16,rain,True,0.0,0,0,0,0.0,0.0,0,8,11.9
14866,Vande Bharat,2026-09-23,9,0,SLI,1,40,16,rain,True,0.27,2,1,0,11.9,11.9,2,7,16.8
14866,Vande Bharat,2026-09-23,9,0,MRJ,2,47,16,rain,True,0.2,2,1,0,28.7,16.8,2,6,19.2
14866,Vande Bharat,2026-09-23,9,0,PUNE,3,326,20,rain,True,0.38,1,1,0,47.9,19.2,2,5,25.2
14866,Vande Bharat,2026-09-23,9,0,LNL,4,390,21,rain,True,0.69,0,1,0,73.1,25.2,2,4,38.9
14866,Vande Bharat,2026-09-23,9,0,KYN,5,464,22,rain,True,0.16,1,1,0,112.0,38.9,2,3,39.1
14866,Vande Bharat,2026-09-23,9,0,TNA,6,484,22,rain,True,0.63,4,1,0,151.1,39.1,2,2,49.7
14866,Vande Bharat,2026-09-23,9,0,DR,7,509,22,rain,True,0.3,1,1,0,200.8,49.7,2,1,48.6
14866,Vande Bharat,2026-09-23,9,0,CSMT,8,518,22,rain,True,0.26,2,1,0,249.4,48.6,0,0,49.7
21561,Mail,2026-09-23,9,0,CSMT,0,0,18,rain,True,0.0,1,1,0,0.0,0.0,0,15,0.0
21561,Mail,2026-09-23,9,0,DR,1,9,18,rain,True,0.81,1,1,0,0.0,0.0,6,14,16.1
21561,Mail,2026-09-23,9,0,TNA,2,34,19,rain,True,0.64,3,1,0,16.1,16.1,6,13,29.1
21561,Mail,2026-09-23,9,0,KYN,3,54,19,rain,True,0.43,1,1,0,45.2,29.1,6,12,39.7
21561,Mail,2026-09-23,9,0,IGP,4,137,20,rain,True,0.5,0,1,0,84.9,39.7,6,11,55.2
21561,Mail,2026-09-23,9,0,NK,5,188,20,rain,True,0.58,1,1,0,140.1,55.2,6,10,57.9
21561,Mail,2026-09-23,9,0,MMR,6,261,21,rain,True,0.61,1,1,0,198.0,57.9,6,9,59.8
21561,Mail,2026-09-23,9,0,CSN,7,328,22,rain,True,0.47,3,1,0,257.8,59.8,6,8,67.4
21561,Mail,2026-09-23,9,0,JL,8,420,23,rain,True,0.23,0,1,0,325.2,67.4,6,7,64.9
21561,Mail,2026-09-23,9,0,BSL,9,444,0,rain,True,0.62,1,1,0,390.1,64.9,6,6,64.0
21561,Mail,2026-09-23,9,0,MKU,10,494,0,rain,True,0.34,0,1,0,454.1,64.0,6,5,64.7
21561,Mail,2026-09-23,9,0,AK,11,583,1,rain,True,0.21,1,1,0,518.8,64.7,6,4,65.4
21561,Mail,2026-09-23,9,0,BD,12,662,2,rain,True,0.83,0,1,0,584.2,65.4,6,3,70.6
21561,Mail,2026-09-23,9,0,WR,13,757,4,rain,True,0.31,2,1,1,654.8,70.6,6,2,72.8
21561,Mail,2026-09-23,9,0,NGP,14,837,5,rain,True,0.22,2,1,0,727.6,72.8,6,1,73.5
21561,Mail,2026-09-23,9,0,G,15,967,6,rain,True,0.55,1,1,0,801.1,73.5,0,0,76.1
13525,Mail,2026-09-23,9,0,G,0,0,16,rain,True,0.0,1,1,0,0.0,0.0,0,15,0.0
13525,Mail,2026-09-23,9,0,NGP,1,130,17,rain,True,0.8,0,0,0,0.0,0.0,6,14,6.6
13525,Mail,2026-09-23,9,0,WR,2,210,18,rain,True,0.49,0,0,0,6.6,6.6,6,13,9.3
13525,Mail,2026-09-23,9,0,BD,3,305,19,rain,True,0.11,0,0,0,15.9,9.3,6,12,10.7
13525,Mail,2026-09-23,9,0,AK,4,384,20,rain,True,0.44,0,0,0,26.6,10.7,6,11,12.4
13525,Mail,2026-09-23,9,0,MKU,5,473,21,rain,True,0.31,2,0,0,39.0,12.4,6,10,16.5
13525,Mail,2026-09-23,9,0,BSL,6,523,22,rain,True,0.55,2,1,0,55.5,16.5,6,9,21.8
13525,Mail,2026-09-23,9,0,JL,7,547,22,rain,True,0.26,1,1,0,77.3,21.8,6,8,24.7
13525,Mail,2026-09-23,9,0,CSN,8,639,0,rain,True,0.15,3,1,0,102.0,24.7,6,7,36.3
13525,Mail,2026-09-23,9,0,MMR,9,706,0,rain,True,0.19,3,1,1,138.3,36.3,6,6,48.8
13525,Mail,2026-09-23,9,0,NK,10,779,1,rain,True,0.11,0,1,0,187.1,48.8,6,5,52.5
13525,Mail,2026-09-23,9,0,IGP,11,830,2,rain,True,0.4,3,1,0,239.6,52.5,6,4,64.3
13525,Mail,2026-09-23,9,0,KYN,12,913,3,rain,True,0.39,2,1,0,303.9,64.3,6,3,64.3
13525,Mail,2026-09-23,9,0,TNA,13,933,3,rain,True,0.4,0,1,0,368.2,64.3,6,2,63.1
13525,Mail,2026-09-23,9,0,DR,14,958,4,rain,True,0.15,1,1,0,431.3,63.1,6,1,64.2
13525,Mail,2026-09-23,9,0,CSMT,15,967,4,rain,True,0.41,4,1,1,495.5,64.2,0,0,72.9
17313,Mail,2026-09-23,9,0,CSMT,0,0,8,rain,True,0.0,0,0,0,0.0,0.0,0,9,31.8
17313,Mail,2026-09-23,9,0,DR,1,9,8,rain,True,0.47,2,1,0,31.8,31.8,6,8,38.9
17313,Mail,2026-09-23,9,0,TNA,2,34,8,rain,True,0.35,1,1,0,70.7,38.9,6,7,47.0
17313,Mail,2026-09-23,9,0,KYN,3,54,9,rain,True,0.39,1,1,0,117.7,47.0,6,6,55.1
17313,Mail,2026-09-23,9,0,IGP,4,137,10,rain,True,0.27,3,1,0,172.8,55.1,6,5,65.7
17313,Mail,2026-09-23,9,0,NK,5,188,10,rain,True,0.42,1,1,0,238.5,65.7,6,4,69.8
17313,Mail,2026-09-23,9,0,MMR,6,261,11,rain,True,0.9,0,1,0,308.3,69.8,6,3,76.4
17313,Mail,2026-09-23,9,0,AWB,7,375,13,rain,True,0.66,1,1,0,384.7,76.4,6,2,73.1
17313,Mail,2026-09-23,9,0,J,8,438,13,rain,True,0.8,1,1,0,457.8,73.1,6,1,76.6
17313,Mail,2026-09-23,9,0,NED,9,609,16,rain,True,0.45,1,1,0,534.4,76.6,0,0,75.1
22892,Intercity,2026-09-23,9,0,NED,0,0,10,rain,True,0.0,1,0,0,0.0,0.0,0,9,0.0
22892,Intercity,2026-09-23,9,0,J,1,171,12,rain,True,0.46,2,0,0,0.0,0.0,4,8,0.5
22892,Intercity,2026-09-23,9,0,AWB,2,234,13,rain,True,0.38,4,1,0,0.5,0.5,4,7,17.2
22892,Intercity,2026-09-23,9,0,MMR,3,348,15,rain,True,0.25,1,1,0,17.7,17.2,4,6,24.6
22892,Intercity,2026-09-23,9,0,NK,4,421,16,rain,True,0.4,0,1,0,42.3,24.6,4,5,28.8
22892,Intercity,2026-09-23,9,0,IGP,5,472,16,rain,True,0.44,0,1,0,71.1,28.8,4,4,38.4
22892,Intercity,2026-09-23,9,0,KYN,6,555,17,rain,True,0.47,0,1,0,109.5,38.4,4,3,49.3
22892,Intercity,2026-09-23,9,0,TNA,7,575,18,rain,True,0.71,2,1,1,158.8,49.3,4,2,61.9
22892,Intercity,2026-09-23,9,0,DR,8,600,18,rain,True,0.38,3,1,0,220.7,61.9,4,1,67.5
22892,Intercity,2026-09-23,9,0,CSMT,9,609,18,rain,True,0.6,1,1,0,288.2,67.5,0,0,70.8
16827,Intercity,2026-09-23,9,0,CSMT,0,0,7,rain,True,0.0,3,0,0,0.0,0.0,0,5,0.0
16827,Intercity,2026-09-23,9,0,DR,1,9,7,rain,True,0.23,1,0,0,0.0,0.0,4,4,2.8
16827,Intercity,2026-09-23,9,0,TNA,2,34,8,rain,True,0.66,0,1,0,2.8,2.8,4,3,11.6
16827,Intercity,2026-09-23,9,0,PNVL,3,69,8,rain,True,0.27,1,0,0,14.4,11.6,4,2,13.3
16827,Intercity,2026-09-23,9,0,RN,4,307,11,rain,True,0.33,1,0,0,27.7,13.3,4,1,17.4
16827,Intercity,2026-09-23,9,0,SWV,5,495,13,rain,True,0.24,2,1,0,45.1,17.4,0,0,23.2
11612,Express,2026-09-23,9,0,SWV,0,0,18,rain,True,0.0,0,1,0,0.0,0.0,0,5,0.0
11612,Express,2026-09-23,9,0,RN,1,188,20,rain,True,0.55,1,0,0,0.0,0.0,4,4,3.5
11612,Express,2026-09-23,9,0,PNVL,2,426,23,rain,True,0.22,1,0,0,3.5,3.5,4,3,6.4
11612,Express,2026-09-23,9,0,TNA,3,461,23,rain,True,0.2,3,0,1,9.9,6.4,4,2,18.0
11612,Express,2026-09-23,9,0,DR,4,486,0,rain,True,0.52,1,1,0,27.9,18.0,4,1,21.2
11612,Express,2026-09-23,9,0,CSMT,5,495,0,rain,True,0.44,2,1,0,49.1,21.2,0,0,28.6
16231,Vande Bharat,2026-09-23,9,0,PUNE,0,0,14,rain,True,0.0,1,0,0,0.0,0.0,0,7,5.7
16231,Vande Bharat,2026-09-23,9,0,DD,1,76,15,rain,True,0.37,2,0,0,5.7,5.7,2,6,7.8
16231,Vande Bharat,2026-09-23,9,0,MMR,2,69,15,rain,True,0.27,1,0,0,13.5,7.8,2,5,8.4
16231,Vande Bharat,2026-09-23,9,0,BSL,3,252,17,rain,True,0.63,0,0,0,21.9,8.4,2,4,11.2
16231,Vande Bharat,2026-09-23,9,0,AK,4,391,19,rain,True,0.56,1,1,0,33.1,11.2,2,3,25.7
16231,Vande Bharat,2026-09-23,9,0,BD,5,470,20,rain,True,0.47,0,1,0,58.8,25.7,2,2,36.1
16231,Vande Bharat,2026-09-23,9,0,WR,6,565,21,rain,True,0.63,0,1,0,94.9,36.1,2,1,48.3
16231,Vande Bharat,2026-09-23,9,0,NGP,7,645,22,rain,True,0.47,0,1,0,143.2,48.3,0,0,52.5
13209,Superfast,2026-09-23,9,0,NGP,0,0,13,rain,True,0.0,1,0,0,0.0,0.0,0,7,0.0
13209,Superfast,2026-09-23,9,0,WR,1,80,14,rain,True,0.42,4,0,0,0.0,0.0,2,6,7.9
13209,Superfast,2026-09-23,9,0,BD,2,175,15,rain,True,0.25,1,0,0,7.9,7.9,2,5,10.3
13209,Superfast,2026-09-23,9,0,AK,3,254,16,rain,True,0.45,2,0,0,18.2,10.3,2,4,11.2
13209,Superfast,2026-09-23,9,0,BSL,4,393,18,rain,True,0.44,1,0,0,29.4,11.2,2,3,14.6
13209,Superfast,2026-09-23,9,0,MMR,5,576,20,rain,True,0.2,0,0,0,44.0,14.6,2,2,16.1
13209,Superfast,2026-09-23,9,0,DD,6,569,20,rain,True,0.77,2,1,0,60.1,16.1,2,1,27.6
13209,Superfast,2026-09-23,9,0,PUNE,7,645,21,rain,True,0.46,1,1,0,87.7,27.6,0,0,38.0
21210,Intercity,2026-09-23,9,0,NGP,0,0,7,rain,True,0.0,0,0,0,0.0,0.0,0,9,0.0
21210,Intercity,2026-09-23,9,0,WR,1,80,8,rain,True,0.59,3,1,0,0.0,0.0,4,8,14.7
21210,Intercity,2026-09-23,9,0,BD,2,175,9,rain,True,0.77,3,0,2,14.7,14.7,4,7,29.8
21210,Intercity,2026-09-23,9,0,AK,3,254,10,rain,True,0.16,2,1,1,44.5,29.8,4,6,38.5
21210,Intercity,2026-09-23,9,0,BSL,4,393,12,rain,True,0.22,0,1,0,83.0,38.5,4,5,58.9
21210,Intercity,2026-09-23,9,0,MMR,5,576,14,rain,True,0.52,0,1,0,141.9,58.9,4,4,63.8
21210,Intercity,2026-09-23,9,0,DD,6,569,14,rain,True,0.22,1,1,0,205.7,63.8,4,3,65.8
21210,Intercity,2026-09-23,9,0,PUNE,7,645,15,rain,True,0.24,1,1,0,271.5,65.8,4,2,64.2
21210,Intercity,2026-09-23,9,0,MRJ,8,366,12,rain,True,0.53,1,1,0,335.7,64.2,4,1,65.3
21210,Intercity,2026-09-23,9,0,KOP,9,319,11,rain,True,1.0,0,1,0,401.0,65.3,0,0,71.0
17170,Vande Bharat,2026-09-23,9,0,KOP,0,0,15,rain,True,0.0,0,1,0,0.0,0.0,0,9,0.0
17170,Vande Bharat,2026-09-23,9,0,MRJ,1,47,16,rain,True,0.23,2,0,0,0.0,0.0,2,8,1.9
17170,Vande Bharat,2026-09-23,9,0,PUNE,2,326,19,rain,True,0.23,2,1,0,1.9,1.9,2,7,9.6
17170,Vande Bharat,2026-09-23,9,0,DD,3,250,18,rain,True,0.27,1,0,0,11.5,9.6,2,6,11.2
17170,Vande Bharat,2026-09-23,9,0,MMR,4,257,18,rain,True,0.63,2,0,0,22.7,11.2,2,5,15.2
17170,Vande Bharat,2026-09-23,9,0,BSL,5,74,16,rain,True,0.21,3,1,0,37.9,15.2,2,4,25.5
17170,Vande Bharat,2026-09-23,9,0,AK,6,65,16,rain,True,0.6,1,1,0,63.4,25.5,2,3,30.7
17170,Vande Bharat,2026-09-23,9,0,BD,7,144,17,rain,True,0.43,0,1,0,94.1,30.7,2,2,34.9
17170,Vande Bharat,2026-09-23,9,0,WR,8,239,18,rain,True,0.41,3,1,0,129.0,34.9,2,1,51.2
17170,Vande Bharat,2026-09-23,9,0,NGP,9,319,19,rain,True,0.75,1,1,0,180.2,51.2,0,0,57.1
19673,Superfast,2026-12-02,12,0,CSMT,0,0,10,clear,False,0.0,2,1,1,0.0,0.0,0,10,0.0
19673,Superfast,2026-12-02,12,0,DR,1,9,10,clear,False,0.26,1,0,0,0.0,0.0,2,9,2.4
19673,Superfast,2026-12-02,12,0,TNA,2,34,10,clear,False,0.19,4,0,0,2.4,2.4,2,8,8.0
19673,Superfast,2026-12-02,12,0,KYN,3,54,11,clear,False,0.34,1,0,0,10.4,8.0,2,7,14.5
19673,Superfast,2026-12-02,12,0,KJT,4,100,11,clear,False,0.8,4,0,2,24.9,14.5,2,6,29.8
19673,Superfast,2026-12-02,12,0,LNL,5,128,12,clear,False,0.25,3,1,0,54.7,29.8,2,5,41.7
19673,Superfast,2026-12-02,12,0,SVJR,6,190,12,clear,False,0.64,1,1,0,96.4,41.7,2,4,45.1
19673,Superfast,2026-12-02,12,0,PUNE,7,192,12,clear,False,0.35,2,1,1,141.5,45.1,2,3,49.1
19673,Superfast,2026-12-02,12,0,DD,8,268,13,clear,False,0.77,3,1,0,190.6,49.1,2,2,58.2
19673,Superfast,2026-12-02,12,0,KWV,9,377,15,clear,False,0.38,1,1,0,248.8,58.2,2,1,55.8
19673,Superfast,2026-12-02,12,0,SUR,10,455,16,clear,False,0.21,1,1,0,304.6,55.8,0,0,52.9
19883,Intercity,2026-12-02,12,0,SUR,0,0,7,clear,False,0.0,1,0,0,0.0,0.0,0,10,0.0
19883,Intercity,2026-12-02,12,0,KWV,1,78,8,clear,False,0.63,0,0,0,0.0,0.0,4,9,6.5
19883,Intercity,2026-12-02,12,0,DD,2,187,9,clear,False,0.96,3,0,0,6.5,6.5,4,8,16.8
19883,Intercity,2026-12-02,12,0,PUNE,3,263,10,clear,False,0.09,3,1,1,23.3,16.8,4,7,33.9
19883,Intercity,2026-12-02,12,0,SVJR,4,265,10,clear,False,0.6,1,1,0,57.2,33.9,4,6,36.6
19883,Intercity,2026-12-02,12,0,LNL,5,327,11,clear,False,0.47,0,1,0,93.8,36.6,4,5,44.0
19883,Intercity,2026-12-02,12,0,KJT,6,355,11,clear,False,0.84,2,1,1,137.8,44.0,4,4,58.4
19883,Intercity,2026-12-02,12,0,KYN,7,401,12,clear,False,0.37,0,1,0,196.2,58.4,4,3,61.4
19883,Intercity,2026-12-02,12,0,TNA,8,421,12,clear,False,0.26,1,1,0,257.6,61.4,4,2,60.2
19883,Intercity,2026-12-02,12,0,DR,9,446,12,clear,False,0.45,4,1,1,317.8,60.2,4,1,65.0
19883,Intercity,2026-12-02,12,0,CSMT,10,455,13,clear,False,0.15,2,1,1,382.8,65.0,0,0,69.1
14079,Superfast,2026-12-02,12,0,CSMT,0,0,6,clear,False,0.0,2,0,0,0.0,0.0,0,8,0.0
14079,Superfast,2026-12-02,12,0,DR,1,9,7,clear,False,0.35,0,0,0,0.0,0.0,2,7,1.9
14079,Superfast,2026-12-02,12,0,TNA,2,34,7,clear,False,0.34,2,0,1,1.9,1.9,2,6,7.3
14079,Superfast,2026-12-02,12,0,KYN,3,54,7,clear,False,0.13,1,0,0,9.2,7.3,2,5,8.5
14079,Superfast,2026-12-02,12,0,LNL,4,128,8,clear,False,0.18,1,0,0,17.7,8.5,2,4,10.7
14079,Superfast,2026-12-02,12,0,PUNE,5,192,9,clear,False,0.23,1,0,0,28.4,10.7,2,3,16.1
14079,Superfast,2026-12-02,12,0,MRJ,6,471,12,clear,False,0.47,1,1,0,44.5,16.1,2,2,23.5
14079,Superfast,2026-12-02,12,0,SLI,7,478,12,clear,False,0.43,0,1,0,68.0,23.5,2,1,34.1
14079,Superfast,2026-12-02,12,0,KOP,8,518,13,clear,False,0.11,2,1,0,102.1,34.1,0,0,39.0
14646,Intercity,2026-12-02,12,0,KOP,0,0,18,clear,False,0.0,2,1,2,0.0,0.0,0,8,0.0
14646,Intercity,2026-12-02,12,0,SLI,1,40,18,clear,False,0.82,3,0,0,0.0,0.0,4,7,13.0
14646,Intercity,2026-12-02,12,0,MRJ,2,47,18,clear,False,0.42,1,0,0,13.0,13.0,4,6,15.4
14646,Intercity,2026-12-02,12,0,PUNE,3,326,22,clear,False,0.59,1,1,0,28.4,15.4,4,5,23.3
14646,Intercity,2026-12-02,12,0,LNL,4,390,23,clear,False,0.18,2,1,0,51.7,23.3,4,4,26.0
14646,Intercity,2026-12-02,12,0,KYN,5,464,0,clear,False,0.46,1,1,0,77.7,26.0,4,3,30.5
14646,Intercity,2026-12-02,12,0,TNA,6,484,0,clear,False,0.45,1,1,0,108.2,30.5,4,2,30.8
14646,Intercity,2026-12-02,12,0,DR,7,509,0,clear,False,0.28,3,1,0,139.0,30.8,4,1,38.1
14646,Intercity,2026-12-02,12,0,CSMT,8,518,0,clear,False,0.29,1,1,0,177.1,38.1,0,0,38.5
15025,Vande Bharat,2026-12-02,12,0,CSMT,0,0,14,clear,False,0.0,2,0,0,0.0,0.0,0,15,0.0
15025,Vande Bharat,2026-12-02,12,0,DR,1,9,14,clear,False,0.3,0,0,0,0.0,0.0,2,14,0.9
15025,Vande Bharat,2026-12-02,12,0,TNA,2,34,14,clear,False,0.51,1,0,0,0.9,0.9,2,13,2.4
15025,Vande Bharat,2026-12-02,12,0,KYN,3,54,15,clear,False,0.41,2,0,0,3.3,2.4,2,12,2.5
15025,Vande Bharat,2026-12-02,12,0,IGP,4,137,16,clear,False,0.07,1,1,0,5.8,2.5,2,11,10.9
15025,Vande Bharat,2026-12-02,12,0,NK,5,188,16,clear,False,0.09,1,1,0,16.7,10.9,2,10,15.9
15025,Vande Bharat,2026-12-02,12,0,MMR,6,261,17,clear,False,0.47,2,1,1,32.6,15.9,2,9,25.7
15025,Vande Bharat,2026-12-02,12,0,CSN,7,328,18,clear,False,0.28,0,1,0,58.3,25.7,2,8,35.2
15025,Vande Bharat,2026-12-02,12,0,JL,8,420,19,clear,False,0.28,3,1,0,93.5,35.2,2,7,46.6
15025,Vande Bharat,2026-12-02,12,0,BSL,9,444,19,clear,False,0.5,1,1,0,140.1,46.6,2,6,54.2
15025,Vande Bharat,2026-12-02,12,0,MKU,10,494,20,clear,False,0.74,0,1,0,194.3,54.2,2,5,63.2
15025,Vande Bharat,2026-12-02,12,0,AK,11,583,21,clear,False,0.35,2,1,0,257.5,63.2,2,4,65.2
15025,Vande Bharat,2026-12-02,12,0,BD,12,662,22,clear,False,0.38,1,1,0,322.7,65.2,2,3,65.4
15025,Vande Bharat,2026-12-02,12,0,WR,13,757,23,clear,False,0.27,3,1,1,388.1,65.4,2,2,77.2
15025,Vande Bharat,2026-12-02,12,0,NGP,14,837,0,clear,False,0.2,0,1,0,465.3,77.2,2,1,77.7
15025,Vande Bharat,2026-12-02,12,0,G,15,967,2,clear,False,0.56,1,1,0,543.0,77.7,0,0,76.0
22588,Mail,2026-12-02,12,0,G,0,0,11,clear,False,0.0,1,0,0,0.0,0.0,0,15,0.0
22588,Mail,2026-12-02,12,0,NGP,1,130,13,clear,False,0.28,1,0,0,0.0,0.0,6,14,1.4
22588,Mail,2026-12-02,12,0,WR,2,210,14,clear,False,0.29,3,0,1,1.4,1.4,6,13,9.2
22588,Mail,2026-12-02,12,0,BD,3,305,15,clear,False,0.17,0,0,0,10.6,9.2,6,12,9.1
22588,Mail,2026-12-02,12,0,AK,4,384,16,clear,False,0.34,0,0,0,19.7,9.1,6,11,9.3
22588,Mail,2026-12-02,12,0,MKU,5,473,17,clear,False,0.8,1,0,0,29.0,9.3,6,10,13.9
22588,Mail,2026-12-02,12,0,BSL,6,523,18,clear,False,0.41,2,0,1,42.9,13.9,6,9,18.8
22588,Mail,2026-12-02,12,0,JL,7,547,18,clear,False,0.55,0,1,0,61.7,18.8,6,8,27.6
22588,Mail,2026-12-02,12,0,CSN,8,639,19,clear,False,0.63,0,1,0,89.3,27.6,6,7,38.5
22588,Mail,2026-12-02,12,0,MMR,9,706,20,clear,False,0.22,1,1,0,127.8,38.5,6,6,45.6
22588,Mail,2026-12-02,12,0,NK,10,779,21,clear,False,0.25,3,1,0,173.4,45.6,6,5,56.5
22588,Mail,2026-12-02,12,0,IGP,11,830,22,clear,False,0.56,3,1,0,229.9,56.5,6,4,60.1
22588,Mail,2026-12-02,12,0,KYN,12,913,23,clear,False,0.27,1,1,0,290.0,60.1,6,3,59.5
22588,Mail,2026-12-02,12,0,TNA,13,933,23,clear,False,0.19,0,1,0,349.5,59.5,6,2,61.7
22588,Mail,2026-12-02,12,0,DR,14,958,23,clear,False,0.37,0,1,0,411.2,61.7,6,1,66.5
22588,Mail,2026-12-02,12,0,CSMT,15,967,0,clear,False,0.74,1,1,0,477.7,66.5,0,0,70.7
11801,Superfast,2026-12-02,12,0,CSMT,0,0,8,clear,False,0.0,0,0,0,0.0,0.0,0,9,0.0
11801,Superfast,2026-12-02,12,0,DR,1,9,8,clear,False,0.63,2,0,2,0.0,0.0,2,8,8.3
11801,Superfast,2026-12-02,12,0,TNA,2,34,8,clear,False,0.53,0,0,0,8.3,8.3,2,7,11.0
11801,Superfast,2026-12-02,12,0,KYN,3,54,9,clear,False,0.39,0,0,0,19.3,11.0,2,6,15.8
11801,Superfast,2026-12-02,12,0,IGP,4,137,10,clear,False,0.89,1,1,0,35.1,15.8,2,5,31.9
11801,Superfast,2026-12-02,12,0,NK,5,188,10,clear,False,0.08,1,1,0,67.0,31.9,2,4,39.5
11801,Superfast,2026-12-02,12,0,MMR,6,261,11,clear,False,0.44,0,1,0,106.5,39.5,2,3,71.3
11801,Superfast,2026-12-02,12,0,AWB,7,375,13,clear,False,0.24,1,1,0,177.8,71.3,2,2,69.3
11801,Superfast,2026-12-02,12,0,J,8,438,13,clear,False,0.35,0,1,0,247.1,69.3,2,1,71.6
11801,Superfast,2026-12-02,12,0,NED,9,609,15,clear,False,0.23,1,1,0,318.7,71.6,0,0,71.7
18001,Vande Bharat,2026-12-02,12,0,NED,0,0,20,clear,False,0.0,0,0,0,0.0,0.0,0,9,0.0
18001,Vande Bharat,2026-12-02,12,0,J,1,171,22,clear,False,0.46,1,0,0,0.0,0.0,2,8,1.7
18001,Vande Bharat,2026-12-02,12,0,AWB,2,234,23,clear,False,0.52,2,0,0,1.7,1.7,2,7,3.5
18001,Vande Bharat,2026-12-02,12,0,MMR,3,348,0,clear,False,0.5,2,0,3,5.2,3.5,2,6,11.9
18001,Vande Bharat,2026-12-02,12,0,NK,4,421,1,clear,False,0.53,1,0,0,17.1,11.9,2,5,12.6
18001,Vande Bharat,2026-12-02,12,0,IGP,5,472,2,clear,False,0.34,3,0,0,29.7,12.6,2,4,19.3
18001,Vande Bharat,2026-12-02,12,0,KYN,6,555,3,clear,False,0.55,1,1,0,49.0,19.3,2,3,26.8
18001,Vande Bharat,2026-12-02,12,0,TNA,7,575,3,clear,False,0.36,1,1,0,75.8,26.8,2,2,31.9
18001,Vande Bharat,2026-12-02,12,0,DR,8,600,3,clear,False,0.43,1,1,0,107.7,31.9,2,1,63.8
18001,Vande Bharat,2026-12-02,12,0,CSMT,9,609,3,clear,False,0.33,1,1,0,171.5,63.8,0,0,63.6
19069,Intercity,2026-12-02,12,0,CSMT,0,0,19,clear,False,0.0,0,0,0,0.0,0.0,0,5,0.0
19069,Intercity,2026-12-02,12,0,DR,1,9,19,clear,False,0.39,0,0,0,0.0,0.0,4,4,5.1
19069,Intercity,2026-12-02,12,0,TNA,2,34,19,clear,False,0.3,2,0,0,5.1,5.1,4,3,8.4
19069,Intercity,2026-12-02,12,0,PNVL,3,69,20,clear,False,0.65,1,0,0,13.5,8.4,4,2,14.5
19069,Intercity,2026-12-02,12,0,RN,4,307,23,clear,False,0.48,0,0,0,28.0,14.5,4,1,14.2
19069,Intercity,2026-12-02,12,0,SWV,5,495,1,clear,False,0.43,2,1,1,42.2,14.2,0,0,21.8
15168,Express,2026-12-02,12,0,SWV,0,0,19,clear,False,0.0,1,0,0,0.0,0.0,0,5,16.0
15168,Express,2026-12-02,12,0,RN,1,188,21,clear,False,0.33,2,1,1,16.0,16.0,4,4,27.0
15168,Express,2026-12-02,12,0,PNVL,2,426,0,clear,False,0.17,1,1,0,43.0,27.0,4,3,33.0
15168,Express,2026-12-02,12,0,TNA,3,461,0,clear,False,0.18,0,1,0,76.0,33.0,4,2,34.4
15168,Express,2026-12-02,12,0,DR,4,486,1,clear,False,0.54,1,1,0,110.4,34.4,4,1,38.5
15168,Express,2026-12-02,12,0,CSMT,5,495,1,clear,False,0.31,3,1,1,148.9,38.5,0,0,47.0
13545,Intercity,2026-12-02,12,0,PUNE,0,0,16,clear,False,0.0,1,0,0,0.0,0.0,0,7,0.0
13545,Intercity,2026-12-02,12,0,DD,1,76,17,clear,False,0.31,1,0,0,0.0,0.0,4,6,4.5
13545,Intercity,2026-12-02,12,0,MMR,2,69,17,clear,False,0.5,2,0,1,4.5,4.5,4,5,9.7
13545,Intercity,2026-12-02,12,0,BSL,3,252,19,clear,False,0.55,1,0,0,14.2,9.7,4,4,13.5
13545,Intercity,2026-12-02,12,0,AK,4,391,21,clear,False,0.2,0,0,0,27.7,13.5,4,3,18.2
13545,Intercity,2026-12-02,12,0,BD,5,470,22,clear,False,0.18,2,1,0,45.9,18.2,4,2,23.4
13545,Intercity,2026-12-02,12,0,WR,6,565,23,clear,False,0.28,4,1,0,69.3,23.4,4,1,33.8
13545,Intercity,2026-12-02,12,0,NGP,7,645,0,clear,False,0.62,4,1,1,103.1,33.8,0,0,39.3
20923,Mail,2026-12-02,12,0,NGP,0,0,12,clear,False,0.0,3,0,1,0.0,0.0,0,7,0.0
20923,Mail,2026-12-02,12,0,WR,1,80,13,clear,False,0.63,0,0,0,0.0,0.0,6,6,2.3
20923,Mail,2026-12-02,12,0,BD,2,175,14,clear,False,0.25,1,0,0,2.3,2.3,6,5,4.0
20923,Mail,2026-12-02,12,0,AK,3,254,15,clear,False,0.41,1,0,0,6.3,4.0,6,4,9.5
20923,Mail,2026-12-02,12,0,BSL,4,393,16,clear,False,0.16,0,0,0,15.8,9.5,6,3,10.8
20923,Mail,2026-12-02,12,0,MMR,5,576,19,clear,False,0.61,0,0,0,26.6,10.8,6,2,14.7
20923,Mail,2026-12-02,12,0,DD,6,569,19,clear,False,0.26,2,0,0,41.3,14.7,6,1,18.9
20923,Mail,2026-12-02,12,0,PUNE,7,645,20,clear,False,0.67,0,1,0,60.2,18.9,0,0,25.1
13524,Mail,2026-12-02,12,0,NGP,0,0,8,clear,False,0.0,2,0,1,0.0,0.0,0,9,5.3
13524,Mail,2026-12-02,12,0,WR,1,80,9,clear,False,0.59,3,0,2,5.3,5.3,6,8,15.8
13524,Mail,2026-12-02,12,0,BD,2,175,10,clear,False,0.5,2,1,1,21.1,15.8,6,7,32.8
13524,Mail,2026-12-02,12,0,AK,3,254,11,clear,False,0.73,1,1,0,53.9,32.8,6,6,46.0
13524,Mail,2026-12-02,12,0,BSL,4,393,13,clear,False,0.29,1,1,0,99.9,46.0,6,5,52.3
13524,Mail,2026-12-02,12,0,MMR,5,576,15,clear,False,0.46,3,1,0,152.2,52.3,6,4,51.4
13524,Mail,2026-12-02,12,0,DD,6,569,15,clear,False,0.43,0,1,0,203.6,51.4,6,3,53.8
13524,Mail,2026-12-02,12,0,PUNE,7,645,16,clear,False,0.21,0,1,0,257.4,53.8,6,2,50.8
13524,Mail,2026-12-02,12,0,MRJ,8,366,12,clear,False,0.57,2,1,0,308.2,50.8,6,1,53.8
13524,Mail,2026-12-02,12,0,KOP,9,319,12,clear,False,0.39,1,1,0,362.0,53.8,0,0,57.0
14285,Express,2026-12-02,12,0,KOP,0,0,8,clear,False,0.0,1,0,0,0.0,0.0,0,9,6.1
14285,Express,2026-12-02,12,0,MRJ,1,47,9,clear,False,0.15,0,0,0,6.1,6.1,4,8,12.7
14285,Express,2026-12-02,12,0,PUNE,2,326,12,clear,False,0.52,0,0,0,18.8,12.7,4,7,11.8
14285,Express,2026-12-02,12,0,DD,3,250,11,clear,False,0.18,1,1,0,30.6,11.8,4,6,24.7
14285,Express,2026-12-02,12,0,MMR,4,257,11,clear,False,0.54,1,1,0,55.3,24.7,4,5,33.8
14285,Express,2026-12-02,12,0,BSL,5,74,9,clear,False,0.7,0,1,0,89.1,33.8,4,4,41.0
14285,Express,2026-12-02,12,0,AK,6,65,9,clear,False,0.16,1,1,0,130.1,41.0,4,3,42.8
14285,Express,2026-12-02,12,0,BD,7,144,10,clear,False,0.25,0,1,0,172.9,42.8,4,2,46.1
14285,Express,2026-12-02,12,0,WR,8,239,11,clear,False,0.52,1,1,0,219.0,46.1,4,1,48.1
14285,Express,2026-12-02,12,0,NGP,9,319,12,clear,False,0.46,0,1,0,267.1,48.1,0,0,47.4
11881,Intercity,2026-11-04,11,0,CSMT,0,0,6,clear,False,0.0,2,0,1,0.0,0.0,0,10,0.0
11881,Intercity,2026-11-04,11,0,DR,1,9,6,clear,False,0.26,1,0,0,0.0,0.0,4,9,1.3
11881,Intercity,2026-11-04,11,0,TNA,2,34,6,clear,False,0.23,1,1,0,1.3,1.3,4,8,7.8
11881,Intercity,2026-11-04,11,0,KYN,3,54,7,clear,False,0.33,2,0,0,9.1,7.8,4,7,10.8
11881,Intercity,2026-11-04,11,0,KJT,4,100,7,clear,False,0.46,3,0,0,19.9,10.8,4,6,14.8
11881,Intercity,2026-11-04,11,0,LNL,5,128,8,clear,False,0.84,0,0,0,34.7,14.8,4,5,24.8
11881,Intercity,2026-11-04,11,0,SVJR,6,190,8,clear,False,0.92,2,1,0,59.5,24.8,4,4,36.9
11881,Intercity,2026-11-04,11,0,PUNE,7,192,8,clear,False,0.21,1,1,0,96.4,36.9,4,3,43.4
11881,Intercity,2026-11-04,11,0,DD,8,268,9,clear,False,0.7,1,1,0,139.8,43.4,4,2,51.9
11881,Intercity,2026-11-04,11,0,KWV,9,377,11,clear,False,0.43,0,1,0,191.7,51.9,4,1,56.0
11881,Intercity,2026-11-04,11,0,SUR,10,455,12,clear,False,0.25,1,1,0,247.7,56.0,0,0,59.8
22462,Superfast,2026-11-04,11,0,SUR,0,0,21,clear,False,0.0,3,0,0,0.0,0.0,0,10,2.0
22462,Superfast,2026-11-04,11,0,KWV,1,78,22,clear,False,0.19,0,0,0,2.0,2.0,2,9,2.3
22462,Superfast,2026-11-04,11,0,DD,2,187,23,clear,False,0.49,2,0,0,4.3,2.3,2,8,3.5
22462,Superfast,2026-11-04,11,0,PUNE,3,263,0,clear,False,0.35,1,0,0,7.8,3.5,2,7,3.6
22462,Superfast,2026-11-04,11,0,SVJR,4,265,0,clear,False,0.25,1,0,0,11.4,3.6,2,6,6.3
22462,Superfast,2026-11-04,11,0,LNL,5,327,1,clear,False,0.34,0,0,0,17.7,6.3,2,5,7.8
22462,Superfast,2026-11-04,11,0,KJT,6,355,1,clear,False,0.3,0,0,0,25.5,7.8,2,4,10.5
22462,Superfast,2026-11-04,11,0,KYN,7,401,2,clear,False,0.25,1,0,0,36.0,10.5,2,3,10.4
22462,Superfast,2026-11-04,11,0,TNA,8,421,2,clear,False,0.41,0,0,0,46.4,10.4,2,2,10.4
22462,Superfast,2026-11-04,11,0,DR,9,446,3,clear,False,0.29,0,0,0,56.8,10.4,2,1,9.3
22462,Superfast,2026-11-04,11,0,CSMT,10,455,3,clear,False,0.45,0,1,0,66.1,9.3,0,0,17.5
18063,Mail,2026-11-04,11,0,CSMT,0,0,19,clear,False,0.0,2,0,0,0.0,0.0,0,8,0.0
18063,Mail,2026-11-04,11,0,DR,1,9,19,clear,False,0.71,0,0,0,0.0,0.0,6,7,7.8
18063,Mail,2026-11-04,11,0,TNA,2,34,19,clear,False,0.51,1,0,0,7.8,7.8,6,6,11.7
18063,Mail,2026-11-04,11,0,KYN,3,54,19,clear,False,0.6,1,0,0,19.5,11.7,6,5,14.6
18063,Mail,2026-11-04,11,0,LNL,4,128,20,clear,False,0.39,1,0,0,34.1,14.6,6,4,17.0
18063,Mail,2026-11-04,11,0,PUNE,5,192,21,clear,False,0.83,0,1,0,51.1,17.0,6,3,24.0
18063,Mail,2026-11-04,11,0,MRJ,6,471,1,clear,False,0.16,0,1,0,75.1,24.0,6,2,27.1
18063,Mail,2026-11-04,11,0,SLI,7,478,1,clear,False,0.42,2,1,0,102.2,27.1,6,1,29.3
18063,Mail,2026-11-04,11,0,KOP,8,518,1,clear,False,0.42,1,1,0,131.5,29.3,0,0,32.0
14565,Vande Bharat,2026-11-04,11,0,KOP,0,0,19,clear,False,0.0,3,0,0,0.0,0.0,0,8,7.2
14565,Vande Bharat,2026-11-04,11,0,SLI,1,40,20,clear,False,0.36,0,0,0,7.2,7.2,2,7,10.0
14565,Vande Bharat,2026-11-04,11,0,MRJ,2,47,20,clear,False,0.79,1,0,0,17.2,10.0,2,6,20.2
14565,Vande Bharat,2026-11-04,11,0,PUNE,3,326,23,clear,False,0.59,0,1,0,37.4,20.2,2,5,24.5
14565,Vande Bharat,2026-11-04,11,0,LNL,4,390,0,clear,False,0.35,1,1,0,61.9,24.5,2,4,29.8
14565,Vande Bharat,2026-11-04,11,0,KYN,5,464,1,clear,False,0.2,3,1,2,91.7,29.8,2,3,46.3
14565,Vande Bharat,2026-11-04,11,0,TNA,6,484,1,clear,False,0.3,1,1,0,138.0,46.3,2,2,48.7
14565,Vande Bharat,2026-11-04,11,0,DR,7,509,2,clear,False,0.18,1,1,0,186.7,48.7,2,1,50.5
14565,Vande Bharat,2026-11-04,11,0,CSMT,8,518,2,clear,False,0.34,0,1,0,237.2,50.5,0,0,53.7
13089,Intercity,2026-11-04,11,0,CSMT,0,0,20,clear,False,0.0,4,1,0,0.0,0.0,0,15,0.0
13089,Intercity,2026-11-04,11,0,DR,1,9,20,clear,False,0.65,0,0,0,0.0,0.0,4,14,8.4
13089,Intercity,2026-11-04,11,0,TNA,2,34,20,clear,False,0.81,0,0,0,8.4,8.4,4,13,18.8
13089,Intercity,2026-11-04,11,0,KYN,3,54,21,clear,False,0.49,1,1,0,27.2,18.8,4,12,27.0
13089,Intercity,2026-11-04,11,0,IGP,4,137,22,clear,False,0.37,2,1,0,54.2,27.0,4,11,28.0
13089,Intercity,2026-11-04,11,0,NK,5,188,22,clear,False,0.28,0,1,0,82.2,28.0,4,10,31.0
13089,Intercity,2026-11-04,11,0,MMR,6,261,23,clear,False,0.39,0,1,0,113.2,31.0,4,9,34.3
13089,Intercity,2026-11-04,11,0,CSN,7,328,0,clear,False,0.49,2,1,0,147.5,34.3,4,8,36.7
13089,Intercity,2026-11-04,11,0,JL,8,420,1,clear,False,0.38,1,1,0,184.2,36.7,4,7,39.0
13089,Intercity,2026-11-04,11,0,BSL,9,444,1,clear,False,0.66,0,1,0,223.2,39.0,4,6,56.9
13089,Intercity,2026-11-04,11,0,MKU,10,494,2,clear,False,0.39,1,1,0,280.1,56.9,4,5,56.2
13089,Intercity,2026-11-04,11,0,AK,11,583,3,clear,False,0.24,3,1,3,336.3,56.2,4,4,68.6
13089,Intercity,2026-11-04,11,0,BD,12,662,4,clear,False,0.28,0,1,0,404.9,68.6,4,3,70.4
13089,Intercity,2026-11-04,11,0,WR,13,757,5,clear,False,0.41,2,1,2,475.3,70.4,4,2,76.1
13089,Intercity,2026-11-04,11,0,NGP,14,837,6,clear,False,0.55,2,1,1,551.4,76.1,4,1,78.6
13089,Intercity,2026-11-04,11,0,G,15,967,8,clear,False,0.65,1,1,0,630.0,78.6,0,0,86.6
17303,Intercity,2026-11-04,11,0,G,0,0,11,clear,False,0.0,1,0,0,0.0,0.0,0,15,0.0
17303,Intercity,2026-11-04,11,0,NGP,1,130,13,clear,False,0.07,0,0,0,0.0,0.0,4,14,1.0
17303,Intercity,2026-11-04,11,0,WR,2,210,14,clear,False,0.15,1,0,0,1.0,1.0,4,13,4.8
17303,Intercity,2026-11-04,11,0,BD,3,305,15,clear,False,0.73,1,0,0,5.8,4.8,4,12,8.4
17303,Intercity,2026-11-04,11,0,AK,4,384,16,clear,False,0.43,1,0,0,14.2,8.4,4,11,9.3
17303,Intercity,2026-11-04,11,0,MKU,5,473,17,clear,False,0.12,0,0,0,23.5,9.3,4,10,11.2
17303,Intercity,2026-11-04,11,0,BSL,6,523,17,clear,False,0.1,2,1,1,34.7,11.2,4,9,16.3
17303,Intercity,2026-11-04,11,0,JL,7,547,18,clear,False,0.69,4,1,1,51.0,16.3,4,8,31.4
17303,Intercity,2026-11-04,11,0,CSN,8,639,19,clear,False,0.25,1,1,0,82.4,31.4,4,7,38.6
17303,Intercity,2026-11-04,11,0,MMR,9,706,20,clear,False,0.69,3,1,0,121.0,38.6,4,6,50.4
17303,Intercity,2026-11-04,11,0,NK,10,779,21,clear,False,0.25,2,1,0,171.4,50.4,4,5,57.0
17303,Intercity,2026-11-04,11,0,IGP,11,830,21,clear,False,0.93,1,1,0,228.4,57.0,4,4,66.6
17303,Intercity,2026-11-04,11,0,KYN,12,913,22,clear,False,0.63,1,1,0,295.0,66.6,4,3,66.8
17303,Intercity,2026-11-04,11,0,TNA,13,933,23,clear,False,0.29,1,1,0,361.8,66.8,4,2,62.5
17303,Intercity,2026-11-04,11,0,DR,14,958,23,clear,False,0.32,1,1,0,424.3,62.5,4,1,59.6
17303,Intercity,2026-11-04,11,0,CSMT,15,967,23,clear,False,0.32,1,1,0,483.9,59.6,0,0,61.7
16782,Intercity,2026-11-04,11,0,CSMT,0,0,22,clear,False,0.0,1,1,0,0.0,0.0,0,9,0.0
16782,Intercity,2026-11-04,11,0,DR,1,9,22,clear,False,0.38,2,0,0,0.0,0.0,4,8,0.5
16782,Intercity,2026-11-04,11,0,TNA,2,34,22,clear,False,0.4,0,0,0,0.5,0.5,4,7,2.0
16782,Intercity,2026-11-04,11,0,KYN,3,54,22,clear,False,0.17,0,1,0,2.5,2.0,4,6,9.2
16782,Intercity,2026-11-04,11,0,IGP,4,137,0,clear,False,0.57,4,0,1,11.7,9.2,4,5,16.7
16782,Intercity,2026-11-04,11,0,NK,5,188,0,clear,False,0.46,1,1,0,28.4,16.7,4,4,23.1
16782,Intercity,2026-11-04,11,0,MMR,6,261,1,clear,False,0.38,1,1,0,51.5,23.1,4,3,27.7
16782,Intercity,2026-11-04,11,0,AWB,7,375,2,clear,False,0.54,1,1,0,79.2,27.7,4,2,32.1
16782,Intercity,2026-11-04,11,0,J,8,438,3,clear,False,0.16,1,1,0,111.3,32.1,4,1,36.7
16782,Intercity,2026-11-04,11,0,NED,9,609,5,clear,False,0.45,0,1,0,148.0,36.7,0,0,39.9
20695,Superfast,2026-11-04,11,0,NED,0,0,18,clear,False,0.0,1,1,0,0.0,0.0,0,9,0.0
20695,Superfast,2026-11-04,11,0,J,1,171,20,clear,False,0.56,0,1,0,0.0,0.0,2,8,6.3
20695,Superfast,2026-11-04,11,0,AWB,2,234,21,clear,False,0.68,1,1,0,6.3,6.3,2,7,17.5
20695,Superfast,2026-11-04,11,0,MMR,3,348,22,clear,False,0.18,4,1,0,23.8,17.5,2,6,32.0
20695,Superfast,2026-11-04,11,0,NK,4,421,23,clear,False,0.36,2,1,1,55.8,32.0,2,5,36.3
20695,Superfast,2026-11-04,11,0,IGP,5,472,0,clear,False,0.58,1,1,0,92.1,36.3,2,4,40.3
20695,Superfast,2026-11-04,11,0,KYN,6,555,1,clear,False,0.15,2,1,0,132.4,40.3,2,3,42.4
20695,Superfast,2026-11-04,11,0,TNA,7,575,1,clear,False,0.56,1,1,0,174.8,42.4,2,2,42.4
20695,Superfast,2026-11-04,11,0,DR,8,600,1,clear,False,0.39,0,1,0,217.2,42.4,2,1,45.6
20695,Superfast,2026-11-04,11,0,CSMT,9,609,1,clear,False,0.44,2,1,0,262.8,45.6,0,0,47.5
15937,Intercity,2026-11-04,11,0,CSMT,0,0,13,clear,False,0.0,3,0,1,0.0,0.0,0,5,0.0
15937,Intercity,2026-11-04,11,0,DR,1,9,13,clear,False,0.44,1,0,0,0.0,0.0,4,4,3.7
15937,Intercity,2026-11-04,11,0,TNA,2,34,13,clear,False,0.23,1,0,0,3.7,3.7,4,3,3.4
15937,Intercity,2026-11-04,11,0,PNVL,3,69,14,clear,False,0.21,2,0,0,7.1,3.4,4,2,4.8
15937,Intercity,2026-11-04,11,0,RN,4,307,17,clear,False,0.48,1,0,0,11.9,4.8,4,1,8.5
15937,Intercity,2026-11-04,11,0,SWV,5,495,19,clear,False,0.85,0,0,0,20.4,8.5,0,0,16.1
18074,Express,2026-11-04,11,0,SWV,0,0,15,clear,False,0.0,1,0,0,0.0,0.0,0,5,0.0
18074,Express,2026-11-04,11,0,RN,1,188,18,clear,False,0.97,1,0,0,0.0,0.0,4,4,6.6
18074,Express,2026-11-04,11,0,PNVL,2,426,21,clear,False,0.73,1,0,0,6.6,6.6,4,3,14.3
18074,Express,2026-11-04,11,0,TNA,3,461,21,clear,False,0.12,0,0,0,20.9,14.3,4,2,14.5
18074,Express,2026-11-04,11,0,DR,4,486,22,clear,False,0.19,2,0,1,35.4,14.5,4,1,16.1
18074,Express,2026-11-04,11,0,CSMT,5,495,22,clear,False,0.16,4,1,0,51.5,16.1,0,0,26.7
12113,Vande Bharat,2026-11-04,11,0,PUNE,0,0,5,clear,False,0.0,0,0,0,0.0,0.0,0,7,0.0
12113,Vande Bharat,2026-11-04,11,0,DD,1,76,6,clear,False,0.25,1,1,0,0.0,0.0,2,6,5.9
12113,Vande Bharat,2026-11-04,11,0,MMR,2,69,6,clear,False,0.14,0,1,0,5.9,5.9,2,5,12.0
12113,Vande Bharat,2026-11-04,11,0,BSL,3,252,8,clear,False,0.41,3,0,1,17.9,12.0,2,4,25.7
12113,Vande Bharat,2026-11-04,11,0,AK,4,391,10,clear,False,0.17,4,1,1,43.6,25.7,2,3,39.0
12113,Vande Bharat,2026-11-04,11,0,BD,5,470,11,clear,False,0.92,0,1,0,82.6,39.0,2,2,45.4
12113,Vande Bharat,2026-11-04,11,0,WR,6,565,12,clear,False,0.15,0,1,0,128.0,45.4,2,1,46.1
12113,Vande Bharat,2026-11-04,11,0,NGP,7,645,13,clear,False,0.07,3,1,3,174.1,46.1,0,0,58.1
22397,Vande Bharat,2026-11-04,11,0,NGP,0,0,8,clear,False,0.0,2,1,0,0.0,0.0,0,7,0.0
22397,Vande Bharat,2026-11-04,11,0,WR,1,80,9,clear,False,0.5,2,0,1,0.0,0.0,2,6,6.6
22397,Vande Bharat,2026-11-04,11,0,BD,2,175,10,clear,False,0.03,2,0,1,6.6,6.6,2,5,11.5
22397,Vande Bharat,2026-11-04,11,0,AK,3,254,11,clear,False,0.69,1,1,0,18.1,11.5,2,4,23.1
22397,Vande Bharat,2026-11-04,11,0,BSL,4,393,13,clear,False,0.16,1,1,0,41.2,23.1,2,3,29.8
22397,Vande Bharat,2026-11-04,11,0,MMR,5,576,15,clear,False,0.43,1,1,0,71.0,29.8,2,2,32.7
22397,Vande Bharat,2026-11-04,11,0,DD,6,569,15,clear,False,0.09,0,1,0,103.7,32.7,2,1,41.6
22397,Vande Bharat,2026-11-04,11,0,PUNE,7,645,16,clear,False,0.49,4,1,0,145.3,41.6,0,0,45.4
12776,Intercity,2026-11-04,11,0,NGP,0,0,7,clear,False,0.0,0,0,0,0.0,0.0,0,9,0.0
12776,Intercity,2026-11-04,11,0,WR,1,80,8,clear,False,0.58,2,1,0,0.0,0.0,4,8,11.3
12776,Intercity,2026-11-04,11,0,BD,2,175,9,clear,False,0.1,1,0,0,11.3,11.3,4,7,19.0
12776,Intercity,2026-11-04,11,0,AK,3,254,10,clear,False,0.1,1,1,0,30.3,19.0,4,6,26.7
12776,Intercity,2026-11-04,11,0,BSL,4,393,12,clear,False,0.19,0,1,0,57.0,26.7,4,5,36.6
12776,Intercity,2026-11-04,11,0,MMR,5,576,14,clear,False,0.33,3,1,0,93.6,36.6,4,4,48.9
12776,Intercity,2026-11-04,11,0,DD,6,569,14,clear,False,0.45,2,1,0,142.5,48.9,4,3,52.6
12776,Intercity,2026-11-04,11,0,PUNE,7,645,15,clear,False,0.42,1,1,0,195.1,52.6,4,2,53.4
12776,Intercity,2026-11-04,11,0,MRJ,8,366,12,clear,False,0.34,1,1,0,248.5,53.4,4,1,55.5
12776,Intercity,2026-11-04,11,0,KOP,9,319,11,clear,False,0.25,2,1,1,304.0,55.5,0,0,62.5
14700,Mail,2026-11-04,11,0,KOP,0,0,5,clear,False,0.0,2,0,0,0.0,0.0,0,9,0.0
14700,Mail,2026-11-04,11,0,MRJ,1,47,5,clear,False,0.55,1,0,0,0.0,0.0,6,8,1.7
14700,Mail,2026-11-04,11,0,PUNE,2,326,9,clear,False,0.56,1,0,0,1.7,1.7,6,7,4.0
14700,Mail,2026-11-04,11,0,DD,3,250,8,clear,False,0.92,4,1,0,5.7,4.0,6,6,26.0
14700,Mail,2026-11-04,11,0,MMR,4,257,8,clear,False,0.46,4,1,0,31.7,26.0,6,5,37.2
14700,Mail,2026-11-04,11,0,BSL,5,74,5,clear,False,0.26,2,1,0,68.9,37.2,6,4,42.1
14700,Mail,2026-11-04,11,0,AK,6,65,5,clear,False,0.32,0,1,0,111.0,42.1,6,3,45.5
14700,Mail,2026-11-04,11,0,BD,7,144,6,clear,False,0.73,0,1,0,156.5,45.5,6,2,52.3
14700,Mail,2026-11-04,11,0,WR,8,239,8,clear,False,0.44,3,1,0,208.8,52.3,6,1,58.2
14700,Mail,2026-11-04,11,0,NGP,9,319,9,clear,False,0.62,0,1,0,267.0,58.2,0,0,60.4
14163,Vande Bharat,2026-12-05,12,1,CSMT,0,0,5,clear,False,0.0,0,0,0,0.0,0.0,0,10,0.0
14163,Vande Bharat,2026-12-05,12,1,DR,1,9,5,clear,False,0.24,1,0,0,0.0,0.0,2,9,0.6
14163,Vande Bharat,2026-12-05,12,1,TNA,2,34,5,clear,False,0.29,4,0,3,0.6,0.6,2,8,16.7
14163,Vande Bharat,2026-12-05,12,1,KYN,3,54,6,clear,False,0.51,0,1,0,17.3,16.7,2,7,20.1
14163,Vande Bharat,2026-12-05,12,1,KJT,4,100,6,clear,False,0.26,1,1,0,37.4,20.1,2,6,22.0
14163,Vande Bharat,2026-12-05,12,1,LNL,5,128,7,clear,False,0.5,1,1,0,59.4,22.0,2,5,28.5
14163,Vande Bharat,2026-12-05,12,1,SVJR,6,190,7,clear,False,0.3,2,1,2,87.9,28.5,2,4,40.9
14163,Vande Bharat,2026-12-05,12,1,PUNE,7,192,7,clear,False,0.33,3,1,1,128.8,40.9,2,3,48.0
14163,Vande Bharat,2026-12-05,12,1,DD,8,268,8,clear,False,0.48,0,1,0,176.8,48.0,2,2,56.0
14163,Vande Bharat,2026-12-05,12,1,KWV,9,377,10,clear,False,0.23,2,1,0,232.8,56.0,2,1,59.0
14163,Vande Bharat,2026-12-05,12,1,SUR,10,455,11,clear,False,0.61,3,1,0,291.8,59.0,0,0,65.0
11235,Superfast,2026-12-05,12,1,SUR,0,0,8,clear,False,0.0,2,1,1,0.0,0.0,0,10,0.0
11235,Superfast,2026-12-05,12,1,KWV,1,78,9,clear,False,0.36,0,0,0,0.0,0.0,2,9,6.7
11235,Superfast,2026-12-05,12,1,DD,2,187,10,clear,False,0.05,0,0,0,6.7,6.7,2,8,13.9
11235,Superfast,2026-12-05,12,1,PUNE,3,263,11,clear,False,0.83,1,1,0,20.6,13.9,2,7,26.5
11235,Superfast,2026-12-05,12,1,SVJR,4,265,11,clear,False,0.3,0,1,0,47.1,26.5,2,6,32.6
11235,Superfast,2026-12-05,12,1,LNL,5,327,12,clear,False,0.34,2,1,0,79.7,32.6,2,5,65.0
11235,Superfast,2026-12-05,12,1,KJT,6,355,12,clear,False,0.56,0,1,0,144.7,65.0,2,4,67.4
11235,Superfast,2026-12-05,12,1,KYN,7,401,13,clear,False,0.12,1,1,0,212.1,67.4,2,3,65.0
11235,Superfast,2026-12-05,12,1,TNA,8,421,13,clear,False,0.08,4,1,0,277.1,65.0,2,2,70.3
11235,Superfast,2026-12-05,12,1,DR,9,446,13,clear,False,0.07,0,1,0,347.4,70.3,2,1,70.9
11235,Superfast,2026-12-05,12,1,CSMT,10,455,13,clear,False,0.47,1,1,0,418.3,70.9,0,0,69.3
22408,Superfast,2026-12-05,12,1,CSMT,0,0,11,clear,False,0.0,0,0,0,0.0,0.0,0,8,4.0
22408,Superfast,2026-12-05,12,1,DR,1,9,11,clear,False,0.49,2,0,0,4.0,4.0,2,7,8.1
22408,Superfast,2026-12-05,12,1,TNA,2,34,12,clear,False,0.31,0,0,0,12.1,8.1,2,6,8.0
22408,Superfast,2026-12-05,12,1,KYN,3,54,12,clear,False,0.33,0,1,0,20.1,8.0,2,5,15.8
22408,Superfast,2026-12-05,12,1,LNL,4,128,13,clear,False,0.43,3,1,0,35.9,15.8,2,4,27.8
22408,Superfast,2026-12-05,12,1,PUNE,5,192,14,clear,False,0.35,1,1,0,63.7,27.8,2,3,29.6
22408,Superfast,2026-12-05,12,1,MRJ,6,471,17,clear,False,0.6,2,1,0,93.3,29.6,2,2,40.0
22408,Superfast,2026-12-05,12,1,SLI,7,478,17,clear,False,0.25,0,1,0,133.3,40.0,2,1,44.1
22408,Superfast,2026-12-05,12,1,KOP,8,518,18,clear,False,0.77,1,1,0,177.4,44.1,0,0,53.3
21003,Superfast,2026-12-05,12,1,KOP,0,0,17,clear,False,0.0,2,0,0,0.0,0.0,0,8,0.0
21003,Superfast,2026-12-05,12,1,SLI,1,40,17,clear,False,0.08,1,0,0,0.0,0.0,2,7,2.3
21003,Superfast,2026-12-05,12,1,MRJ,2,47,18,clear,False,0.61,1,1,0,2.3,2.3,2,6,14.1
21003,Superfast,2026-12-05,12,1,PUNE,3,326,21,clear,False,0.78,4,0,1,16.4,14.1,2,5,30.4
21003,Superfast,2026-12-05,12,1,LNL,4,390,22,clear,False,0.41,3,1,0,46.8,30.4,2,4,41.4
21003,Superfast,2026-12-05,12,1,KYN,5,464,23,clear,False,0.16,1,1,0,88.2,41.4,2,3,43.7
21003,Superfast,2026-12-05,12,1,TNA,6,484,23,clear,False,0.17,0,1,0,131.9,43.7,2,2,42.2
21003,Superfast,2026-12-05,12,1,DR,7,509,23,clear,False,0.63,0,1,0,174.1,42.2,2,1,46.6
21003,Superfast,2026-12-05,12,1,CSMT,8,518,23,clear,False,0.19,2,1,0,220.7,46.6,0,0,51.3
21979,Superfast,2026-12-05,12,1,CSMT,0,0,21,clear,False,0.0,1,0,0,0.0,0.0,0,15,0.0
21979,Superfast,2026-12-05,12,1,DR,1,9,21,clear,False,0.64,2,0,0,0.0,0.0,2,14,1.1
21979,Superfast,2026-12-05,12,1,TNA,2,34,22,clear,False,0.38,2,0,0,1.1,1.1,2,13,5.1
21979,Superfast,2026-12-05,12,1,KYN,3,54,22,clear,False,0.53,2,0,0,6.2,5.1,2,12,7.3
21979,Superfast,2026-12-05,12,1,IGP,4,137,23,clear,False,0.48,3,0,0,13.5,7.3,2,11,10.8
21979,Superfast,2026-12-05,12,1,NK,5,188,23,clear,False,0.27,1,1,0,24.3,10.8,2,10,17.5
21979,Superfast,2026-12-05,12,1,MMR,6,261,0,clear,False,0.25,2,1,1,41.8,17.5,2,9,48.5
21979,Superfast,2026-12-05,12,1,CSN,7,328,1,clear,False,0.41,1,1,0,90.3,48.5,2,8,50.1
21979,Superfast,2026-12-05,12,1,JL,8,420,2,clear,False,0.14,2,1,0,140.4,50.1,2,7,53.8
21979,Superfast,2026-12-05,12,1,BSL,9,444,3,clear,False,0.6,0,1,0,194.2,53.8,2,6,57.1
21979,Superfast,2026-12-05,12,1,MKU,10,494,3,clear,False,0.48,1,1,0,251.3,57.1,2,5,57.1
21979,Superfast,2026-12-05,12,1,AK,11,583,4,clear,False,0.35,0,1,0,308.4,57.1,2,4,54.3
21979,Superfast,2026-12-05,12,1,BD,12,662,5,clear,False,0.13,1,1,0,362.7,54.3,2,3,58.8
21979,Superfast,2026-12-05,12,1,WR,13,757,7,clear,False,0.48,0,1,0,421.5,58.8,2,2,57.5
21979,Superfast,2026-12-05,12,1,NGP,14,837,8,clear,False,0.12,1,1,0,479.0,57.5,2,1,59.3
21979,Superfast,2026-12-05,12,1,G,15,967,9,clear,False,0.87,0,1,0,538.3,59.3,0,0,71.6
11977,Mail,2026-12-05,12,1,G,0,0,10,clear,False,0.0,1,0,0,0.0,0.0,0,15,0.0
11977,Mail,2026-12-05,12,1,NGP,1,130,11,clear,False,0.36,0,0,0,0.0,0.0,6,14,3.2
11977,Mail,2026-12-05,12,1,WR,2,210,12,clear,False,0.52,0,0,0,3.2,3.2,6,13,5.3
11977,Mail,2026-12-05,12,1,BD,3,305,13,clear,False,0.3,4,0,0,8.5,5.3,6,12,11.4
11977,Mail,2026-12-05,12,1,AK,4,384,14,clear,False,0.22,1,0,0,19.9,11.4,6,11,10.3
11977,Mail,2026-12-05,12,1,MKU,5,473,15,clear,False,0.63,1,0,0,30.2,10.3,6,10,11.6
11977,Mail,2026-12-05,12,1,BSL,6,523,16,clear,False,0.18,3,1,0,41.8,11.6,6,9,24.1
11977,Mail,2026-12-05,12,1,JL,7,547,16,clear,False,0.33,1,1,0,65.9,24.1,6,8,31.3
11977,Mail,2026-12-05,12,1,CSN,8,639,18,clear,False,0.5,1,1,0,97.2,31.3,6,7,34.4
11977,Mail,2026-12-05,12,1,MMR,9,706,18,clear,False,0.42,0,1,0,131.6,34.4,6,6,39.2
11977,Mail,2026-12-05,12,1,NK,10,779,19,clear,False,0.62,0,1,0,170.8,39.2,6,5,49.3
11977,Mail,2026-12-05,12,1,IGP,11,830,20,clear,False,0.67,3,1,2,220.1,49.3,6,4,56.6
11977,Mail,2026-12-05,12,1,KYN,12,913,21,clear,False,0.62,1,1,0,276.7,56.6,6,3,57.5
11977,Mail,2026-12-05,12,1,TNA,13,933,21,clear,False,0.34,4,1,0,334.2,57.5,6,2,60.3
11977,Mail,2026-12-05,12,1,DR,14,958,22,clear,False,0.44,1,1,0,394.5,60.3,6,1,61.0
11977,Mail,2026-12-05,12,1,CSMT,15,967,22,clear,False,0.17,2,1,0,455.5,61.0,0,0,61.8
14940,Intercity,2026-12-05,12,1,CSMT,0,0,6,clear,False,0.0,2,0,0,0.0,0.0,0,9,0.0
14940,Intercity,2026-12-05,12,1,DR,1,9,6,clear,False,0.65,0,0,0,0.0,0.0,4,8,0.5
14940,Intercity,2026-12-05,12,1,TNA,2,34,6,clear,False,0.32,0,0,0,0.5,0.5,4,7,2.2
14940,Intercity,2026-12-05,12,1,KYN,3,54,7,clear,False,0.43,0,0,0,2.7,2.2,4,6,3.5
14940,Intercity,2026-12-05,12,1,IGP,4,137,8,clear,False,0.74,1,0,0,6.2,3.5,4,5,14.3
14940,Intercity,2026-12-05,12,1,NK,5,188,8,clear,False,0.62,4,0,0,20.5,14.3,4,4,23.8
14940,Intercity,2026-12-05,12,1,MMR,6,261,9,clear,False,0.37,2,1,2,44.3,23.8,4,3,40.0
14940,Intercity,2026-12-05,12,1,AWB,7,375,11,clear,False,0.55,1,1,0,84.3,40.0,4,2,46.7
14940,Intercity,2026-12-05,12,1,J,8,438,11,clear,False,0.74,0,1,0,131.0,46.7,4,1,58.1
14940,Intercity,2026-12-05,12,1,NED,9,609,14,clear,False,0.06,1,1,0,189.1,58.1,0,0,58.1
11535,Mail,2026-12-05,12,1,NED,0,0,10,clear,False,0.0,2,0,0,0.0,0.0,0,9,0.0
11535,Mail,2026-12-05,12,1,J,1,171,12,clear,False,0.45,2,0,0,0.0,0.0,6,8,1.3
11535,Mail,2026-12-05,12,1,AWB,2,234,13,clear,False,0.59,3,0,2,1.3,1.3,6,7,11.9
11535,Mail,2026-12-05,12,1,MMR,3,348,14,clear,False,0.33,1,1,0,13.2,11.9,6,6,15.6
11535,Mail,2026-12-05,12,1,NK,4,421,15,clear,False,0.64,1,1,0,28.8,15.6,6,5,23.6
11535,Mail,2026-12-05,12,1,IGP,5,472,16,clear,False,0.22,0,1,0,52.4,23.6,6,4,26.3
11535,Mail,2026-12-05,12,1,KYN,6,555,17,clear,False,0.53,1,1,0,78.7,26.3,6,3,32.5
11535,Mail,2026-12-05,12,1,TNA,7,575,17,clear,False,0.79,1,1,0,111.2,32.5,6,2,45.9
11535,Mail,2026-12-05,12,1,DR,8,600,17,clear,False,0.45,0,1,0,157.1,45.9,6,1,53.7
11535,Mail,2026-12-05,12,1,CSMT,9,609,17,clear,False,0.27,1,1,0,210.8,53.7,0,0,58.2
22515,Mail,2026-12-05,12,1,CSMT,0,0,8,clear,False,0.0,0,0,0,0.0,0.0,0,5,0.0
22515,Mail,2026-12-05,12,1,DR,1,9,8,clear,False,0.51,2,0,0,0.0,0.0,6,4,4.3
22515,Mail,2026-12-05,12,1,TNA,2,34,9,clear,False,0.07,1,0,0,4.3,4.3,6,3,9.4
22515,Mail,2026-12-05,12,1,PNVL,3,69,9,clear,False,0.28,1,1,0,13.7,9.4,6,2,16.8
22515,Mail,2026-12-05,12,1,RN,4,307,12,clear,False,0.8,2,1,0,30.5,16.8,6,1,28.5
22515,Mail,2026-12-05,12,1,SWV,5,495,14,clear,False,0.41,1,1,0,59.0,28.5,0,0,34.2
14085,Vande Bharat,2026-12-05,12,1,SWV,0,0,21,clear,False,0.0,0,0,0,0.0,0.0,0,5,0.0
14085,Vande Bharat,2026-12-05,12,1,RN,1,188,23,clear,False,0.32,4,1,0,0.0,0.0,2,4,17.9
14085,Vande Bharat,2026-12-05,12,1,PNVL,2,426,2,clear,False,0.06,2,1,2,17.9,17.9,2,3,31.7
14085,Vande Bharat,2026-12-05,12,1,TNA,3,461,2,clear,False,0.23,1,1,0,49.6,31.7,2,2,35.0
14085,Vande Bharat,2026-12-05,12,1,DR,4,486,3,clear,False,0.56,1,1,0,84.6,35.0,2,1,39.8
14085,Vande Bharat,2026-12-05,12,1,CSMT,5,495,3,clear,False,0.47,1,1,0,124.4,39.8,0,0,43.0
17883,Express,2026-12-05,12,1,PUNE,0,0,12,clear,False,0.0,1,1,0,0.0,0.0,0,7,0.0
17883,Express,2026-12-05,12,1,DD,1,76,13,clear,False,0.46,0,0,0,0.0,0.0,4,6,2.3
17883,Express,2026-12-05,12,1,MMR,2,69,13,clear,False,0.35,1,0,0,2.3,2.3,4,5,2.8
17883,Express,2026-12-05,12,1,BSL,3,252,16,clear,False,0.25,1,0,0,5.1,2.8,4,4,4.7
17883,Express,2026-12-05,12,1,AK,4,391,17,clear,False,0.19,1,0,0,9.8,4.7,4,3,8.8
17883,Express,2026-12-05,12,1,BD,5,470,18,clear,False,0.12,2,0,0,18.6,8.8,4,2,15.8
17883,Express,2026-12-05,12,1,WR,6,565,20,clear,False,0.42,1,1,0,34.4,15.8,4,1,19.3
17883,Express,2026-12-05,12,1,NGP,7,645,21,clear,False,0.41,2,1,0,53.7,19.3,0,0,31.9
17093,Intercity,2026-12-05,12,1,NGP,0,0,22,clear,False,0.0,0,0,0,0.0,0.0,0,7,0.0
17093,Intercity,2026-12-05,12,1,WR,1,80,23,clear,False,0.43,0,0,0,0.0,0.0,4,6,5.7
17093,Intercity,2026-12-05,12,1,BD,2,175,0,clear,False,0.33,2,0,3,5.7,5.7,4,5,15.3
17093,Intercity,2026-12-05,12,1,AK,3,254,1,clear,False,0.2,2,1,1,21.0,15.3,4,4,25.3
17093,Intercity,2026-12-05,12,1,BSL,4,393,3,clear,False,0.24,0,1,0,46.3,25.3,4,3,27.4
17093,Intercity,2026-12-05,12,1,MMR,5,576,5,clear,False,0.33,0,1,0,73.7,27.4,4,2,30.0
17093,Intercity,2026-12-05,12,1,DD,6,569,5,clear,False,0.33,0,1,0,103.7,30.0,4,1,37.5
17093,Intercity,2026-12-05,12,1,PUNE,7,645,6,clear,False,0.23,0,1,0,141.2,37.5,0,0,44.5
21904,Vande Bharat,2026-12-05,12,1,NGP,0,0,10,clear,False,0.0,1,0,0,0.0,0.0,0,9,4.0
21904,Vande Bharat,2026-12-05,12,1,WR,1,80,11,clear,False,0.5,1,0,0,4.0,4.0,2,8,7.4
21904,Vande Bharat,2026-12-05,12,1,BD,2,175,12,clear,False,0.46,1,0,0,11.4,7.4,2,7,11.0
21904,Vande Bharat,2026-12-05,12,1,AK,3,254,13,clear,False,0.38,0,0,0,22.4,11.0,2,6,11.7
21904,Vande Bharat,2026-12-05,12,1,BSL,4,393,15,clear,False,0.39,1,1,0,34.1,11.7,2,5,13.7
21904,Vande Bharat,2026-12-05,12,1,MMR,5,576,17,clear,False,0.31,2,0,0,47.8,13.7,2,4,19.0
21904,Vande Bharat,2026-12-05,12,1,DD,6,569,17,clear,False,0.32,2,1,0,66.8,19.0,2,3,30.4
21904,Vande Bharat,2026-12-05,12,1,PUNE,7,645,18,clear,False,0.45,3,1,0,97.2,30.4,2,2,41.4
21904,Vande Bharat,2026-12-05,12,1,MRJ,8,366,15,clear,False,0.31,0,1,0,138.6,41.4,2,1,40.2
21904,Vande Bharat,2026-12-05,12,1,KOP,9,319,14,clear,False,0.42,3,1,1,178.8,40.2,0,0,48.2
11656,Intercity,2026-12-05,12,1,KOP,0,0,7,clear,False,0.0,1,0,0,0.0,0.0,0,9,0.0
11656,Intercity,2026-12-05,12,1,MRJ,1,47,8,clear,False,0.71,1,1,0,0.0,0.0,4,8,16.8
11656,Intercity,2026-12-05,12,1,PUNE,2,326,11,clear,False,0.56,0,1,0,16.8,16.8,4,7,28.7
11656,Intercity,2026-12-05,12,1,DD,3,250,10,clear,False,0.17,1,1,0,45.5,28.7,4,6,40.2
11656,Intercity,2026-12-05,12,1,MMR,4,257,10,clear,False,1.0,3,1,0,85.7,40.2,4,5,53.3
11656,Intercity,2026-12-05,12,1,BSL,5,74,8,clear,False,0.16,1,1,0,139.0,53.3,4,4,59.4
11656,Intercity,2026-12-05,12,1,AK,6,65,8,clear,False,0.5,2,1,0,198.4,59.4,4,3,64.7
11656,Intercity,2026-12-05,12,1,BD,7,144,9,clear,False,0.75,0,1,0,263.1,64.7,4,2,69.7
11656,Intercity,2026-12-05,12,1,WR,8,239,10,clear,False,0.12,1,1,0,332.8,69.7,4,1,70.1
11656,Intercity,2026-12-05,12,1,NGP,9,319,11,clear,False,0.06,3,1,0,402.9,70.1,0,0,74.9
11199,Express,2026-07-13,7,2,CSMT,0,0,10,heavy_rain,True,0.0,4,0,0,0.0,0.0,0,10,0.0
11199,Express,2026-07-13,7,2,DR,1,9,10,heavy_rain,True,0.6,1,0,0,0.0,0.0,4,9,5.4
11199,Express,2026-07-13,7,2,TNA,2,34,10,heavy_rain,True,0.68,2,0,1,5.4,5.4,4,8,9.7
11199,Express,2026-07-13,7,2,KYN,3,54,10,heavy_rain,True,0.09,4,0,2,15.1,9.7,4,7,22.5
11199,Express,2026-07-13,7,2,KJT,4,100,11,heavy_rain,True,0.65,0,1,0,37.6,22.5,4,6,39.6
11199,Express,2026-07-13,7,2,LNL,5,128,11,heavy_rain,True,0.14,0,1,0,77.2,39.6,4,5,58.3
11199,Express,2026-07-13,7,2,SVJR,6,190,12,heavy_rain,True,0.35,1,1,0,135.5,58.3,4,4,59.6
11199,Express,2026-07-13,7,2,PUNE,7,192,12,heavy_rain,True,0.6,4,1,3,195.1,59.6,4,3,71.0
11199,Express,2026-07-13,7,2,DD,8,268,13,heavy_rain,True,0.36,2,1,0,266.1,71.0,4,2,69.4
11199,Express,2026-07-13,7,2,KWV,9,377,14,heavy_rain,True,0.37,3,1,0,335.5,69.4,4,1,76.6
11199,Express,2026-07-13,7,2,SUR,10,455,15,heavy_rain,True,0.2,2,1,0,412.1,76.6,0,0,75.4
17254,Superfast,2026-07-13,7,2,SUR,0,0,10,heavy_rain,True,0.0,2,0,0,0.0,0.0,0,10,0.0
17254,Superfast,2026-07-13,7,2,KWV,1,78,11,heavy_rain,True,0.17,2,0,1,0.0,0.0,2,9,7.5
17254,Superfast,2026-07-13,7,2,DD,2,187,12,heavy_rain,True,0.35,0,0,0,7.5,7.5,2,8,9.2
17254,Superfast,2026-07-13,7,2,PUNE,3,263,13,heavy_rain,True,0.32,1,0,0,16.7,9.2,2,7,12.3
17254,Superfast,2026-07-13,7,2,SVJR,4,265,13,heavy_rain,True,0.45,0,0,0,29.0,12.3,2,6,12.8
17254,Superfast,2026-07-13,7,2,LNL,5,327,14,heavy_rain,True,0.66,1,1,0,41.8,12.8,2,5,26.0
17254,Superfast,2026-07-13,7,2,KJT,6,355,14,heavy_rain,True,0.24,3,1,0,67.8,26.0,2,4,47.3
17254,Superfast,2026-07-13,7,2,KYN,7,401,15,heavy_rain,True,0.57,2,1,3,115.1,47.3,2,3,55.5
17254,Superfast,2026-07-13,7,2,TNA,8,421,15,heavy_rain,True,0.14,1,1,0,170.6,55.5,2,2,64.4
17254,Superfast,2026-07-13,7,2,DR,9,446,15,heavy_rain,True,0.27,1,1,0,235.0,64.4,2,1,69.3
17254,Superfast,2026-07-13,7,2,CSMT,10,455,15,heavy_rain,True,0.23,1,1,0,304.3,69.3,0,0,68.3
17114,Vande Bharat,2026-07-13,7,2,CSMT,0,0,14,heavy_rain,True,0.0,2,1,0,0.0,0.0,0,8,0.0
17114,Vande Bharat,2026-07-13,7,2,DR,1,9,14,heavy_rain,True,0.33,3,1,0,0.0,0.0,2,7,11.7
17114,Vande Bharat,2026-07-13,7,2,TNA,2,34,14,heavy_rain,True,0.3,1,0,0,11.7,11.7,2,6,12.1
17114,Vande Bharat,2026-07-13,7,2,KYN,3,54,14,heavy_rain,True,0.3,3,0,0,23.8,12.1,2,5,18.9
17114,Vande Bharat,2026-07-13,7,2,LNL,4,128,15,heavy_rain,True,0.15,1,1,0,42.7,18.9,2,4,35.3
17114,Vande Bharat,2026-07-13,7,2,PUNE,5,192,16,heavy_rain,True,0.33,1,1,0,78.0,35.3,2,3,39.9
17114,Vande Bharat,2026-07-13,7,2,MRJ,6,471,20,heavy_rain,True,0.69,0,1,0,117.9,39.9,2,2,46.1
17114,Vande Bharat,2026-07-13,7,2,SLI,7,478,20,heavy_rain,True,0.71,2,1,2,164.0,46.1,2,1,62.3
17114,Vande Bharat,2026-07-13,7,2,KOP,8,518,20,heavy_rain,True,0.41,2,1,0,226.3,62.3,0,0,65.7
12570,Express,2026-07-13,7,2,KOP,0,0,14,heavy_rain,True,0.0,0,1,0,0.0,0.0,0,8,0.0
12570,Express,2026-07-13,7,2,SLI,1,40,15,heavy_rain,True,0.1,2,0,2,0.0,0.0,4,7,3.9
12570,Express,2026-07-13,7,2,MRJ,2,47,15,heavy_rain,True,0.55,0,1,0,3.9,3.9,4,6,13.0
12570,Express,2026-07-13,7,2,PUNE,3,326,18,heavy_rain,True,0.5,1,0,0,16.9,13.0,4,5,17.3
12570,Express,2026-07-13,7,2,LNL,4,390,19,heavy_rain,True,0.64,2,1,1,34.2,17.3,4,4,35.7
12570,Express,2026-07-13,7,2,KYN,5,464,20,heavy_rain,True,0.66,4,1,1,69.9,35.7,4,3,47.9
12570,Express,2026-07-13,7,2,TNA,6,484,20,heavy_rain,True,0.35,2,1,0,117.8,47.9,4,2,52.3
12570,Express,2026-07-13,7,2,DR,7,509,20,heavy_rain,True,0.87,3,1,0,170.1,52.3,4,1,67.1
12570,Express,2026-07-13,7,2,CSMT,8,518,21,heavy_rain,True,0.63,0,1,0,237.2,67.1,0,0,70.6
13277,Express,2026-07-13,7,2,CSMT,0,0,19,heavy_rain,True,0.0,1,0,0,0.0,0.0,0,15,0.0
13277,Express,2026-07-13,7,2,DR,1,9,19,heavy_rain,True,0.59,2,1,1,0.0,0.0,4,14,16.2
13277,Express,2026-07-13,7,2,TNA,2,34,20,heavy_rain,True,0.43,0,1,0,16.2,16.2,4,13,26.0
13277,Express,2026-07-13,7,2,KYN,3,54,20,heavy_rain,True,0.52,0,1,0,42.2,26.0,4,12,31.7
13277,Express,2026-07-13,7,2,IGP,4,137,21,heavy_rain,True,0.47,0,1,0,73.9,31.7,4,11,44.5
13277,Express,2026-07-13,7,2,NK,5,188,22,heavy_rain,True,0.34,0,1,0,118.4,44.5,4,10,46.9
13277,Express,2026-07-13,7,2,MMR,6,261,22,heavy_rain,True,0.39,2,1,1,165.3,46.9,4,9,52.5
13277,Express,2026-07-13,7,2,CSN,7,328,23,heavy_rain,True,0.36,2,1,0,217.8,52.5,4,8,57.1
13277,Express,2026-07-13,7,2,JL,8,420,0,heavy_rain,True,0.27,2,1,0,274.9,57.1,4,7,59.3
13277,Express,2026-07-13,7,2,BSL,9,444,1,heavy_rain,True,0.59,0,1,0,334.2,59.3,4,6,55.9
13277,Express,2026-07-13,7,2,MKU,10,494,1,heavy_rain,True,0.71,0,1,0,390.1,55.9,4,5,62.9
13277,Express,2026-07-13,7,2,AK,11,583,2,heavy_rain,True,0.71,2,1,2,453.0,62.9,4,4,70.2
13277,Express,2026-07-13,7,2,BD,12,662,3,heavy_rain,True,0.35,0,1,0,523.2,70.2,4,3,72.8
13277,Express,2026-07-13,7,2,WR,13,757,5,heavy_rain,True,0.31,0,1,0,596.0,72.8,4,2,70.5
13277,Express,2026-07-13,7,2,NGP,14,837,6,heavy_rain,True,0.32,0,1,0,666.5,70.5,4,1,65.9
13277,Express,2026-07-13,7,2,G,15,967,7,heavy_rain,True,0.31,3,1,0,732.4,65.9,0,0,70.4
19202,Superfast,2026-07-13,7,2,G,0,0,19,heavy_rain,True,0.0,1,1,0,0.0,0.0,0,15,0.0
19202,Superfast,2026-07-13,7,2,NGP,1,130,20,heavy_rain,True,0.12,2,0,1,0.0,0.0,2,14,6.2
19202,Superfast,2026-07-13,7,2,WR,2,210,21,heavy_rain,True,0.35,4,1,1,6.2,6.2,2,13,19.9
19202,Superfast,2026-07-13,7,2,BD,3,305,22,heavy_rain,True,0.49,0,1,0,26.1,19.9,2,12,28.2
19202,Superfast,2026-07-13,7,2,AK,4,384,23,heavy_rain,True,0.47,3,1,2,54.3,28.2,2,11,45.0
19202,Superfast,2026-07-13,7,2,MKU,5,473,0,heavy_rain,True,0.17,1,1,0,99.3,45.0,2,10,46.8
19202,Superfast,2026-07-13,7,2,BSL,6,523,1,heavy_rain,True,0.42,0,1,0,146.1,46.8,2,9,52.5
19202,Superfast,2026-07-13,7,2,JL,7,547,1,heavy_rain,True,0.27,0,1,0,198.6,52.5,2,8,52.1
19202,Superfast,2026-07-13,7,2,CSN,8,639,3,heavy_rain,True,0.2,4,1,0,250.7,52.1,2,7,58.7
19202,Superfast,2026-07-13,7,2,MMR,9,706,3,heavy_rain,True,0.42,1,1,0,309.4,58.7,2,6,60.7
19202,Superfast,2026-07-13,7,2,NK,10,779,4,heavy_rain,True,0.46,1,1,0,370.1,60.7,2,5,64.8
19202,Superfast,2026-07-13,7,2,IGP,11,830,5,heavy_rain,True,0.35,1,1,0,434.9,64.8,2,4,74.2
19202,Superfast,2026-07-13,7,2,KYN,12,913,6,heavy_rain,True,0.28,1,1,0,509.1,74.2,2,3,74.5
19202,Superfast,2026-07-13,7,2,TNA,13,933,6,heavy_rain,True,0.76,2,1,0,583.6,74.5,2,2,80.2
19202,Superfast,2026-07-13,7,2,DR,14,958,7,heavy_rain,True,0.18,1,1,0,663.8,80.2,2,1,78.8
19202,Superfast,2026-07-13,7,2,CSMT,15,967,7,heavy_rain,True,0.34,2,1,1,742.6,78.8,0,0,76.8
20075,Superfast,2026-07-13,7,2,CSMT,0,0,12,heavy_rain,True,0.0,1,0,0,0.0,0.0,0,9,0.0
20075,Superfast,2026-07-13,7,2,DR,1,9,12,heavy_rain,True,0.21,2,0,0,0.0,0.0,2,8,1.9
20075,Superfast,2026-07-13,7,2,TNA,2,34,12,heavy_rain,True,0.34,0,0,0,1.9,1.9,2,7,2.9
20075,Superfast,2026-07-13,7,2,KYN,3,54,13,heavy_rain,True,0.39,2,0,0,4.8,2.9,2,6,7.0
20075,Superfast,2026-07-13,7,2,IGP,4,137,14,heavy_rain,True,0.34,2,1,0,11.8,7.0,2,5,18.1
20075,Superfast,2026-07-13,7,2,NK,5,188,14,heavy_rain,True,0.51,2,1,1,29.9,18.1,2,4,26.4
20075,Superfast,2026-07-13,7,2,MMR,6,261,15,heavy_rain,True,0.34,3,1,0,56.3,26.4,2,3,34.8
20075,Superfast,2026-07-13,7,2,AWB,7,375,17,heavy_rain,True,0.61,0,1,0,91.1,34.8,2,2,42.4
20075,Superfast,2026-07-13,7,2,J,8,438,17,heavy_rain,True,0.71,2,1,0,133.5,42.4,2,1,51.7
20075,Superfast,2026-07-13,7,2,NED,9,609,19,heavy_rain,True,0.28,1,1,0,185.2,51.7,0,0,56.9
20726,Mail,2026-07-13,7,2,NED,0,0,9,heavy_rain,True,0.0,1,0,0,0.0,0.0,0,9,0.0
20726,Mail,2026-07-13,7,2,J,1,171,12,heavy_rain,True,0.42,1,0,0,0.0,0.0,6,8,1.1
20726,Mail,2026-07-13,7,2,AWB,2,234,12,heavy_rain,True,0.29,1,0,0,1.1,1.1,6,7,3.7
20726,Mail,2026-07-13,7,2,MMR,3,348,14,heavy_rain,True,0.39,2,1,0,4.8,3.7,6,6,14.2
20726,Mail,2026-07-13,7,2,NK,4,421,15,heavy_rain,True,0.22,1,0,0,19.0,14.2,6,5,14.9
20726,Mail,2026-07-13,7,2,IGP,5,472,15,heavy_rain,True,0.45,0,1,0,33.9,14.9,6,4,29.5
20726,Mail,2026-07-13,7,2,KYN,6,555,16,heavy_rain,True,0.7,0,1,0,63.4,29.5,6,3,41.2
20726,Mail,2026-07-13,7,2,TNA,7,575,17,heavy_rain,True,0.46,2,1,0,104.6,41.2,6,2,40.9
20726,Mail,2026-07-13,7,2,DR,8,600,17,heavy_rain,True,0.47,2,1,1,145.5,40.9,6,1,46.3
20726,Mail,2026-07-13,7,2,CSMT,9,609,17,heavy_rain,True,1.0,0,1,0,191.8,46.3,0,0,55.9
19064,Mail,2026-07-13,7,2,CSMT,0,0,19,heavy_rain,True,0.0,2,0,0,0.0,0.0,0,5,0.0
19064,Mail,2026-07-13,7,2,DR,1,9,19,heavy_rain,True,0.53,3,0,3,0.0,0.0,6,4,16.6
19064,Mail,2026-07-13,7,2,TNA,2,34,19,heavy_rain,True,0.68,0,1,0,16.6,16.6,6,3,25.2
19064,Mail,2026-07-13,7,2,PNVL,3,69,20,heavy_rain,True,0.37,3,1,0,41.8,25.2,6,2,38.9
19064,Mail,2026-07-13,7,2,RN,4,307,23,heavy_rain,True,0.32,1,1,0,80.7,38.9,6,1,43.7
19064,Mail,2026-07-13,7,2,SWV,5,495,1,heavy_rain,True,0.33,0,1,0,124.4,43.7,0,0,42.7
22568,Express,2026-07-13,7,2,SWV,0,0,7,heavy_rain,True,0.0,1,0,0,0.0,0.0,0,5,0.0
22568,Express,2026-07-13,7,2,RN,1,188,10,heavy_rain,True,0.23,1,0,0,0.0,0.0,4,4,3.4
22568,Express,2026-07-13,7,2,PNVL,2,426,13,heavy_rain,True,0.5,1,0,0,3.4,3.4,4,3,6.2
22568,Express,2026-07-13,7,2,TNA,3,461,13,heavy_rain,True,0.41,1,0,0,9.6,6.2,4,2,5.6
22568,Express,2026-07-13,7,2,DR,4,486,14,heavy_rain,True,0.78,0,1,0,15.2,5.6,4,1,17.1
22568,Express,2026-07-13,7,2,CSMT,5,495,14,heavy_rain,True,0.05,1,1,0,32.3,17.1,0,0,22.9
21107,Intercity,2026-07-13,7,2,PUNE,0,0,17,heavy_rain,True,0.0,1,1,0,0.0,0.0,0,7,0.0
21107,Intercity,2026-07-13,7,2,DD,1,76,18,heavy_rain,True,0.41,0,0,0,0.0,0.0,4,6,6.4
21107,Intercity,2026-07-13,7,2,MMR,2,69,18,heavy_rain,True,0.49,2,0,1,6.4,6.4,4,5,14.4
21107,Intercity,2026-07-13,7,2,BSL,3,252,20,heavy_rain,True,0.3,1,0,0,20.8,14.4,4,4,16.6
21107,Intercity,2026-07-13,7,2,AK,4,391,22,heavy_rain,True,0.28,1,1,0,37.4,16.6,4,3,22.6
21107,Intercity,2026-07-13,7,2,BD,5,470,23,heavy_rain,True,0.37,1,1,0,60.0,22.6,4,2,27.4
21107,Intercity,2026-07-13,7,2,WR,6,565,0,heavy_rain,True,0.36,0,1,0,87.4,27.4,4,1,32.2
21107,Intercity,2026-07-13,7,2,NGP,7,645,1,heavy_rain,True,0.58,1,1,0,119.6,32.2,0,0,36.2
15995,Vande Bharat,2026-07-13,7,2,NGP,0,0,7,heavy_rain,True,0.0,1,1,0,0.0,0.0,0,7,0.0
15995,Vande Bharat,2026-07-13,7,2,WR,1,80,8,heavy_rain,True,0.14,1,0,0,0.0,0.0,2,6,3.5
15995,Vande Bharat,2026-07-13,7,2,BD,2,175,9,heavy_rain,True,0.69,1,1,0,3.5,3.5,2,5,12.1
15995,Vande Bharat,2026-07-13,7,2,AK,3,254,10,heavy_rain,True,0.72,1,1,0,15.6,12.1,2,4,25.4
15995,Vande Bharat,2026-07-13,7,2,BSL,4,393,11,heavy_rain,True,0.42,1,1,0,41.0,25.4,2,3,29.7
15995,Vande Bharat,2026-07-13,7,2,MMR,5,576,14,heavy_rain,True,0.37,1,1,0,70.7,29.7,2,2,35.7
15995,Vande Bharat,2026-07-13,7,2,DD,6,569,14,heavy_rain,True,0.37,1,1,0,106.4,35.7,2,1,39.0
15995,Vande Bharat,2026-07-13,7,2,PUNE,7,645,15,heavy_rain,True,0.24,0,1,0,145.4,39.0,0,0,44.5
13730,Express,2026-07-13,7,2,NGP,0,0,16,heavy_rain,True,0.0,1,0,0,0.0,0.0,0,9,0.0
13730,Express,2026-07-13,7,2,WR,1,80,17,heavy_rain,True,0.08,2,0,0,0.0,0.0,4,8,5.0
13730,Express,2026-07-13,7,2,BD,2,175,18,heavy_rain,True,1.0,1,1,0,5.0,5.0,4,7,20.9
13730,Express,2026-07-13,7,2,AK,3,254,19,heavy_rain,True,0.61,4,1,0,25.9,20.9,4,6,33.0
13730,Express,2026-07-13,7,2,BSL,4,393,20,heavy_rain,True,0.4,2,1,1,58.9,33.0,4,5,38.0
13730,Express,2026-07-13,7,2,MMR,5,576,23,heavy_rain,True,0.61,0,1,0,96.9,38.0,4,4,41.9
13730,Express,2026-07-13,7,2,DD,6,569,23,heavy_rain,True,0.42,0,1,0,138.8,41.9,4,3,43.5
13730,Express,2026-07-13,7,2,PUNE,7,645,0,heavy_rain,True,0.35,1,1,0,182.3,43.5,4,2,46.0
13730,Express,2026-07-13,7,2,MRJ,8,366,20,heavy_rain,True,0.74,2,1,0,228.3,46.0,4,1,61.5
13730,Express,2026-07-13,7,2,KOP,9,319,20,heavy_rain,True,0.26,2,1,0,289.8,61.5,0,0,71.5
17788,Superfast,2026-07-13,7,2,KOP,0,0,12,heavy_rain,True,0.0,1,0,0,0.0,0.0,0,9,0.0
17788,Superfast,2026-07-13,7,2,MRJ,1,47,12,heavy_rain,True,0.25,0,0,0,0.0,0.0,2,8,3.5
17788,Superfast,2026-07-13,7,2,PUNE,2,326,16,heavy_rain,True,0.57,3,0,0,3.5,3.5,2,7,9.1
17788,Superfast,2026-07-13,7,2,DD,3,250,15,heavy_rain,True,0.39,4,0,0,12.6,9.1,2,6,18.7
17788,Superfast,2026-07-13,7,2,MMR,4,257,15,heavy_rain,True,0.71,3,1,1,31.3,18.7,2,5,37.7
17788,Superfast,2026-07-13,7,2,BSL,5,74,13,heavy_rain,True,0.37,2,1,0,69.0,37.7,2,4,45.7
17788,Superfast,2026-07-13,7,2,AK,6,65,13,heavy_rain,True,0.23,1,1,0,114.7,45.7,2,3,47.8
17788,Superfast,2026-07-13,7,2,BD,7,144,14,heavy_rain,True,0.45,1,1,0,162.5,47.8,2,2,53.3
17788,Superfast,2026-07-13,7,2,WR,8,239,15,heavy_rain,True,0.19,0,1,0,215.8,53.3,2,1,53.8
17788,Superfast,2026-07-13,7,2,NGP,9,319,16,heavy_rain,True,0.69,1,1,0,269.6,53.8,0,0,56.0
21386,Vande Bharat,2026-06-27,6,6,CSMT,0,0,8,heavy_rain,True,0.0,2,0,0,0.0,0.0,0,10,0.0
21386,Vande Bharat,2026-06-27,6,6,DR,1,9,8,heavy_rain,True,0.76,1,1,0,0.0,0.0,2,9,14.4
21386,Vande Bharat,2026-06-27,6,6,TNA,2,34,9,heavy_rain,True,0.75,0,0,0,14.4,14.4,2,8,19.5
21386,Vande Bharat,2026-06-27,6,6,KYN,3,54,9,heavy_rain,True,0.39,2,1,0,33.9,19.5,2,7,30.0
21386,Vande Bharat,2026-06-27,6,6,KJT,4,100,9,heavy_rain,True,0.75,1,1,0,63.9,30.0,2,6,49.3
21386,Vande Bharat,2026-06-27,6,6,LNL,5,128,10,heavy_rain,True,0.87,0,1,0,113.2,49.3,2,5,67.9
21386,Vande Bharat,2026-06-27,6,6,SVJR,6,190,11,heavy_rain,True,0.9,0,1,0,181.1,67.9,2,4,83.8
21386,Vande Bharat,2026-06-27,6,6,PUNE,7,192,11,heavy_rain,True,0.36,2,1,0,264.9,83.8,2,3,82.1
21386,Vande Bharat,2026-06-27,6,6,DD,8,268,12,heavy_rain,True,0.37,3,1,0,347.0,82.1,2,2,89.4
21386,Vande Bharat,2026-06-27,6,6,KWV,9,377,13,heavy_rain,True,0.49,0,1,0,436.4,89.4,2,1,88.4
21386,Vande Bharat,2026-06-27,6,6,SUR,10,455,14,heavy_rain,True,0.47,0,1,0,524.8,88.4,0,0,83.5
17668,Vande Bharat,2026-06-27,6,6,SUR,0,0,21,heavy_rain,True,0.0,3,0,1,0.0,0.0,0,10,0.0
17668,Vande Bharat,2026-06-27,6,6,KWV,1,78,22,heavy_rain,True,0.35,0,0,0,0.0,0.0,2,9,2.2
17668,Vande Bharat,2026-06-27,6,6,DD,2,187,23,heavy_rain,True,0.4,1,1,0,2.2,2.2,2,8,7.8
17668,Vande Bharat,2026-06-27,6,6,PUNE,3,263,0,heavy_rain,True,0.42,2,0,1,10.0,7.8,2,7,11.3
17668,Vande Bharat,2026-06-27,6,6,SVJR,4,265,0,heavy_rain,True,0.17,1,0,0,21.3,11.3,2,6,11.3
17668,Vande Bharat,2026-06-27,6,6,LNL,5,327,1,heavy_rain,True,0.26,0,0,0,32.6,11.3,2,5,19.2
17668,Vande Bharat,2026-06-27,6,6,KJT,6,355,1,heavy_rain,True,0.42,2,1,1,51.8,19.2,2,4,37.5
17668,Vande Bharat,2026-06-27,6,6,KYN,7,401,2,heavy_rain,True,0.66,2,1,1,89.3,37.5,2,3,41.4
17668,Vande Bharat,2026-06-27,6,6,TNA,8,421,2,heavy_rain,True,0.13,3,1,0,130.7,41.4,2,2,49.5
17668,Vande Bharat,2026-06-27,6,6,DR,9,446,2,heavy_rain,True,0.63,0,1,0,180.2,49.5,2,1,52.7
17668,Vande Bharat,2026-06-27,6,6,CSMT,10,455,2,heavy_rain,True,0.15,1,1,0,232.9,52.7,0,0,54.3
19034,Vande Bharat,2026-06-27,6,6,CSMT,0,0,14,heavy_rain,True,0.0,0,0,0,0.0,0.0,0,8,0.0
19034,Vande Bharat,2026-06-27,6,6,DR,1,9,14,heavy_rain,True,0.16,0,0,0,0.0,0.0,2,7,2.6
19034,Vande Bharat,2026-06-27,6,6,TNA,2,34,15,heavy_rain,True,0.38,2,1,0,2.6,2.6,2,6,8.5
19034,Vande Bharat,2026-06-27,6,6,KYN,3,54,15,heavy_rain,True,0.46,1,0,0,11.1,8.5,2,5,10.1
19034,Vande Bharat,2026-06-27,6,6,LNL,4,128,16,heavy_rain,True,0.16,1,0,0,21.2,10.1,2,4,18.8
19034,Vande Bharat,2026-06-27,6,6,PUNE,5,192,17,heavy_rain,True,0.28,0,1,0,40.0,18.8,2,3,29.1
19034,Vande Bharat,2026-06-27,6,6,MRJ,6,471,20,heavy_rain,True,0.61,2,1,2,69.1,29.1,2,2,34.8
19034,Vande Bharat,2026-06-27,6,6,SLI,7,478,20,heavy_rain,True,0.39,2,1,0,103.9,34.8,2,1,41.1
19034,Vande Bharat,2026-06-27,6,6,KOP,8,518,21,heavy_rain,True,0.99,1,1,0,145.0,41.1,0,0,51.0
19763,Vande Bharat,2026-06-27,6,6,KOP,0,0,20,heavy_rain,True,0.0,1,0,0,0.0,0.0,0,8,0.0
19763,Vande Bharat,2026-06-27,6,6,SLI,1,40,21,heavy_rain,True,0.28,4,0,0,0.0,0.0,2,7,8.5
19763,Vande Bharat,2026-06-27,6,6,MRJ,2,47,21,heavy_rain,True,0.1,2,0,0,8.5,8.5,2,6,11.2
19763,Vande Bharat,2026-06-27,6,6,PUNE,3,326,0,heavy_rain,True,0.12,3,0,1,19.7,11.2,2,5,19.2
19763,Vande Bharat,2026-06-27,6,6,LNL,4,390,1,heavy_rain,True,0.46,3,1,0,38.9,19.2,2,4,35.1
19763,Vande Bharat,2026-06-27,6,6,KYN,5,464,2,heavy_rain,True,0.24,0,1,0,74.0,35.1,2,3,36.4
19763,Vande Bharat,2026-06-27,6,6,TNA,6,484,2,heavy_rain,True,0.04,2,1,0,110.4,36.4,2,2,38.7
19763,Vande Bharat,2026-06-27,6,6,DR,7,509,2,heavy_rain,True,0.28,1,1,0,149.1,38.7,2,1,39.8
19763,Vande Bharat,2026-06-27,6,6,CSMT,8,518,3,heavy_rain,True,0.31,2,1,1,188.9,39.8,0,0,43.9
22443,Superfast,2026-06-27,6,6,CSMT,0,0,9,heavy_rain,True,0.0,1,0,0,0.0,0.0,0,15,0.0
22443,Superfast,2026-06-27,6,6,DR,1,9,9,heavy_rain,True,0.69,1,1,0,0.0,0.0,2,14,12.1
22443,Superfast,2026-06-27,6,6,TNA,2,34,10,heavy_rain,True,0.24,0,0,0,12.1,12.1,2,13,11.8
22443,Superfast,2026-06-27,6,6,KYN,3,54,10,heavy_rain,True,0.66,1,0,0,23.9,11.8,2,12,13.0
22443,Superfast,2026-06-27,6,6,IGP,4,137,11,heavy_rain,True,0.75,0,0,0,36.9,13.0,2,11,36.2
22443,Superfast,2026-06-27,6,6,NK,5,188,12,heavy_rain,True,0.47,1,1,0,73.1,36.2,2,10,41.4
22443,Superfast,2026-06-27,6,6,MMR,6,261,12,heavy_rain,True,0.18,0,1,0,114.5,41.4,2,9,45.3
22443,Superfast,2026-06-27,6,6,CSN,7,328,13,heavy_rain,True,0.2,1,1,0,159.8,45.3,2,8,68.2
22443,Superfast,2026-06-27,6,6,JL,8,420,14,heavy_rain,True,0.36,2,1,1,228.0,68.2,2,7,73.5
22443,Superfast,2026-06-27,6,6,BSL,9,444,15,heavy_rain,True,0.11,2,1,0,301.5,73.5,2,6,71.3
22443,Superfast,2026-06-27,6,6,MKU,10,494,15,heavy_rain,True,0.14,1,1,0,372.8,71.3,2,5,70.6
22443,Superfast,2026-06-27,6,6,AK,11,583,16,heavy_rain,True,0.37,1,1,0,443.4,70.6,2,4,67.8
22443,Superfast,2026-06-27,6,6,BD,12,662,17,heavy_rain,True,0.76,2,1,0,511.2,67.8,2,3,77.3
22443,Superfast,2026-06-27,6,6,WR,13,757,19,heavy_rain,True,0.87,1,1,0,588.5,77.3,2,2,86.8
22443,Superfast,2026-06-27,6,6,NGP,14,837,20,heavy_rain,True,0.24,3,1,2,675.3,86.8,2,1,95.5
22443,Superfast,2026-06-27,6,6,G,15,967,21,heavy_rain,True,0.47,0,1,0,770.8,95.5,0,0,94.7
21602,Mail,2026-06-27,6,6,G,0,0,16,heavy_rain,True,0.0,0,0,0,0.0,0.0,0,15,0.0
21602,Mail,2026-06-27,6,6,NGP,1,130,17,heavy_rain,True,0.63,3,1,1,0.0,0.0,6,14,22.4
21602,Mail,2026-06-27,6,6,WR,2,210,18,heavy_rain,True,0.32,1,1,0,22.4,22.4,6,13,34.5
21602,Mail,2026-06-27,6,6,BD,3,305,19,heavy_rain,True,0.28,4,1,0,56.9,34.5,6,12,44.8
21602,Mail,2026-06-27,6,6,AK,4,384,20,heavy_rain,True,0.7,0,1,0,101.7,44.8,6,11,50.0
21602,Mail,2026-06-27,6,6,MKU,5,473,21,heavy_rain,True,0.58,2,1,1,151.7,50.0,6,10,61.0
21602,Mail,2026-06-27,6,6,BSL,6,523,22,heavy_rain,True,0.64,1,1,0,212.7,61.0,6,9,61.6
21602,Mail,2026-06-27,6,6,JL,7,547,22,heavy_rain,True,0.73,0,1,0,274.3,61.6,6,8,66.0
21602,Mail,2026-06-27,6,6,CSN,8,639,0,heavy_rain,True,0.49,2,1,1,340.3,66.0,6,7,66.0
21602,Mail,2026-06-27,6,6,MMR,9,706,0,heavy_rain,True,0.11,1,1,0,406.3,66.0,6,6,68.8
21602,Mail,2026-06-27,6,6,NK,10,779,1,heavy_rain,True,0.37,0,1,0,475.1,68.8,6,5,67.9
21602,Mail,2026-06-27,6,6,IGP,11,830,2,heavy_rain,True,0.62,2,1,0,543.0,67.9,6,4,81.8
21602,Mail,2026-06-27,6,6,KYN,12,913,3,heavy_rain,True,0.26,0,1,0,624.8,81.8,6,3,78.7
21602,Mail,2026-06-27,6,6,TNA,13,933,3,heavy_rain,True,0.62,0,1,0,703.5,78.7,6,2,76.9
21602,Mail,2026-06-27,6,6,DR,14,958,3,heavy_rain,True,0.24,0,1,0,780.4,76.9,6,1,77.4
21602,Mail,2026-06-27,6,6,CSMT,15,967,4,heavy_rain,True,0.19,0,1,0,857.8,77.4,0,0,77.5
12404,Intercity,2026-06-27,6,6,CSMT,0,0,5,heavy_rain,True,0.0,1,0,0,0.0,0.0,0,9,0.0
12404,Intercity,2026-06-27,6,6,DR,1,9,5,heavy_rain,True,0.13,2,0,1,0.0,0.0,4,8,6.2
12404,Intercity,2026-06-27,6,6,TNA,2,34,5,heavy_rain,True,0.18,1,1,0,6.2,6.2,4,7,13.8
12404,Intercity,2026-06-27,6,6,KYN,3,54,5,heavy_rain,True,0.24,0,0,0,20.0,13.8,4,6,13.5
12404,Intercity,2026-06-27,6,6,IGP,4,137,6,heavy_rain,True,0.17,0,0,0,33.5,13.5,4,5,24.5
12404,Intercity,2026-06-27,6,6,NK,5,188,7,heavy_rain,True,0.36,4,1,3,58.0,24.5,4,4,46.4
12404,Intercity,2026-06-27,6,6,MMR,6,261,8,heavy_rain,True,0.35,1,1,0,104.4,46.4,4,3,55.7
12404,Intercity,2026-06-27,6,6,AWB,7,375,9,heavy_rain,True,0.71,0,1,0,160.1,55.7,4,2,65.7
12404,Intercity,2026-06-27,6,6,J,8,438,10,heavy_rain,True,0.38,1,1,0,225.8,65.7,4,1,65.6
12404,Intercity,2026-06-27,6,6,NED,9,609,12,heavy_rain,True,0.15,1,1,0,291.4,65.6,0,0,65.3
11673,Mail,2026-06-27,6,6,NED,0,0,15,heavy_rain,True,0.0,1,0,0,0.0,0.0,0,9,0.0
11673,Mail,2026-06-27,6,6,J,1,171,17,heavy_rain,True,0.44,0,0,0,0.0,0.0,6,8,2.8
11673,Mail,2026-06-27,6,6,AWB,2,234,18,heavy_rain,True,0.42,1,1,0,2.8,2.8,6,7,15.0
11673,Mail,2026-06-27,6,6,MMR,3,348,19,heavy_rain,True,0.29,0,1,0,17.8,15.0,6,6,26.8
11673,Mail,2026-06-27,6,6,NK,4,421,20,heavy_rain,True,0.25,0,1,0,44.6,26.8,6,5,38.9
11673,Mail,2026-06-27,6,6,IGP,5,472,21,heavy_rain,True,0.42,2,1,2,83.5,38.9,6,4,56.4
11673,Mail,2026-06-27,6,6,KYN,6,555,22,heavy_rain,True,0.44,1,1,0,139.9,56.4,6,3,56.3
11673,Mail,2026-06-27,6,6,TNA,7,575,22,heavy_rain,True,0.22,1,1,0,196.2,56.3,6,2,57.9
11673,Mail,2026-06-27,6,6,DR,8,600,22,heavy_rain,True,0.51,1,1,0,254.1,57.9,6,1,58.9
11673,Mail,2026-06-27,6,6,CSMT,9,609,23,heavy_rain,True,0.34,3,1,3,313.0,58.9,0,0,67.4
20104,Superfast,2026-06-27,6,6,CSMT,0,0,20,heavy_rain,True,0.0,2,1,0,0.0,0.0,0,5,0.0
20104,Superfast,2026-06-27,6,6,DR,1,9,20,heavy_rain,True,0.59,0,0,0,0.0,0.0,2,4,4.0
20104,Superfast,2026-06-27,6,6,TNA,2,34,20,heavy_rain,True,0.29,2,0,3,4.0,4.0,2,3,15.5
20104,Superfast,2026-06-27,6,6,PNVL,3,69,21,heavy_rain,True,0.52,3,1,0,19.5,15.5,2,2,35.8
20104,Superfast,2026-06-27,6,6,RN,4,307,0,heavy_rain,True,0.5,2,1,0,55.3,35.8,2,1,35.9
20104,Superfast,2026-06-27,6,6,SWV,5,495,2,heavy_rain,True,0.68,2,1,0,91.2,35.9,0,0,38.9
14337,Vande Bharat,2026-06-27,6,6,SWV,0,0,20,heavy_rain,True,0.0,0,0,0,0.0,0.0,0,5,0.0
14337,Vande Bharat,2026-06-27,6,6,RN,1,188,22,heavy_rain,True,0.4,3,0,0,0.0,0.0,2,4,6.7
14337,Vande Bharat,2026-06-27,6,6,PNVL,2,426,1,heavy_rain,True,0.79,4,0,0,6.7,6.7,2,3,17.8
14337,Vande Bharat,2026-06-27,6,6,TNA,3,461,2,heavy_rain,True,0.19,1,1,0,24.5,17.8,2,2,24.3
14337,Vande Bharat,2026-06-27,6,6,DR,4,486,2,heavy_rain,True,0.18,2,1,2,48.8,24.3,2,1,33.3
14337,Vande Bharat,2026-06-27,6,6,CSMT,5,495,2,heavy_rain,True,0.72,0,1,0,82.1,33.3,0,0,48.6
17458,Vande Bharat,2026-06-27,6,6,PUNE,0,0,11,heavy_rain,True,0.0,0,0,0,0.0,0.0,0,7,10.0
17458,Vande Bharat,2026-06-27,6,6,DD,1,76,12,heavy_rain,True,0.21,1,0,0,10.0,10.0,2,6,9.9
17458,Vande Bharat,2026-06-27,6,6,MMR,2,69,12,heavy_rain,True,0.23,1,0,0,19.9,9.9,2,5,9.8
17458,Vande Bharat,2026-06-27,6,6,BSL,3,252,14,heavy_rain,True,0.74,1,0,0,29.7,9.8,2,4,13.7
17458,Vande Bharat,2026-06-27,6,6,AK,4,391,16,heavy_rain,True,0.34,1,1,0,43.4,13.7,2,3,19.2
17458,Vande Bharat,2026-06-27,6,6,BD,5,470,17,heavy_rain,True,0.61,1,1,0,62.6,19.2,2,2,26.5
17458,Vande Bharat,2026-06-27,6,6,WR,6,565,18,heavy_rain,True,0.47,3,1,2,89.1,26.5,2,1,41.0
17458,Vande Bharat,2026-06-27,6,6,NGP,7,645,19,heavy_rain,True,0.37,2,1,2,130.1,41.0,0,0,51.7
16294,Express,2026-06-27,6,6,NGP,0,0,19,heavy_rain,True,0.0,1,0,0,0.0,0.0,0,7,6.0
16294,Express,2026-06-27,6,6,WR,1,80,20,heavy_rain,True,0.9,1,0,0,6.0,6.0,4,6,17.0
16294,Express,2026-06-27,6,6,BD,2,175,21,heavy_rain,True,0.16,2,1,0,23.0,17.0,4,5,22.4
16294,Express,2026-06-27,6,6,AK,3,254,22,heavy_rain,True,0.5,0,1,0,45.4,22.4,4,4,27.0
16294,Express,2026-06-27,6,6,BSL,4,393,0,heavy_rain,True,0.46,1,1,0,72.4,27.0,4,3,33.9
16294,Express,2026-06-27,6,6,MMR,5,576,2,heavy_rain,True,0.65,4,1,0,106.3,33.9,4,2,38.1
16294,Express,2026-06-27,6,6,DD,6,569,2,heavy_rain,True,0.08,2,1,2,144.4,38.1,4,1,46.5
16294,Express,2026-06-27,6,6,PUNE,7,645,3,heavy_rain,True,0.5,3,1,0,190.9,46.5,0,0,52.0
17020,Vande Bharat,2026-06-27,6,6,NGP,0,0,14,heavy_rain,True,0.0,3,0,0,0.0,0.0,0,9,0.0
17020,Vande Bharat,2026-06-27,6,6,WR,1,80,15,heavy_rain,True,0.43,2,0,1,0.0,0.0,2,8,3.5
17020,Vande Bharat,2026-06-27,6,6,BD,2,175,16,heavy_rain,True,0.61,1,0,0,3.5,3.5,2,7,5.8
17020,Vande Bharat,2026-06-27,6,6,AK,3,254,17,heavy_rain,True,0.27,0,0,0,9.3,5.8,2,6,9.1
17020,Vande Bharat,2026-06-27,6,6,BSL,4,393,19,heavy_rain,True,0.26,1,0,0,18.4,9.1,2,5,13.9
17020,Vande Bharat,2026-06-27,6,6,MMR,5,576,21,heavy_rain,True,0.52,2,1,0,32.3,13.9,2,4,21.8
17020,Vande Bharat,2026-06-27,6,6,DD,6,569,21,heavy_rain,True,0.49,1,1,0,54.1,21.8,2,3,32.0
17020,Vande Bharat,2026-06-27,6,6,PUNE,7,645,22,heavy_rain,True,0.31,1,1,0,86.1,32.0,2,2,37.6
17020,Vande Bharat,2026-06-27,6,6,MRJ,8,366,18,heavy_rain,True,0.2,3,1,0,123.7,37.6,2,1,49.0
17020,Vande Bharat,2026-06-27,6,6,KOP,9,319,18,heavy_rain,True,0.56,0,1,0,172.7,49.0,0,0,54.7
19570,Superfast,2026-06-27,6,6,KOP,0,0,12,heavy_rain,True,0.0,1,0,0,0.0,0.0,0,9,0.0
19570,Superfast,2026-06-27,6,6,MRJ,1,47,13,heavy_rain,True,0.47,1,0,0,0.0,0.0,2,8,0.5
19570,Superfast,2026-06-27,6,6,PUNE,2,326,16,heavy_rain,True,0.57,1,0,0,0.5,0.5,2,7,5.7
19570,Superfast,2026-06-27,6,6,DD,3,250,15,heavy_rain,True,0.25,2,0,0,6.2,5.7,2,6,6.4
19570,Superfast,2026-06-27,6,6,MMR,4,257,15,heavy_rain,True,0.08,2,1,1,12.6,6.4,2,5,18.4
19570,Superfast,2026-06-27,6,6,BSL,5,74,13,heavy_rain,True,0.22,1,1,0,31.0,18.4,2,4,22.4
19570,Superfast,2026-06-27,6,6,AK,6,65,13,heavy_rain,True,0.45,2,1,0,53.4,22.4,2,3,28.4
19570,Superfast,2026-06-27,6,6,BD,7,144,14,heavy_rain,True,0.4,2,1,1,81.8,28.4,2,2,35.9
19570,Superfast,2026-06-27,6,6,WR,8,239,15,heavy_rain,True,0.53,2,1,1,117.7,35.9,2,1,45.7
19570,Superfast,2026-06-27,6,6,NGP,9,319,16,heavy_rain,True,0.54,1,1,0,163.4,45.7,0,0,47.6
20896,Vande Bharat,2026-03-06,3,1,CSMT,0,0,9,clear,False,0.0,1,1,0,0.0,0.0,0,10,0.0
20896,Vande Bharat,2026-03-06,3,1,DR,1,9,9,clear,False,0.26,0,0,0,0.0,0.0,2,9,2.5
20896,Vande Bharat,2026-03-06,3,1,TNA,2,34,10,clear,False,0.31,1,0,0,2.5,2.5,2,8,10.4
20896,Vande Bharat,2026-03-06,3,1,KYN,3,54,10,clear,False,0.51,2,0,1,12.9,10.4,2,7,17.8
20896,Vande Bharat,2026-03-06,3,1,KJT,4,100,10,clear,False,0.61,1,1,0,30.7,17.8,2,6,24.4
20896,Vande Bharat,2026-03-06,3,1,LNL,5,128,11,clear,False,0.16,1,1,0,55.1,24.4,2,5,36.4
20896,Vande Bharat,2026-03-06,3,1,SVJR,6,190,12,clear,False,0.12,4,1,1,91.5,36.4,2,4,48.2
20896,Vande Bharat,2026-03-06,3,1,PUNE,7,192,12,clear,False,0.52,0,1,0,139.7,48.2,2,3,50.7
20896,Vande Bharat,2026-03-06,3,1,DD,8,268,13,clear,False,0.33,0,1,0,190.4,50.7,2,2,50.3
20896,Vande Bharat,2026-03-06,3,1,KWV,9,377,14,clear,False,0.1,2,1,0,240.7,50.3,2,1,52.7
20896,Vande Bharat,2026-03-06,3,1,SUR,10,455,15,clear,False,0.48,1,1,0,293.4,52.7,0,0,55.5
18139,Superfast,2026-03-06,3,1,SUR,0,0,20,clear,False,0.0,1,1,0,0.0,0.0,0,10,0.0
18139,Superfast,2026-03-06,3,1,KWV,1,78,21,clear,False,0.51,0,0,0,0.0,0.0,2,9,4.6
18139,Superfast,2026-03-06,3,1,DD,2,187,22,clear,False,0.28,0,0,0,4.6,4.6,2,8,6.2
18139,Superfast,2026-03-06,3,1,PUNE,3,263,23,clear,False,0.5,2,0,0,10.8,6.2,2,7,7.6
18139,Superfast,2026-03-06,3,1,SVJR,4,265,23,clear,False,0.28,0,0,0,18.4,7.6,2,6,11.1
18139,Superfast,2026-03-06,3,1,LNL,5,327,0,clear,False,0.39,0,0,0,29.5,11.1,2,5,10.8
18139,Superfast,2026-03-06,3,1,KJT,6,355,0,clear,False,0.38,2,0,0,40.3,10.8,2,4,10.3
18139,Superfast,2026-03-06,3,1,KYN,7,401,1,clear,False,0.49,0,0,0,50.6,10.3,2,3,10.5
18139,Superfast,2026-03-06,3,1,TNA,8,421,1,clear,False,0.41,1,0,0,61.1,10.5,2,2,12.6
18139,Superfast,2026-03-06,3,1,DR,9,446,1,clear,False,0.46,1,0,0,73.7,12.6,2,1,14.7
18139,Superfast,2026-03-06,3,1,CSMT,10,455,1,clear,False,0.42,2,0,0,88.4,14.7,0,0,14.9
18964,Intercity,2026-03-06,3,1,CSMT,0,0,14,clear,False,0.0,3,0,2,0.0,0.0,0,8,0.0
18964,Intercity,2026-03-06,3,1,DR,1,9,14,clear,False,0.46,0,1,0,0.0,0.0,4,7,8.3
18964,Intercity,2026-03-06,3,1,TNA,2,34,14,clear,False,0.22,1,0,0,8.3,8.3,4,6,7.6
18964,Intercity,2026-03-06,3,1,KYN,3,54,14,clear,False,0.29,1,0,0,15.9,7.6,4,5,7.7
18964,Intercity,2026-03-06,3,1,LNL,4,128,15,clear,False,0.24,3,1,1,23.6,7.7,4,4,25.7
18964,Intercity,2026-03-06,3,1,PUNE,5,192,16,clear,False,0.74,1,1,0,49.3,25.7,4,3,38.1
18964,Intercity,2026-03-06,3,1,MRJ,6,471,20,clear,False,0.65,1,1,0,87.4,38.1,4,2,42.6
18964,Intercity,2026-03-06,3,1,SLI,7,478,20,clear,False,0.27,2,1,0,130.0,42.6,4,1,49.0
18964,Intercity,2026-03-06,3,1,KOP,8,518,20,clear,False,0.45,1,1,0,179.0,49.0,0,0,54.6
20864,Express,2026-03-06,3,1,KOP,0,0,20,clear,False,0.0,1,0,0,0.0,0.0,0,8,0.0
20864,Express,2026-03-06,3,1,SLI,1,40,20,clear,False,1.0,1,0,0,0.0,0.0,4,7,8.1
20864,Express,2026-03-06,3,1,MRJ,2,47,20,clear,False,0.16,3,0,0,8.1,8.1,4,6,20.8
20864,Express,2026-03-06,3,1,PUNE,3,326,0,clear,False,0.39,1,1,0,28.9,20.8,4,5,25.9
20864,Express,2026-03-06,3,1,LNL,4,390,1,clear,False,0.48,0,1,0,54.8,25.9,4,4,30.9
20864,Express,2026-03-06,3,1,KYN,5,464,2,clear,False,0.54,2,1,0,85.7,30.9,4,3,37.4
20864,Express,2026-03-06,3,1,TNA,6,484,2,clear,False,0.15,0,1,0,123.1,37.4,4,2,40.2
20864,Express,2026-03-06,3,1,DR,7,509,2,clear,False,0.39,1,1,0,163.3,40.2,4,1,42.6
20864,Express,2026-03-06,3,1,CSMT,8,518,2,clear,False,0.5,3,1,0,205.9,42.6,0,0,50.4
11770,Mail,2026-03-06,3,1,CSMT,0,0,22,clear,False,0.0,1,0,0,0.0,0.0,0,15,7.3
11770,Mail,2026-03-06,3,1,DR,1,9,23,clear,False,0.12,3,0,1,7.3,7.3,6,14,13.0
11770,Mail,2026-03-06,3,1,TNA,2,34,23,clear,False,0.18,1,1,0,20.3,13.0,6,13,16.8
11770,Mail,2026-03-06,3,1,KYN,3,54,23,clear,False,0.47,0,1,0,37.1,16.8,6,12,19.6
11770,Mail,2026-03-06,3,1,IGP,4,137,0,clear,False,0.46,1,1,0,56.7,19.6,6,11,29.2
11770,Mail,2026-03-06,3,1,NK,5,188,1,clear,False,0.31,2,1,1,85.9,29.2,6,10,35.0
11770,Mail,2026-03-06,3,1,MMR,6,261,2,clear,False,0.26,1,1,0,120.9,35.0,6,9,38.5
11770,Mail,2026-03-06,3,1,CSN,7,328,3,clear,False,0.49,3,1,1,159.4,38.5,6,8,47.6
11770,Mail,2026-03-06,3,1,JL,8,420,4,clear,False,0.16,0,1,0,207.0,47.6,6,7,51.8
11770,Mail,2026-03-06,3,1,BSL,9,444,4,clear,False,0.42,3,1,3,258.8,51.8,6,6,64.7
11770,Mail,2026-03-06,3,1,MKU,10,494,5,clear,False,0.22,2,1,1,323.5,64.7,6,5,67.4
11770,Mail,2026-03-06,3,1,AK,11,583,6,clear,False,0.11,1,1,0,390.9,67.4,6,4,73.5
11770,Mail,2026-03-06,3,1,BD,12,662,7,clear,False,0.2,0,1,0,464.4,73.5,6,3,74.0
11770,Mail,2026-03-06,3,1,WR,13,757,8,clear,False,0.89,1,1,0,538.4,74.0,6,2,82.0
11770,Mail,2026-03-06,3,1,NGP,14,837,9,clear,False,0.16,0,1,0,620.4,82.0,6,1,85.0
11770,Mail,2026-03-06,3,1,G,15,967,11,clear,False,0.06,1,1,0,705.4,85.0,0,0,87.1
19288,Intercity,2026-03-06,3,1,G,0,0,13,clear,False,0.0,0,0,0,0.0,0.0,0,15,0.0
19288,Intercity,2026-03-06,3,1,NGP,1,130,15,clear,False,0.12,0,1,0,0.0,0.0,4,14,11.0
19288,Intercity,2026-03-06,3,1,WR,2,210,16,clear,False,0.62,4,0,0,11.0,11.0,4,13,15.2
19288,Intercity,2026-03-06,3,1,BD,3,305,17,clear,False,0.36,2,1,0,26.2,15.2,4,12,22.4
19288,Intercity,2026-03-06,3,1,AK,4,384,18,clear,False,0.5,0,1,0,48.6,22.4,4,11,30.3
19288,Intercity,2026-03-06,3,1,MKU,5,473,19,clear,False,0.16,2,1,1,78.9,30.3,4,10,41.6
19288,Intercity,2026-03-06,3,1,BSL,6,523,20,clear,False,0.49,0,1,0,120.5,41.6,4,9,46.7
19288,Intercity,2026-03-06,3,1,JL,7,547,20,clear,False,0.52,1,1,0,167.2,46.7,4,8,48.5
19288,Intercity,2026-03-06,3,1,CSN,8,639,21,clear,False,0.57,0,1,0,215.7,48.5,4,7,54.1
19288,Intercity,2026-03-06,3,1,MMR,9,706,22,clear,False,0.11,3,1,3,269.8,54.1,4,6,71.9
19288,Intercity,2026-03-06,3,1,NK,10,779,23,clear,False,0.32,1,1,0,341.7,71.9,4,5,68.3
19288,Intercity,2026-03-06,3,1,IGP,11,830,0,clear,False,0.58,3,1,1,410.0,68.3,4,4,73.2
19288,Intercity,2026-03-06,3,1,KYN,12,913,1,clear,False,0.38,2,1,0,483.2,73.2,4,3,71.4
19288,Intercity,2026-03-06,3,1,TNA,13,933,1,clear,False,0.29,1,1,0,554.6,71.4,4,2,71.6
19288,Intercity,2026-03-06,3,1,DR,14,958,1,clear,False,0.57,2,1,0,626.2,71.6,4,1,75.4
19288,Intercity,2026-03-06,3,1,CSMT,15,967,2,clear,False,0.33,0,1,0,701.6,75.4,0,0,71.1
20413,Superfast,2026-03-06,3,1,CSMT,0,0,6,clear,False,0.0,2,0,0,0.0,0.0,0,9,0.0
20413,Superfast,2026-03-06,3,1,DR,1,9,6,clear,False,0.59,1,0,0,0.0,0.0,2,8,3.1
20413,Superfast,2026-03-06,3,1,TNA,2,34,6,clear,False,0.25,1,0,0,3.1,3.1,2,7,3.1
20413,Superfast,2026-03-06,3,1,KYN,3,54,6,clear,False,0.34,2,0,0,6.2,3.1,2,6,4.6
20413,Superfast,2026-03-06,3,1,IGP,4,137,7,clear,False,0.38,1,0,0,10.8,4.6,2,5,8.4
20413,Superfast,2026-03-06,3,1,NK,5,188,8,clear,False,0.76,3,0,0,19.2,8.4,2,4,20.0
20413,Superfast,2026-03-06,3,1,MMR,6,261,9,clear,False,0.66,0,1,0,39.2,20.0,2,3,30.0
20413,Superfast,2026-03-06,3,1,AWB,7,375,10,clear,False,0.45,2,1,1,69.2,30.0,2,2,36.7
20413,Superfast,2026-03-06,3,1,J,8,438,11,clear,False,0.62,3,1,0,105.9,36.7,2,1,47.5
20413,Superfast,2026-03-06,3,1,NED,9,609,13,clear,False,0.62,0,1,0,153.4,47.5,0,0,49.8
19805,Vande Bharat,2026-03-06,3,1,NED,0,0,11,clear,False,0.0,2,1,3,0.0,0.0,0,9,0.0
19805,Vande Bharat,2026-03-06,3,1,J,1,171,13,clear,False,0.34,0,0,0,0.0,0.0,2,8,2.8
19805,Vande Bharat,2026-03-06,3,1,AWB,2,234,13,clear,False,0.23,1,0,0,2.8,2.8,2,7,3.7
19805,Vande Bharat,2026-03-06,3,1,MMR,3,348,15,clear,False,0.39,0,1,0,6.5,3.7,2,6,13.4
19805,Vande Bharat,2026-03-06,3,1,NK,4,421,16,clear,False,0.64,2,0,0,19.9,13.4,2,5,13.4
19805,Vande Bharat,2026-03-06,3,1,IGP,5,472,16,clear,False,0.57,2,0,3,33.3,13.4,2,4,22.0
19805,Vande Bharat,2026-03-06,3,1,KYN,6,555,17,clear,False,0.93,0,1,0,55.3,22.0,2,3,32.9
19805,Vande Bharat,2026-03-06,3,1,TNA,7,575,18,clear,False,0.43,1,1,0,88.2,32.9,2,2,39.3
19805,Vande Bharat,2026-03-06,3,1,DR,8,600,18,clear,False,0.65,1,1,0,127.5,39.3,2,1,43.9
19805,Vande Bharat,2026-03-06,3,1,CSMT,9,609,18,clear,False,0.84,2,1,0,171.4,43.9,0,0,48.9
18424,Vande Bharat,2026-03-06,3,1,CSMT,0,0,11,clear,False,0.0,2,0,1,0.0,0.0,0,5,0.0
18424,Vande Bharat,2026-03-06,3,1,DR,1,9,11,clear,False,1.0,2,0,0,0.0,0.0,2,4,9.1
18424,Vande Bharat,2026-03-06,3,1,TNA,2,34,11,clear,False,0.63,1,0,0,9.1,9.1,2,3,12.8
18424,Vande Bharat,2026-03-06,3,1,PNVL,3,69,11,clear,False,0.46,2,0,0,21.9,12.8,2,2,13.9
18424,Vande Bharat,2026-03-06,3,1,RN,4,307,14,clear,False,0.31,1,0,0,35.8,13.9,2,1,15.9
18424,Vande Bharat,2026-03-06,3,1,SWV,5,495,17,clear,False,1.0,0,1,0,51.7,15.9,0,0,26.2
16919,Superfast,2026-03-06,3,1,SWV,0,0,13,clear,False,0.0,1,0,0,0.0,0.0,0,5,5.0
16919,Superfast,2026-03-06,3,1,RN,1,188,15,clear,False,0.3,1,1,0,5.0,5.0,2,4,14.2
16919,Superfast,2026-03-06,3,1,PNVL,2,426,18,clear,False,0.54,0,1,0,19.2,14.2,2,3,17.8
16919,Superfast,2026-03-06,3,1,TNA,3,461,18,clear,False,0.45,2,1,0,37.0,17.8,2,2,27.0
16919,Superfast,2026-03-06,3,1,DR,4,486,19,clear,False,0.99,2,1,0,64.0,27.0,2,1,35.4
16919,Superfast,2026-03-06,3,1,CSMT,5,495,19,clear,False,0.34,1,1,0,99.4,35.4,0,0,44.4
22988,Intercity,2026-03-06,3,1,PUNE,0,0,22,clear,False,0.0,0,1,0,0.0,0.0,0,7,0.0
22988,Intercity,2026-03-06,3,1,DD,1,76,23,clear,False,0.59,0,0,0,0.0,0.0,4,6,3.3
22988,Intercity,2026-03-06,3,1,MMR,2,69,23,clear,False,0.34,3,1,0,3.3,3.3,4,5,15.4
22988,Intercity,2026-03-06,3,1,BSL,3,252,1,clear,False,0.51,1,1,0,18.7,15.4,4,4,22.6
22988,Intercity,2026-03-06,3,1,AK,4,391,3,clear,False,0.61,3,1,3,41.3,22.6,4,3,40.8
22988,Intercity,2026-03-06,3,1,BD,5,470,4,clear,False,0.34,1,1,0,82.1,40.8,4,2,46.2
22988,Intercity,2026-03-06,3,1,WR,6,565,5,clear,False,0.32,0,1,0,128.3,46.2,4,1,48.8
22988,Intercity,2026-03-06,3,1,NGP,7,645,6,clear,False,0.33,0,1,0,177.1,48.8,0,0,49.7
15995,Express,2026-03-06,3,1,NGP,0,0,22,clear,False,0.0,1,0,0,0.0,0.0,0,7,4.8
15995,Express,2026-03-06,3,1,WR,1,80,23,clear,False,0.59,1,1,0,4.8,4.8,4,6,9.8
15995,Express,2026-03-06,3,1,BD,2,175,1,clear,False,0.23,3,0,0,14.6,9.8,4,5,14.8
15995,Express,2026-03-06,3,1,AK,3,254,2,clear,False,0.28,2,0,0,29.4,14.8,4,4,18.5
15995,Express,2026-03-06,3,1,BSL,4,393,3,clear,False,0.29,1,1,0,47.9,18.5,4,3,25.0
15995,Express,2026-03-06,3,1,MMR,5,576,6,clear,False,0.44,1,1,0,72.9,25.0,4,2,30.3
15995,Express,2026-03-06,3,1,DD,6,569,5,clear,False,0.63,1,1,0,103.2,30.3,4,1,34.7
15995,Express,2026-03-06,3,1,PUNE,7,645,6,clear,False,0.34,2,1,1,137.9,34.7,0,0,39.9
13175,Mail,2026-03-06,3,1,NGP,0,0,18,clear,False,0.0,1,0,0,0.0,0.0,0,9,0.0
13175,Mail,2026-03-06,3,1,WR,1,80,19,clear,False,1.0,3,0,1,0.0,0.0,6,8,13.1
13175,Mail,2026-03-06,3,1,BD,2,175,20,clear,False,0.22,2,0,0,13.1,13.1,6,7,17.1
13175,Mail,2026-03-06,3,1,AK,3,254,21,clear,False,0.75,1,1,0,30.2,17.1,6,6,29.1
13175,Mail,2026-03-06,3,1,BSL,4,393,23,clear,False,0.52,4,1,1,59.3,29.1,6,5,38.5
13175,Mail,2026-03-06,3,1,MMR,5,576,1,clear,False,0.12,1,1,0,97.8,38.5,6,4,46.7
13175,Mail,2026-03-06,3,1,DD,6,569,1,clear,False,0.32,2,1,1,144.5,46.7,6,3,52.5
13175,Mail,2026-03-06,3,1,PUNE,7,645,2,clear,False,0.44,2,1,0,197.0,52.5,6,2,52.8
13175,Mail,2026-03-06,3,1,MRJ,8,366,23,clear,False,0.27,1,1,0,249.8,52.8,6,1,52.6
13175,Mail,2026-03-06,3,1,KOP,9,319,22,clear,False,0.37,1,1,0,302.4,52.6,0,0,52.8
20342,Vande Bharat,2026-03-06,3,1,KOP,0,0,14,clear,False,0.0,1,1,0,0.0,0.0,0,9,0.0
20342,Vande Bharat,2026-03-06,3,1,MRJ,1,47,14,clear,False,0.37,1,0,0,0.0,0.0,2,8,0.4
20342,Vande Bharat,2026-03-06,3,1,PUNE,2,326,18,clear,False,0.36,1,1,0,0.4,0.4,2,7,9.5
20342,Vande Bharat,2026-03-06,3,1,DD,3,250,17,clear,False,0.04,2,0,0,9.9,9.5,2,6,11.7
20342,Vande Bharat,2026-03-06,3,1,MMR,4,257,17,clear,False,1.0,0,0,0,21.6,11.7,2,5,21.7
20342,Vande Bharat,2026-03-06,3,1,BSL,5,74,15,clear,False,0.64,1,1,0,43.3,21.7,2,4,31.1
20342,Vande Bharat,2026-03-06,3,1,AK,6,65,15,clear,False,0.4,1,1,0,74.4,31.1,2,3,34.7
20342,Vande Bharat,2026-03-06,3,1,BD,7,144,16,clear,False,0.24,1,1,0,109.1,34.7,2,2,37.3
20342,Vande Bharat,2026-03-06,3,1,WR,8,239,17,clear,False,0.33,0,1,0,146.4,37.3,2,1,40.2
20342,Vande Bharat,2026-03-06,3,1,NGP,9,319,18,clear,False,0.42,1,1,0,186.6,40.2,0,0,43.7
13359,Express,2026-02-06,2,4,CSMT,0,0,8,clear,False,0.0,0,0,0,0.0,0.0,0,10,0.0
13359,Express,2026-02-06,2,4,DR,1,9,8,clear,False,0.93,0,0,0,0.0,0.0,4,9,9.9
13359,Express,2026-02-06,2,4,TNA,2,34,8,clear,False,0.51,0,0,0,9.9,9.9,4,8,15.4
13359,Express,2026-02-06,2,4,KYN,3,54,8,clear,False,0.23,1,1,0,25.3,15.4,4,7,21.0
13359,Express,2026-02-06,2,4,KJT,4,100,9,clear,False,0.52,0,1,0,46.3,21.0,4,6,25.6
13359,Express,2026-02-06,2,4,LNL,5,128,9,clear,False,0.61,1,1,0,71.9,25.6,4,5,33.9
13359,Express,2026-02-06,2,4,SVJR,6,190,10,clear,False,0.45,3,1,0,105.8,33.9,4,4,47.5
13359,Express,2026-02-06,2,4,PUNE,7,192,10,clear,False,0.29,1,1,0,153.3,47.5,4,3,51.4
13359,Express,2026-02-06,2,4,DD,8,268,11,clear,False,0.55,1,1,0,204.7,51.4,4,2,57.5
13359,Express,2026-02-06,2,4,KWV,9,377,13,clear,False,0.22,3,1,0,262.2,57.5,4,1,68.8
13359,Express,2026-02-06,2,4,SUR,10,455,13,clear,False,0.74,1,1,0,331.0,68.8,0,0,70.8
17676,Vande Bharat,2026-02-06,2,4,SUR,0,0,16,clear,False,0.0,0,0,0,0.0,0.0,0,10,0.0
17676,Vande Bharat,2026-02-06,2,4,KWV,1,78,17,clear,False,0.46,0,0,0,0.0,0.0,2,9,1.4
17676,Vande Bharat,2026-02-06,2,4,DD,2,187,18,clear,False,0.32,2,1,0,1.4,1.4,2,8,14.9
17676,Vande Bharat,2026-02-06,2,4,PUNE,3,263,19,clear,False,0.31,1,0,0,16.3,14.9,2,7,17.8
17676,Vande Bharat,2026-02-06,2,4,SVJR,4,265,19,clear,False,0.35,1,1,0,34.1,17.8,2,6,23.5
17676,Vande Bharat,2026-02-06,2,4,LNL,5,327,20,clear,False,0.56,0,1,0,57.6,23.5,2,5,27.9
17676,Vande Bharat,2026-02-06,2,4,KJT,6,355,20,clear,False,0.27,0,1,0,85.5,27.9,2,4,38.4
17676,Vande Bharat,2026-02-06,2,4,KYN,7,401,21,clear,False,0.43,4,1,0,123.9,38.4,2,3,46.8
17676,Vande Bharat,2026-02-06,2,4,TNA,8,421,21,clear,False,0.26,0,1,0,170.7,46.8,2,2,51.1
17676,Vande Bharat,2026-02-06,2,4,DR,9,446,21,clear,False,1.0,4,1,1,221.8,51.1,2,1,68.1
17676,Vande Bharat,2026-02-06,2,4,CSMT,10,455,22,clear,False,0.37,0,1,0,289.9,68.1,0,0,71.2
15477,Intercity,2026-02-06,2,4,CSMT,0,0,15,clear,False,0.0,1,0,0,0.0,0.0,0,8,0.0
15477,Intercity,2026-02-06,2,4,DR,1,9,15,clear,False,0.18,1,0,0,0.0,0.0,4,7,2.8
15477,Intercity,2026-02-06,2,4,TNA,2,34,16,clear,False,0.12,0,0,0,2.8,2.8,4,6,3.7
15477,Intercity,2026-02-06,2,4,KYN,3,54,16,clear,False,0.46,1,0,0,6.5,3.7,4,5,5.6
15477,Intercity,2026-02-06,2,4,LNL,4,128,17,clear,False,0.36,1,1,0,12.1,5.6,4,4,18.6
15477,Intercity,2026-02-06,2,4,PUNE,5,192,18,clear,False,0.61,0,1,0,30.7,18.6,4,3,29.1
15477,Intercity,2026-02-06,2,4,MRJ,6,471,21,clear,False,0.19,1,1,0,59.8,29.1,4,2,35.7
15477,Intercity,2026-02-06,2,4,SLI,7,478,21,clear,False,0.4,1,1,0,95.5,35.7,4,1,42.5
15477,Intercity,2026-02-06,2,4,KOP,8,518,22,clear,False,0.33,1,1,0,138.0,42.5,0,0,43.5
21406,Express,2026-02-06,2,4,KOP,0,0,9,clear,False,0.0,1,0,0,0.0,0.0,0,8,0.0
21406,Express,2026-02-06,2,4,SLI,1,40,10,clear,False,0.31,1,0,0,0.0,0.0,4,7,2.1
21406,Express,2026-02-06,2,4,MRJ,2,47,10,clear,False,0.19,1,1,0,2.1,2.1,4,6,13.1
21406,Express,2026-02-06,2,4,PUNE,3,326,13,clear,False,0.23,2,0,0,15.2,13.1,4,5,13.9
21406,Express,2026-02-06,2,4,LNL,4,390,14,clear,False,0.21,1,0,0,29.1,13.9,4,4,15.9
21406,Express,2026-02-06,2,4,KYN,5,464,15,clear,False,0.64,2,1,2,45.0,15.9,4,3,30.0
21406,Express,2026-02-06,2,4,TNA,6,484,15,clear,False,0.14,2,1,0,75.0,30.0,4,2,39.2
21406,Express,2026-02-06,2,4,DR,7,509,16,clear,False,0.31,2,1,0,114.2,39.2,4,1,40.6
21406,Express,2026-02-06,2,4,CSMT,8,518,16,clear,False,0.67,0,1,0,154.8,40.6,0,0,48.3
22014,Intercity,2026-02-06,2,4,CSMT,0,0,7,clear,False,0.0,1,0,0,0.0,0.0,0,15,0.0
22014,Intercity,2026-02-06,2,4,DR,1,9,7,clear,False,0.28,2,0,3,0.0,0.0,4,14,10.8
22014,Intercity,2026-02-06,2,4,TNA,2,34,7,clear,False,0.13,0,0,0,10.8,10.8,4,13,15.3
22014,Intercity,2026-02-06,2,4,KYN,3,54,7,clear,False,0.36,0,1,0,26.1,15.3,4,12,19.2
22014,Intercity,2026-02-06,2,4,IGP,4,137,8,clear,False,0.32,2,1,1,45.3,19.2,4,11,32.1
22014,Intercity,2026-02-06,2,4,NK,5,188,9,clear,False,0.51,2,1,1,77.4,32.1,4,10,40.5
22014,Intercity,2026-02-06,2,4,MMR,6,261,10,clear,False,0.15,1,1,0,117.9,40.5,4,9,44.9
22014,Intercity,2026-02-06,2,4,CSN,7,328,11,clear,False,0.8,0,1,0,162.8,44.9,4,8,54.4
22014,Intercity,2026-02-06,2,4,JL,8,420,12,clear,False,0.55,4,1,0,217.2,54.4,4,7,61.7
22014,Intercity,2026-02-06,2,4,BSL,9,444,12,clear,False,0.68,2,1,0,278.9,61.7,4,6,65.1
22014,Intercity,2026-02-06,2,4,MKU,10,494,13,clear,False,0.14,4,1,0,344.0,65.1,4,5,63.4
22014,Intercity,2026-02-06,2,4,AK,11,583,14,clear,False,0.22,1,1,0,407.4,63.4,4,4,62.2
22014,Intercity,2026-02-06,2,4,BD,12,662,15,clear,False,0.47,0,1,0,469.6,62.2,4,3,64.8
22014,Intercity,2026-02-06,2,4,WR,13,757,16,clear,False,0.43,2,1,1,534.4,64.8,4,2,66.4
22014,Intercity,2026-02-06,2,4,NGP,14,837,17,clear,False,0.93,0,1,0,600.8,66.4,4,1,73.1
22014,Intercity,2026-02-06,2,4,G,15,967,19,clear,False,0.52,2,1,2,673.9,73.1,0,0,85.2
19570,Superfast,2026-02-06,2,4,G,0,0,18,clear,False,0.0,2,1,3,0.0,0.0,0,15,0.0
19570,Superfast,2026-02-06,2,4,NGP,1,130,19,clear,False,0.43,1,0,0,0.0,0.0,2,14,5.2
19570,Superfast,2026-02-06,2,4,WR,2,210,20,clear,False,0.19,3,1,0,5.2,5.2,2,13,15.3
19570,Superfast,2026-02-06,2,4,BD,3,305,21,clear,False,0.4,2,1,2,20.5,15.3,2,12,29.2
19570,Superfast,2026-02-06,2,4,AK,4,384,22,clear,False,0.36,1,1,0,49.7,29.2,2,11,33.1
19570,Superfast,2026-02-06,2,4,MKU,5,473,0,clear,False,0.45,1,1,0,82.8,33.1,2,10,37.9
19570,Superfast,2026-02-06,2,4,BSL,6,523,0,clear,False,0.06,1,1,0,120.7,37.9,2,9,42.2
19570,Superfast,2026-02-06,2,4,JL,7,547,0,clear,False,0.35,1,1,0,162.9,42.2,2,8,45.7
19570,Superfast,2026-02-06,2,4,CSN,8,639,2,clear,False,0.52,2,1,2,208.6,45.7,2,7,56.3
19570,Superfast,2026-02-06,2,4,MMR,9,706,2,clear,False,0.25,1,1,0,264.9,56.3,2,6,56.1
19570,Superfast,2026-02-06,2,4,NK,10,779,3,clear,False,0.31,1,1,0,321.0,56.1,2,5,54.8
19570,Superfast,2026-02-06,2,4,IGP,11,830,4,clear,False,0.19,3,1,3,375.8,54.8,2,4,68.4
19570,Superfast,2026-02-06,2,4,KYN,12,913,5,clear,False,0.49,0,1,0,444.2,68.4,2,3,71.6
19570,Superfast,2026-02-06,2,4,TNA,13,933,5,clear,False,0.28,4,1,0,515.8,71.6,2,2,81.1
19570,Superfast,2026-02-06,2,4,DR,14,958,6,clear,False,0.32,1,1,0,596.9,81.1,2,1,81.9
19570,Superfast,2026-02-06,2,4,CSMT,15,967,6,clear,False,0.24,1,1,0,678.8,81.9,0,0,78.3
11393,Intercity,2026-02-06,2,4,CSMT,0,0,15,clear,False,0.0,1,0,0,0.0,0.0,0,9,1.0
11393,Intercity,2026-02-06,2,4,DR,1,9,15,clear,False,0.43,0,0,0,1.0,1.0,4,8,3.0
11393,Intercity,2026-02-06,2,4,TNA,2,34,16,clear,False,0.66,0,0,0,4.0,3.0,4,7,4.0
11393,Intercity,2026-02-06,2,4,KYN,3,54,16,clear,False,0.32,2,0,1,8.0,4.0,4,6,6.4
11393,Intercity,2026-02-06,2,4,IGP,4,137,17,clear,False,0.65,1,0,0,14.4,6.4,4,5,11.7
11393,Intercity,2026-02-06,2,4,NK,5,188,18,clear,False,0.5,1,0,0,26.1,11.7,4,4,17.0
11393,Intercity,2026-02-06,2,4,MMR,6,261,18,clear,False,0.51,0,1,0,43.1,17.0,4,3,29.0
11393,Intercity,2026-02-06,2,4,AWB,7,375,20,clear,False,0.77,0,1,0,72.1,29.0,4,2,41.6
11393,Intercity,2026-02-06,2,4,J,8,438,21,clear,False,0.4,2,1,0,113.7,41.6,4,1,47.0
11393,Intercity,2026-02-06,2,4,NED,9,609,23,clear,False,0.48,3,1,0,160.7,47.0,0,0,56.4
12077,Intercity,2026-02-06,2,4,NED,0,0,6,clear,False,0.0,1,0,0,0.0,0.0,0,9,4.0
12077,Intercity,2026-02-06,2,4,J,1,171,8,clear,False,0.35,2,0,0,4.0,4.0,4,8,44.0
12077,Intercity,2026-02-06,2,4,AWB,2,234,9,clear,False,0.55,2,1,0,48.0,44.0,4,7,43.6
12077,Intercity,2026-02-06,2,4,MMR,3,348,11,clear,False,0.82,2,1,1,91.6,43.6,4,6,56.7
12077,Intercity,2026-02-06,2,4,NK,4,421,12,clear,False,0.51,1,1,0,148.3,56.7,4,5,57.1
12077,Intercity,2026-02-06,2,4,IGP,5,472,12,clear,False,0.18,2,1,0,205.4,57.1,4,4,61.5
12077,Intercity,2026-02-06,2,4,KYN,6,555,13,clear,False,0.29,0,1,0,266.9,61.5,4,3,59.6
12077,Intercity,2026-02-06,2,4,TNA,7,575,14,clear,False,0.57,1,1,0,326.5,59.6,4,2,57.3
12077,Intercity,2026-02-06,2,4,DR,8,600,14,clear,False,0.18,2,1,0,383.8,57.3,4,1,59.0
12077,Intercity,2026-02-06,2,4,CSMT,9,609,14,clear,False,0.19,1,1,0,442.8,59.0,0,0,57.0
18887,Intercity,2026-02-06,2,4,CSMT,0,0,18,clear,False,0.0,0,0,0,0.0,0.0,0,5,18.4
18887,Intercity,2026-02-06,2,4,DR,1,9,18,clear,False,0.48,1,1,0,18.4,18.4,4,4,28.1
18887,Intercity,2026-02-06,2,4,TNA,2,34,18,clear,False,0.45,4,1,0,46.5,28.1,4,3,47.0
18887,Intercity,2026-02-06,2,4,PNVL,3,69,18,clear,False,0.13,3,1,0,93.5,47.0,4,2,60.5
18887,Intercity,2026-02-06,2,4,RN,4,307,21,clear,False,0.24,1,1,0,154.0,60.5,4,1,59.9
18887,Intercity,2026-02-06,2,4,SWV,5,495,0,clear,False,0.52,1,1,0,213.9,59.9,0,0,63.5
21775,Mail,2026-02-06,2,4,SWV,0,0,17,clear,False,0.0,1,1,0,0.0,0.0,0,5,0.0
21775,Mail,2026-02-06,2,4,RN,1,188,19,clear,False,0.76,3,0,0,0.0,0.0,6,4,26.5
21775,Mail,2026-02-06,2,4,PNVL,2,426,22,clear,False,0.52,2,1,3,26.5,26.5,6,3,38.1
21775,Mail,2026-02-06,2,4,TNA,3,461,22,clear,False,0.19,1,1,0,64.6,38.1,6,2,40.6
21775,Mail,2026-02-06,2,4,DR,4,486,23,clear,False,0.18,1,1,0,105.2,40.6,6,1,41.6
21775,Mail,2026-02-06,2,4,CSMT,5,495,23,clear,False,0.38,1,1,0,146.8,41.6,0,0,43.3
12717,Superfast,2026-02-06,2,4,PUNE,0,0,13,clear,False,0.0,0,1,0,0.0,0.0,0,7,1.6
12717,Superfast,2026-02-06,2,4,DD,1,76,14,clear,False,0.55,0,0,0,1.6,1.6,2,6,3.1
12717,Superfast,2026-02-06,2,4,MMR,2,69,14,clear,False,0.36,1,0,0,4.7,3.1,2,5,3.2
12717,Superfast,2026-02-06,2,4,BSL,3,252,16,clear,False,0.22,2,0,0,7.9,3.2,2,4,5.0
12717,Superfast,2026-02-06,2,4,AK,4,391,18,clear,False,0.52,2,1,0,12.9,5.0,2,3,17.0
12717,Superfast,2026-02-06,2,4,BD,5,470,19,clear,False,0.45,4,1,0,29.9,17.0,2,2,28.4
12717,Superfast,2026-02-06,2,4,WR,6,565,20,clear,False,0.53,0,1,0,58.3,28.4,2,1,33.6
12717,Superfast,2026-02-06,2,4,NGP,7,645,21,clear,False,0.45,1,1,0,91.9,33.6,0,0,38.8
16896,Mail,2026-02-06,2,4,NGP,0,0,5,clear,False,0.0,1,1,0,0.0,0.0,0,7,0.0
16896,Mail,2026-02-06,2,4,WR,1,80,6,clear,False,0.52,0,0,0,0.0,0.0,6,6,3.3
16896,Mail,2026-02-06,2,4,BD,2,175,7,clear,False,0.72,0,1,0,3.3,3.3,6,5,33.5
16896,Mail,2026-02-06,2,4,AK,3,254,8,clear,False,0.33,0,1,0,36.8,33.5,6,4,39.7
16896,Mail,2026-02-06,2,4,BSL,4,393,10,clear,False,0.87,0,1,0,76.5,39.7,6,3,47.7
16896,Mail,2026-02-06,2,4,MMR,5,576,12,clear,False,0.44,0,1,0,124.2,47.7,6,2,51.4
16896,Mail,2026-02-06,2,4,DD,6,569,12,clear,False,0.36,3,1,0,175.6,51.4,6,1,60.5
16896,Mail,2026-02-06,2,4,PUNE,7,645,13,clear,False,0.27,1,1,0,236.1,60.5,0,0,61.6
21828,Express,2026-02-06,2,4,NGP,0,0,8,clear,False,0.0,2,0,0,0.0,0.0,0,9,0.0
21828,Express,2026-02-06,2,4,WR,1,80,9,clear,False,0.81,0,0,0,0.0,0.0,4,8,8.0
21828,Express,2026-02-06,2,4,BD,2,175,10,clear,False,0.61,0,1,0,8.0,8.0,4,7,17.5
21828,Express,2026-02-06,2,4,AK,3,254,11,clear,False,0.62,1,1,0,25.5,17.5,4,6,27.1
21828,Express,2026-02-06,2,4,BSL,4,393,12,clear,False,0.24,1,1,0,52.6,27.1,4,5,32.0
21828,Express,2026-02-06,2,4,MMR,5,576,15,clear,False,0.54,1,1,0,84.6,32.0,4,4,38.2
21828,Express,2026-02-06,2,4,DD,6,569,15,clear,False,0.47,2,1,2,122.8,38.2,4,3,48.0
21828,Express,2026-02-06,2,4,PUNE,7,645,16,clear,False,0.19,1,1,0,170.8,48.0,4,2,48.4
21828,Express,2026-02-06,2,4,MRJ,8,366,12,clear,False,0.21,0,1,0,219.2,48.4,4,1,54.4
21828,Express,2026-02-06,2,4,KOP,9,319,12,clear,False,0.45,1,1,0,273.6,54.4,0,0,58.4
20569,Mail,2026-02-06,2,4,KOP,0,0,20,clear,False,0.0,0,0,0,0.0,0.0,0,9,0.0
20569,Mail,2026-02-06,2,4,MRJ,1,47,21,clear,False,0.36,0,0,0,0.0,0.0,6,8,5.8
20569,Mail,2026-02-06,2,4,PUNE,2,326,1,clear,False,0.53,2,0,0,5.8,5.8,6,7,8.7
20569,Mail,2026-02-06,2,4,DD,3,250,0,clear,False,0.55,1,0,0,14.5,8.7,6,6,9.7
20569,Mail,2026-02-06,2,4,MMR,4,257,0,clear,False,0.39,1,0,0,24.2,9.7,6,5,11.0
20569,Mail,2026-02-06,2,4,BSL,5,74,21,clear,False,0.6,2,0,0,35.2,11.0,6,4,14.3
20569,Mail,2026-02-06,2,4,AK,6,65,21,clear,False,0.55,1,0,0,49.5,14.3,6,3,16.2
20569,Mail,2026-02-06,2,4,BD,7,144,22,clear,False,0.27,3,1,0,65.7,16.2,6,2,26.5
20569,Mail,2026-02-06,2,4,WR,8,239,23,clear,False,0.36,0,1,0,92.2,26.5,6,1,33.2
20569,Mail,2026-02-06,2,4,NGP,9,319,0,clear,False,0.73,3,1,0,125.4,33.2,0,0,43.3
15170,Express,2026-07-06,7,4,CSMT,0,0,14,rain,True,0.0,0,0,0,0.0,0.0,0,10,0.0
15170,Express,2026-07-06,7,4,DR,1,9,15,rain,True,0.39,1,0,0,0.0,0.0,4,9,7.0
15170,Express,2026-07-06,7,4,TNA,2,34,15,rain,True,0.41,1,0,0,7.0,7.0,4,8,8.0
15170,Express,2026-07-06,7,4,KYN,3,54,15,rain,True,0.41,1,0,0,15.0,8.0,4,7,11.5
15170,Express,2026-07-06,7,4,KJT,4,100,16,rain,True,0.3,2,0,0,26.5,11.5,4,6,21.0
15170,Express,2026-07-06,7,4,LNL,5,128,16,rain,True,0.09,0,1,0,47.5,21.0,4,5,33.2
15170,Express,2026-07-06,7,4,SVJR,6,190,17,rain,True,0.44,1,1,0,80.7,33.2,4,4,40.7
15170,Express,2026-07-06,7,4,PUNE,7,192,17,rain,True,0.74,0,1,0,121.4,40.7,4,3,52.3
15170,Express,2026-07-06,7,4,DD,8,268,18,rain,True,0.11,1,1,0,173.7,52.3,4,2,56.8
15170,Express,2026-07-06,7,4,KWV,9,377,19,rain,True,0.5,2,1,0,230.5,56.8,4,1,62.3
15170,Express,2026-07-06,7,4,SUR,10,455,20,rain,True,0.29,0,1,0,292.8,62.3,0,0,69.7
16468,Superfast,2026-07-06,7,4,SUR,0,0,8,rain,True,0.0,1,0,0,0.0,0.0,0,10,0.0
16468,Superfast,2026-07-06,7,4,KWV,1,78,9,rain,True,0.57,1,0,0,0.0,0.0,2,9,7.0
16468,Superfast,2026-07-06,7,4,DD,2,187,10,rain,True,0.31,4,0,1,7.0,7.0,2,8,20.5
16468,Superfast,2026-07-06,7,4,PUNE,3,263,11,rain,True,0.77,2,1,0,27.5,20.5,2,7,31.1
16468,Superfast,2026-07-06,7,4,SVJR,4,265,11,rain,True,0.46,1,1,0,58.6,31.1,2,6,38.9
16468,Superfast,2026-07-06,7,4,LNL,5,327,12,rain,True,0.43,2,1,0,97.5,38.9,2,5,49.1
16468,Superfast,2026-07-06,7,4,KJT,6,355,12,rain,True,0.49,1,1,0,146.6,49.1,2,4,52.7
16468,Superfast,2026-07-06,7,4,KYN,7,401,13,rain,True,0.09,1,1,0,199.3,52.7,2,3,52.4
16468,Superfast,2026-07-06,7,4,TNA,8,421,13,rain,True,0.14,2,1,0,251.7,52.4,2,2,55.7
16468,Superfast,2026-07-06,7,4,DR,9,446,14,rain,True,0.35,0,1,0,307.4,55.7,2,1,56.1
16468,Superfast,2026-07-06,7,4,CSMT,10,455,14,rain,True,0.5,1,1,0,363.5,56.1,0,0,57.5
18679,Mail,2026-07-06,7,4,CSMT,0,0,18,rain,True,0.0,2,0,0,0.0,0.0,0,8,0.0
18679,Mail,2026-07-06,7,4,DR,1,9,18,rain,True,0.22,2,1,0,0.0,0.0,6,7,7.3
18679,Mail,2026-07-06,7,4,TNA,2,34,18,rain,True,1.0,1,0,0,7.3,7.3,6,6,14.2
18679,Mail,2026-07-06,7,4,KYN,3,54,18,rain,True,0.16,1,1,0,21.5,14.2,6,5,24.2
18679,Mail,2026-07-06,7,4,LNL,4,128,19,rain,True,0.49,3,1,1,45.7,24.2,6,4,43.7
18679,Mail,2026-07-06,7,4,PUNE,5,192,20,rain,True,0.62,2,1,0,89.4,43.7,6,3,51.8
18679,Mail,2026-07-06,7,4,MRJ,6,471,23,rain,True,0.57,2,1,1,141.2,51.8,6,2,57.2
18679,Mail,2026-07-06,7,4,SLI,7,478,23,rain,True,0.42,1,1,0,198.4,57.2,6,1,54.7
18679,Mail,2026-07-06,7,4,KOP,8,518,0,rain,True,0.1,0,1,0,253.1,54.7,0,0,60.0
13518,Superfast,2026-07-06,7,4,KOP,0,0,22,rain,True,0.0,1,0,0,0.0,0.0,0,8,0.0
13518,Superfast,2026-07-06,7,4,SLI,1,40,23,rain,True,0.45,1,0,0,0.0,0.0,2,7,6.9
13518,Superfast,2026-07-06,7,4,MRJ,2,47,23,rain,True,0.53,1,0,0,6.9,6.9,2,6,6.6
13518,Superfast,2026-07-06,7,4,PUNE,3,326,2,rain,True,0.2,0,0,0,13.5,6.6,2,5,8.3
13518,Superfast,2026-07-06,7,4,LNL,4,390,3,rain,True,0.29,1,0,0,21.8,8.3,2,4,18.6
13518,Superfast,2026-07-06,7,4,KYN,5,464,4,rain,True,0.52,4,1,0,40.4,18.6,2,3,29.9
13518,Superfast,2026-07-06,7,4,TNA,6,484,4,rain,True,0.35,0,1,0,70.3,29.9,2,2,36.0
13518,Superfast,2026-07-06,7,4,DR,7,509,4,rain,True,0.35,0,1,0,106.3,36.0,2,1,41.9
13518,Superfast,2026-07-06,7,4,CSMT,8,518,5,rain,True,0.29,1,1,0,148.2,41.9,0,0,46.0
12138,Superfast,2026-07-06,7,4,CSMT,0,0,21,rain,True,0.0,0,0,0,0.0,0.0,0,15,0.0
12138,Superfast,2026-07-06,7,4,DR,1,9,21,rain,True,0.57,1,0,0,0.0,0.0,2,14,5.9
12138,Superfast,2026-07-06,7,4,TNA,2,34,21,rain,True,0.38,0,0,0,5.9,5.9,2,13,8.4
12138,Superfast,2026-07-06,7,4,KYN,3,54,22,rain,True,0.3,3,0,3,14.3,8.4,2,12,22.1
12138,Superfast,2026-07-06,7,4,IGP,4,137,23,rain,True,0.34,0,1,0,36.4,22.1,2,11,35.7
12138,Superfast,2026-07-06,7,4,NK,5,188,23,rain,True,0.24,2,1,2,72.1,35.7,2,10,47.1
12138,Superfast,2026-07-06,7,4,MMR,6,261,0,rain,True,0.22,0,1,0,119.2,47.1,2,9,52.7
12138,Superfast,2026-07-06,7,4,CSN,7,328,1,rain,True,0.43,1,1,0,171.9,52.7,2,8,54.8
12138,Superfast,2026-07-06,7,4,JL,8,420,2,rain,True,0.57,2,1,0,226.7,54.8,2,7,55.2
12138,Superfast,2026-07-06,7,4,BSL,9,444,2,rain,True,0.43,1,1,0,281.9,55.2,2,6,53.9
12138,Superfast,2026-07-06,7,4,MKU,10,494,3,rain,True,0.48,2,1,0,335.8,53.9,2,5,55.4
12138,Superfast,2026-07-06,7,4,AK,11,583,4,rain,True,0.27,4,1,1,391.2,55.4,2,4,65.2
12138,Superfast,2026-07-06,7,4,BD,12,662,5,rain,True,0.24,1,1,0,456.4,65.2,2,3,65.4
12138,Superfast,2026-07-06,7,4,WR,13,757,6,rain,True,0.36,1,1,0,521.8,65.4,2,2,64.5
12138,Superfast,2026-07-06,7,4,NGP,14,837,7,rain,True,0.33,1,1,0,586.3,64.5,2,1,66.7
12138,Superfast,2026-07-06,7,4,G,15,967,9,rain,True,0.33,0,1,0,653.0,66.7,0,0,68.9
16681,Intercity,2026-07-06,7,4,G,0,0,17,rain,True,0.0,1,0,0,0.0,0.0,0,15,0.0
16681,Intercity,2026-07-06,7,4,NGP,1,130,19,rain,True,0.47,0,0,0,0.0,0.0,4,14,3.0
16681,Intercity,2026-07-06,7,4,WR,2,210,20,rain,True,0.5,3,0,0,3.0,3.0,4,13,7.0
16681,Intercity,2026-07-06,7,4,BD,3,305,21,rain,True,0.66,3,1,0,10.0,7.0,4,12,24.1
16681,Intercity,2026-07-06,7,4,AK,4,384,22,rain,True,0.2,1,1,0,34.1,24.1,4,11,30.9
16681,Intercity,2026-07-06,7,4,MKU,5,473,23,rain,True,0.24,0,1,0,65.0,30.9,4,10,40.3
16681,Intercity,2026-07-06,7,4,BSL,6,523,0,rain,True,0.34,1,1,0,105.3,40.3,4,9,49.3
16681,Intercity,2026-07-06,7,4,JL,7,547,0,rain,True,0.08,1,1,0,154.6,49.3,4,8,53.3
16681,Intercity,2026-07-06,7,4,CSN,8,639,1,rain,True,0.6,2,1,0,207.9,53.3,4,7,54.4
16681,Intercity,2026-07-06,7,4,MMR,9,706,2,rain,True,0.27,1,1,0,262.3,54.4,4,6,53.8
16681,Intercity,2026-07-06,7,4,NK,10,779,3,rain,True,0.4,1,1,0,316.1,53.8,4,5,55.5
16681,Intercity,2026-07-06,7,4,IGP,11,830,3,rain,True,0.53,0,1,0,371.6,55.5,4,4,64.0
16681,Intercity,2026-07-06,7,4,KYN,12,913,5,rain,True,0.26,2,1,0,435.6,64.0,4,3,63.8
16681,Intercity,2026-07-06,7,4,TNA,13,933,5,rain,True,0.36,1,1,0,499.4,63.8,4,2,64.2
16681,Intercity,2026-07-06,7,4,DR,14,958,5,rain,True,0.56,1,1,0,563.6,64.2,4,1,66.0
16681,Intercity,2026-07-06,7,4,CSMT,15,967,5,rain,True,0.33,2,1,0,629.6,66.0,0,0,64.7
14185,Intercity,2026-07-06,7,4,CSMT,0,0,12,rain,True,0.0,2,1,1,0.0,0.0,0,9,0.0
14185,Intercity,2026-07-06,7,4,DR,1,9,12,rain,True,0.52,1,1,0,0.0,0.0,4,8,10.1
14185,Intercity,2026-07-06,7,4,TNA,2,34,12,rain,True,0.2,2,0,0,10.1,10.1,4,7,30.6
14185,Intercity,2026-07-06,7,4,KYN,3,54,12,rain,True,0.23,1,1,0,40.7,30.6,4,6,36.3
14185,Intercity,2026-07-06,7,4,IGP,4,137,13,rain,True,0.33,0,1,0,77.0,36.3,4,5,45.6
14185,Intercity,2026-07-06,7,4,NK,5,188,14,rain,True,0.21,1,1,0,122.6,45.6,4,4,57.4
14185,Intercity,2026-07-06,7,4,MMR,6,261,15,rain,True,0.33,0,1,0,180.0,57.4,4,3,60.4
14185,Intercity,2026-07-06,7,4,AWB,7,375,16,rain,True,0.26,0,1,0,240.4,60.4,4,2,60.4
14185,Intercity,2026-07-06,7,4,J,8,438,17,rain,True,0.53,0,1,0,300.8,60.4,4,1,64.7
14185,Intercity,2026-07-06,7,4,NED,9,609,19,rain,True,0.61,1,1,0,365.5,64.7,0,0,65.9
22059,Vande Bharat,2026-07-06,7,4,NED,0,0,14,rain,True,0.0,0,0,0,0.0,0.0,0,9,0.0
22059,Vande Bharat,2026-07-06,7,4,J,1,171,16,rain,True,0.35,2,0,0,0.0,0.0,2,8,2.3
22059,Vande Bharat,2026-07-06,7,4,AWB,2,234,17,rain,True,0.7,2,0,0,2.3,2.3,2,7,12.8
22059,Vande Bharat,2026-07-06,7,4,MMR,3,348,18,rain,True,0.51,0,0,0,15.1,12.8,2,6,16.7
22059,Vande Bharat,2026-07-06,7,4,NK,4,421,19,rain,True,0.38,0,1,0,31.8,16.7,2,5,24.4
22059,Vande Bharat,2026-07-06,7,4,IGP,5,472,20,rain,True,0.49,3,1,0,56.2,24.4,2,4,42.8
22059,Vande Bharat,2026-07-06,7,4,KYN,6,555,21,rain,True,0.5,0,1,0,99.0,42.8,2,3,50.0
22059,Vande Bharat,2026-07-06,7,4,TNA,7,575,21,rain,True,0.28,2,1,0,149.0,50.0,2,2,58.6
22059,Vande Bharat,2026-07-06,7,4,DR,8,600,22,rain,True,0.21,4,1,1,207.6,58.6,2,1,64.9
22059,Vande Bharat,2026-07-06,7,4,CSMT,9,609,22,rain,True,0.46,2,1,0,272.5,64.9,0,0,65.0
12764,Mail,2026-07-06,7,4,CSMT,0,0,19,rain,True,0.0,1,0,0,0.0,0.0,0,5,0.0
12764,Mail,2026-07-06,7,4,DR,1,9,19,rain,True,0.81,1,0,0,0.0,0.0,6,4,15.6
12764,Mail,2026-07-06,7,4,TNA,2,34,20,rain,True,0.53,0,1,0,15.6,15.6,6,3,24.2
12764,Mail,2026-07-06,7,4,PNVL,3,69,20,rain,True,0.52,1,1,0,39.8,24.2,6,2,29.8
12764,Mail,2026-07-06,7,4,RN,4,307,23,rain,True,0.39,2,1,0,69.6,29.8,6,1,38.3
12764,Mail,2026-07-06,7,4,SWV,5,495,1,rain,True,0.22,0,1,0,107.9,38.3,0,0,42.4
21648,Express,2026-07-06,7,4,SWV,0,0,16,rain,True,0.0,1,0,0,0.0,0.0,0,5,0.0
21648,Express,2026-07-06,7,4,RN,1,188,18,rain,True,0.57,4,0,1,0.0,0.0,4,4,12.5
21648,Express,2026-07-06,7,4,PNVL,2,426,21,rain,True,0.62,3,0,0,12.5,12.5,4,3,37.0
21648,Express,2026-07-06,7,4,TNA,3,461,21,rain,True,0.34,0,1,0,49.5,37.0,4,2,45.8
21648,Express,2026-07-06,7,4,DR,4,486,22,rain,True,0.3,1,1,0,95.3,45.8,4,1,48.8
21648,Express,2026-07-06,7,4,CSMT,5,495,22,rain,True,0.4,3,1,0,144.1,48.8,0,0,54.5
21409,Superfast,2026-07-06,7,4,PUNE,0,0,18,rain,True,0.0,4,0,0,0.0,0.0,0,7,10.7
21409,Superfast,2026-07-06,7,4,DD,1,76,19,rain,True,0.33,3,0,0,10.7,10.7,2,6,19.4
21409,Superfast,2026-07-06,7,4,MMR,2,69,19,rain,True,0.55,2,1,1,30.1,19.4,2,5,30.9
21409,Superfast,2026-07-06,7,4,BSL,3,252,21,rain,True,0.33,0,1,0,61.0,30.9,2,4,43.4
21409,Superfast,2026-07-06,7,4,AK,4,391,23,rain,True,0.52,2,1,0,104.4,43.4,2,3,47.3
21409,Superfast,2026-07-06,7,4,BD,5,470,0,rain,True,0.08,1,1,0,151.7,47.3,2,2,46.6
21409,Superfast,2026-07-06,7,4,WR,6,565,1,rain,True,0.37,0,1,0,198.3,46.6,2,1,54.3
21409,Superfast,2026-07-06,7,4,NGP,7,645,2,rain,True,0.3,1,1,0,252.6,54.3,0,0,56.5
14348,Intercity,2026-07-06,7,4,NGP,0,0,16,rain,True,0.0,2,0,0,0.0,0.0,0,7,0.0
14348,Intercity,2026-07-06,7,4,WR,1,80,17,rain,True,0.58,0,0,0,0.0,0.0,4,6,4.0
14348,Intercity,2026-07-06,7,4,BD,2,175,18,rain,True,0.6,2,1,1,4.0,4.0,4,5,13.8
14348,Intercity,2026-07-06,7,4,AK,3,254,19,rain,True,0.59,1,0,0,17.8,13.8,4,4,18.3
14348,Intercity,2026-07-06,7,4,BSL,4,393,21,rain,True,0.52,2,1,1,36.1,18.3,4,3,30.6
14348,Intercity,2026-07-06,7,4,MMR,5,576,23,rain,True,0.47,1,1,0,66.7,30.6,4,2,40.2
14348,Intercity,2026-07-06,7,4,DD,6,569,23,rain,True,0.35,0,1,0,106.9,40.2,4,1,46.8
14348,Intercity,2026-07-06,7,4,PUNE,7,645,0,rain,True,0.27,4,1,1,153.7,46.8,0,0,55.9
20962,Superfast,2026-07-06,7,4,NGP,0,0,20,rain,True,0.0,0,0,0,0.0,0.0,0,9,2.2
20962,Superfast,2026-07-06,7,4,WR,1,80,21,rain,True,0.4,1,0,0,2.2,2.2,2,8,4.0
20962,Superfast,2026-07-06,7,4,BD,2,175,22,rain,True,0.48,0,0,0,6.2,4.0,2,7,5.2
20962,Superfast,2026-07-06,7,4,AK,3,254,23,rain,True,0.16,3,1,0,11.4,5.2,2,6,13.7
20962,Superfast,2026-07-06,7,4,BSL,4,393,1,rain,True,0.12,1,0,0,25.1,13.7,2,5,14.3
20962,Superfast,2026-07-06,7,4,MMR,5,576,3,rain,True,0.25,0,0,0,39.4,14.3,2,4,16.8
20962,Superfast,2026-07-06,7,4,DD,6,569,3,rain,True,0.44,1,1,0,56.2,16.8,2,3,23.9
20962,Superfast,2026-07-06,7,4,PUNE,7,645,4,rain,True,0.2,0,1,0,80.1,23.9,2,2,31.7
20962,Superfast,2026-07-06,7,4,MRJ,8,366,1,rain,True,0.46,1,1,0,111.8,31.7,2,1,39.8
20962,Superfast,2026-07-06,7,4,KOP,9,319,0,rain,True,0.22,1,1,0,151.6,39.8,0,0,42.5
15454,Superfast,2026-07-06,7,4,KOP,0,0,20,rain,True,0.0,4,0,0,0.0,0.0,0,9,0.0
15454,Superfast,2026-07-06,7,4,MRJ,1,47,21,rain,True,0.6,1,0,0,0.0,0.0,2,8,10.5
15454,Superfast,2026-07-06,7,4,PUNE,2,326,0,rain,True,0.17,1,1,0,10.5,10.5,2,7,17.0
15454,Superfast,2026-07-06,7,4,DD,3,250,23,rain,True,0.26,4,1,1,27.5,17.0,2,6,23.8
15454,Superfast,2026-07-06,7,4,MMR,4,257,23,rain,True,0.46,1,1,0,51.3,23.8,2,5,31.2
15454,Superfast,2026-07-06,7,4,BSL,5,74,21,rain,True,0.38,3,1,0,82.5,31.2,2,4,38.9
15454,Superfast,2026-07-06,7,4,AK,6,65,21,rain,True,0.23,1,1,0,121.4,38.9,2,3,47.9
15454,Superfast,2026-07-06,7,4,BD,7,144,22,rain,True,0.29,1,1,0,169.3,47.9,2,2,51.5
15454,Superfast,2026-07-06,7,4,WR,8,239,23,rain,True,0.18,1,1,0,220.8,51.5,2,1,56.3
15454,Superfast,2026-07-06,7,4,NGP,9,319,0,rain,True,0.24,1,1,0,277.1,56.3,0,0,58.6
14106,Superfast,2026-12-07,12,3,CSMT,0,0,5,fog,False,0.0,2,0,0,0.0,0.0,0,10,0.0
14106,Superfast,2026-12-07,12,3,DR,1,9,5,fog,False,0.15,1,0,0,0.0,0.0,2,9,10.9
14106,Superfast,2026-12-07,12,3,TNA,2,34,5,fog,False,0.23,1,0,0,10.9,10.9,2,8,17.3
14106,Superfast,2026-12-07,12,3,KYN,3,54,5,fog,False,0.62,4,1,2,28.2,17.3,2,7,41.3
14106,Superfast,2026-12-07,12,3,KJT,4,100,6,fog,False,0.25,4,1,2,69.5,41.3,2,6,59.0
14106,Superfast,2026-12-07,12,3,LNL,5,128,6,fog,False,0.16,0,1,0,128.5,59.0,2,5,65.4
14106,Superfast,2026-12-07,12,3,SVJR,6,190,7,fog,False,0.3,4,1,1,193.9,65.4,2,4,82.0
14106,Superfast,2026-12-07,12,3,PUNE,7,192,7,fog,False,0.26,1,1,0,275.9,82.0,2,3,88.5
14106,Superfast,2026-12-07,12,3,DD,8,268,8,fog,False,0.94,1,1,0,364.4,88.5,2,2,98.7
14106,Superfast,2026-12-07,12,3,KWV,9,377,9,fog,False,0.63,0,1,0,463.1,98.7,2,1,103.4
14106,Superfast,2026-12-07,12,3,SUR,10,455,10,fog,False,0.88,1,1,0,566.5,103.4,0,0,118.6
11565,Intercity,2026-12-07,12,3,SUR,0,0,21,fog,False,0.0,2,1,1,0.0,0.0,0,10,9.2
11565,Intercity,2026-12-07,12,3,KWV,1,78,22,fog,False,0.53,1,0,0,9.2,9.2,4,9,16.7
11565,Intercity,2026-12-07,12,3,DD,2,187,23,fog,False,0.09,0,1,0,25.9,16.7,4,8,28.7
11565,Intercity,2026-12-07,12,3,PUNE,3,263,0,fog,False,0.18,1,1,0,54.6,28.7,4,7,39.3
11565,Intercity,2026-12-07,12,3,SVJR,4,265,0,fog,False,0.39,0,1,0,93.9,39.3,4,6,48.8
11565,Intercity,2026-12-07,12,3,LNL,5,327,1,fog,False,0.55,0,1,0,142.7,48.8,4,5,55.9
11565,Intercity,2026-12-07,12,3,KJT,6,355,2,fog,False,0.15,1,1,0,198.6,55.9,4,4,64.3
11565,Intercity,2026-12-07,12,3,KYN,7,401,2,fog,False,0.41,4,1,2,262.9,64.3,4,3,77.4
11565,Intercity,2026-12-07,12,3,TNA,8,421,2,fog,False,0.46,3,1,0,340.3,77.4,4,2,88.4
11565,Intercity,2026-12-07,12,3,DR,9,446,3,fog,False,0.36,2,1,0,428.7,88.4,4,1,90.6
11565,Intercity,2026-12-07,12,3,CSMT,10,455,3,fog,False,0.55,3,1,1,519.3,90.6,0,0,99.4
12790,Vande Bharat,2026-12-07,12,3,CSMT,0,0,16,fog,False,0.0,1,1,0,0.0,0.0,0,8,0.0
12790,Vande Bharat,2026-12-07,12,3,DR,1,9,16,fog,False,0.36,3,0,0,0.0,0.0,2,7,15.5
12790,Vande Bharat,2026-12-07,12,3,TNA,2,34,16,fog,False,0.48,4,1,0,15.5,15.5,2,6,33.3
12790,Vande Bharat,2026-12-07,12,3,KYN,3,54,17,fog,False,0.17,0,1,0,48.8,33.3,2,5,48.0
12790,Vande Bharat,2026-12-07,12,3,LNL,4,128,18,fog,False,0.85,1,1,0,96.8,48.0,2,4,62.3
12790,Vande Bharat,2026-12-07,12,3,PUNE,5,192,18,fog,False,0.37,2,1,0,159.1,62.3,2,3,71.0
12790,Vande Bharat,2026-12-07,12,3,MRJ,6,471,22,fog,False,0.14,2,1,0,230.1,71.0,2,2,75.2
12790,Vande Bharat,2026-12-07,12,3,SLI,7,478,22,fog,False,0.41,3,1,1,305.3,75.2,2,1,81.1
12790,Vande Bharat,2026-12-07,12,3,KOP,8,518,22,fog,False,0.4,0,1,0,386.4,81.1,0,0,83.7
14143,Superfast,2026-12-07,12,3,KOP,0,0,9,fog,False,0.0,1,0,0,0.0,0.0,0,8,0.0
14143,Superfast,2026-12-07,12,3,SLI,1,40,10,fog,False,0.42,3,1,0,0.0,0.0,2,7,30.4
14143,Superfast,2026-12-07,12,3,MRJ,2,47,10,fog,False,0.67,1,1,0,30.4,30.4,2,6,43.9
14143,Superfast,2026-12-07,12,3,PUNE,3,326,13,fog,False,0.43,1,1,0,74.3,43.9,2,5,46.7
14143,Superfast,2026-12-07,12,3,LNL,4,390,14,fog,False,0.45,1,1,0,121.0,46.7,2,4,56.9
14143,Superfast,2026-12-07,12,3,KYN,5,464,15,fog,False,0.42,0,1,0,177.9,56.9,2,3,61.9
14143,Superfast,2026-12-07,12,3,TNA,6,484,15,fog,False,0.68,2,1,0,239.8,61.9,2,2,69.6
14143,Superfast,2026-12-07,12,3,DR,7,509,16,fog,False,0.19,4,1,0,309.4,69.6,2,1,81.1
14143,Superfast,2026-12-07,12,3,CSMT,8,518,16,fog,False,0.51,0,1,0,390.5,81.1,0,0,86.6
18961,Express,2026-12-07,12,3,CSMT,0,0,13,fog,False,0.0,1,0,0,0.0,0.0,0,15,0.0
18961,Express,2026-12-07,12,3,DR,1,9,13,fog,False,0.18,4,0,2,0.0,0.0,4,14,18.8
18961,Express,2026-12-07,12,3,TNA,2,34,13,fog,False,0.37,2,1,0,18.8,18.8,4,13,34.1
18961,Express,2026-12-07,12,3,KYN,3,54,14,fog,False,0.11,1,1,0,52.9,34.1,4,12,48.8
18961,Express,2026-12-07,12,3,IGP,4,137,15,fog,False,0.46,0,1,0,101.7,48.8,4,11,54.8
18961,Express,2026-12-07,12,3,NK,5,188,15,fog,False,0.45,2,1,2,156.5,54.8,4,10,72.8
18961,Express,2026-12-07,12,3,MMR,6,261,16,fog,False,0.5,0,1,0,229.3,72.8,4,9,78.3
18961,Express,2026-12-07,12,3,CSN,7,328,17,fog,False,0.43,3,1,1,307.6,78.3,4,8,93.5
18961,Express,2026-12-07,12,3,JL,8,420,18,fog,False,0.37,2,1,1,401.1,93.5,4,7,101.5
18961,Express,2026-12-07,12,3,BSL,9,444,19,fog,False,0.43,2,1,0,502.6,101.5,4,6,103.8
18961,Express,2026-12-07,12,3,MKU,10,494,19,fog,False,0.62,0,1,0,606.4,103.8,4,5,109.5
18961,Express,2026-12-07,12,3,AK,11,583,20,fog,False,0.3,4,1,0,715.9,109.5,4,4,116.7
18961,Express,2026-12-07,12,3,BD,12,662,21,fog,False,0.3,1,1,0,832.6,116.7,4,3,117.0
18961,Express,2026-12-07,12,3,WR,13,757,22,fog,False,0.58,2,1,0,949.6,117.0,4,2,116.1
18961,Express,2026-12-07,12,3,NGP,14,837,23,fog,False,0.28,1,1,0,1065.7,116.1,4,1,119.0
18961,Express,2026-12-07,12,3,G,15,967,1,fog,False,0.43,1,1,0,1184.7,119.0,0,0,119.1
18800,Intercity,2026-12-07,12,3,G,0,0,22,fog,False,0.0,3,0,0,0.0,0.0,0,15,0.0
18800,Intercity,2026-12-07,12,3,NGP,1,130,0,fog,False,0.49,0,0,0,0.0,0.0,4,14,12.6
18800,Intercity,2026-12-07,12,3,WR,2,210,1,fog,False,0.09,1,0,0,12.6,12.6,4,13,22.1
18800,Intercity,2026-12-07,12,3,BD,3,305,2,fog,False,0.16,1,1,0,34.7,22.1,4,12,34.8
18800,Intercity,2026-12-07,12,3,AK,4,384,3,fog,False,0.46,2,1,1,69.5,34.8,4,11,50.0
18800,Intercity,2026-12-07,12,3,MKU,5,473,4,fog,False,0.45,1,1,0,119.5,50.0,4,10,63.3
18800,Intercity,2026-12-07,12,3,BSL,6,523,5,fog,False,0.16,0,1,0,182.8,63.3,4,9,75.9
18800,Intercity,2026-12-07,12,3,JL,7,547,5,fog,False,0.22,0,1,0,258.7,75.9,4,8,80.0
18800,Intercity,2026-12-07,12,3,CSN,8,639,6,fog,False,0.3,0,1,0,338.7,80.0,4,7,83.0
18800,Intercity,2026-12-07,12,3,MMR,9,706,7,fog,False,0.42,2,1,0,421.7,83.0,4,6,85.4
18800,Intercity,2026-12-07,12,3,NK,10,779,8,fog,False,0.35,1,1,0,507.1,85.4,4,5,92.2
18800,Intercity,2026-12-07,12,3,IGP,11,830,9,fog,False,0.87,0,1,0,599.3,92.2,4,4,102.7
18800,Intercity,2026-12-07,12,3,KYN,12,913,10,fog,False,0.66,3,1,0,702.0,102.7,4,3,113.3
18800,Intercity,2026-12-07,12,3,TNA,13,933,10,fog,False,0.71,1,1,0,815.3,113.3,4,2,119.1
18800,Intercity,2026-12-07,12,3,DR,14,958,10,fog,False,1.0,3,1,0,934.4,119.1,4,1,138.2
18800,Intercity,2026-12-07,12,3,CSMT,15,967,10,fog,False,0.38,1,1,0,1072.6,138.2,0,0,141.6
22334,Vande Bharat,2026-12-07,12,3,CSMT,0,0,10,fog,False,0.0,1,0,0,0.0,0.0,0,9,17.7
22334,Vande Bharat,2026-12-07,12,3,DR,1,9,11,fog,False,0.76,1,1,0,17.7,17.7,2,8,37.9
22334,Vande Bharat,2026-12-07,12,3,TNA,2,34,11,fog,False,0.52,2,1,1,55.6,37.9,2,7,50.0
22334,Vande Bharat,2026-12-07,12,3,KYN,3,54,11,fog,False,0.37,2,1,0,105.6,50.0,2,6,64.8
22334,Vande Bharat,2026-12-07,12,3,IGP,4,137,12,fog,False,0.23,0,1,0,170.4,64.8,2,5,67.0
22334,Vande Bharat,2026-12-07,12,3,NK,5,188,13,fog,False,0.34,1,1,0,237.4,67.0,2,4,70.0
22334,Vande Bharat,2026-12-07,12,3,MMR,6,261,14,fog,False,0.14,1,1,0,307.4,70.0,2,3,76.3
22334,Vande Bharat,2026-12-07,12,3,AWB,7,375,15,fog,False,0.38,0,1,0,383.7,76.3,2,2,79.9
22334,Vande Bharat,2026-12-07,12,3,J,8,438,16,fog,False,0.03,1,1,0,463.6,79.9,2,1,84.0
22334,Vande Bharat,2026-12-07,12,3,NED,9,609,18,fog,False,0.46,1,1,0,547.6,84.0,0,0,94.5
16092,Vande Bharat,2026-12-07,12,3,NED,0,0,6,fog,False,0.0,2,0,0,0.0,0.0,0,9,0.0
16092,Vande Bharat,2026-12-07,12,3,J,1,171,8,fog,False,0.62,2,0,0,0.0,0.0,2,8,11.4
16092,Vande Bharat,2026-12-07,12,3,AWB,2,234,9,fog,False,0.51,1,0,0,11.4,11.4,2,7,25.2
16092,Vande Bharat,2026-12-07,12,3,MMR,3,348,10,fog,False,0.34,1,1,0,36.6,25.2,2,6,33.7
16092,Vande Bharat,2026-12-07,12,3,NK,4,421,11,fog,False,0.69,1,1,0,70.3,33.7,2,5,45.3
16092,Vande Bharat,2026-12-07,12,3,IGP,5,472,12,fog,False,0.17,3,1,0,115.6,45.3,2,4,55.8
16092,Vande Bharat,2026-12-07,12,3,KYN,6,555,13,fog,False,0.34,1,1,0,171.4,55.8,2,3,62.8
16092,Vande Bharat,2026-12-07,12,3,TNA,7,575,13,fog,False,0.43,0,1,0,234.2,62.8,2,2,72.1
16092,Vande Bharat,2026-12-07,12,3,DR,8,600,13,fog,False,0.28,2,1,0,306.3,72.1,2,1,80.6
16092,Vande Bharat,2026-12-07,12,3,CSMT,9,609,13,fog,False,0.31,1,1,0,386.9,80.6,0,0,87.4
15480,Vande Bharat,2026-12-07,12,3,CSMT,0,0,22,fog,False,0.0,1,0,0,0.0,0.0,0,5,0.0
15480,Vande Bharat,2026-12-07,12,3,DR,1,9,23,fog,False,0.25,2,0,3,0.0,0.0,2,4,16.6
15480,Vande Bharat,2026-12-07,12,3,TNA,2,34,23,fog,False,0.23,1,1,0,16.6,16.6,2,3,26.3
15480,Vande Bharat,2026-12-07,12,3,PNVL,3,69,23,fog,False,0.14,0,1,0,42.9,26.3,2,2,38.9
15480,Vande Bharat,2026-12-07,12,3,RN,4,307,2,fog,False,0.33,2,1,0,81.8,38.9,2,1,48.6
15480,Vande Bharat,2026-12-07,12,3,SWV,5,495,5,fog,False,0.3,3,1,0,130.4,48.6,0,0,59.4
15900,Intercity,2026-12-07,12,3,SWV,0,0,22,fog,False,0.0,2,0,0,0.0,0.0,0,5,0.0
15900,Intercity,2026-12-07,12,3,RN,1,188,1,fog,False,0.47,2,0,1,0.0,0.0,4,4,6.6
15900,Intercity,2026-12-07,12,3,PNVL,2,426,4,fog,False,0.32,1,0,0,6.6,6.6,4,3,12.9
15900,Intercity,2026-12-07,12,3,TNA,3,461,4,fog,False,0.22,1,0,0,19.5,12.9,4,2,17.0
15900,Intercity,2026-12-07,12,3,DR,4,486,4,fog,False,0.12,0,1,0,36.5,17.0,4,1,30.1
15900,Intercity,2026-12-07,12,3,CSMT,5,495,4,fog,False,0.8,1,1,0,66.6,30.1,0,0,42.8
11886,Mail,2026-12-07,12,3,PUNE,0,0,20,fog,False,0.0,1,1,0,0.0,0.0,0,7,15.2
11886,Mail,2026-12-07,12,3,DD,1,76,21,fog,False,0.44,2,1,0,15.2,15.2,6,6,29.3
11886,Mail,2026-12-07,12,3,MMR,2,69,21,fog,False,0.33,0,1,0,44.5,29.3,6,5,41.9
11886,Mail,2026-12-07,12,3,BSL,3,252,23,fog,False,0.4,2,1,1,86.4,41.9,6,4,53.6
11886,Mail,2026-12-07,12,3,AK,4,391,1,fog,False,0.59,1,1,0,140.0,53.6,6,3,61.2
11886,Mail,2026-12-07,12,3,BD,5,470,2,fog,False,0.12,4,1,3,201.2,61.2,6,2,79.3
11886,Mail,2026-12-07,12,3,WR,6,565,3,fog,False,0.73,1,1,0,280.5,79.3,6,1,88.6
11886,Mail,2026-12-07,12,3,NGP,7,645,4,fog,False,0.26,3,1,3,369.1,88.6,0,0,103.6
11859,Superfast,2026-12-07,12,3,NGP,0,0,7,fog,False,0.0,1,0,0,0.0,0.0,0,7,3.8
11859,Superfast,2026-12-07,12,3,WR,1,80,8,fog,False,0.74,2,0,0,3.8,3.8,2,6,18.0
11859,Superfast,2026-12-07,12,3,BD,2,175,9,fog,False,0.5,1,1,0,21.8,18.0,2,5,31.7
11859,Superfast,2026-12-07,12,3,AK,3,254,10,fog,False,0.62,1,1,0,53.5,31.7,2,4,47.5
11859,Superfast,2026-12-07,12,3,BSL,4,393,12,fog,False,0.36,2,1,3,101.0,47.5,2,3,66.4
11859,Superfast,2026-12-07,12,3,MMR,5,576,14,fog,False,0.35,2,1,0,167.4,66.4,2,2,73.8
11859,Superfast,2026-12-07,12,3,DD,6,569,14,fog,False,0.36,2,1,1,241.2,73.8,2,1,79.8
11859,Superfast,2026-12-07,12,3,PUNE,7,645,15,fog,False,0.42,1,1,0,321.0,79.8,0,0,79.9
12353,Vande Bharat,2026-12-07,12,3,NGP,0,0,7,fog,False,0.0,3,0,0,0.0,0.0,0,9,0.0
12353,Vande Bharat,2026-12-07,12,3,WR,1,80,8,fog,False,0.7,1,0,0,0.0,0.0,2,8,13.5
12353,Vande Bharat,2026-12-07,12,3,BD,2,175,9,fog,False,0.43,0,0,0,13.5,13.5,2,7,21.3
12353,Vande Bharat,2026-12-07,12,3,AK,3,254,10,fog,False,0.27,1,1,0,34.8,21.3,2,6,34.0
12353,Vande Bharat,2026-12-07,12,3,BSL,4,393,12,fog,False,0.61,2,1,0,68.8,34.0,2,5,37.6
12353,Vande Bharat,2026-12-07,12,3,MMR,5,576,14,fog,False,0.25,1,1,0,106.4,37.6,2,4,44.5
12353,Vande Bharat,2026-12-07,12,3,DD,6,569,14,fog,False,0.41,3,1,0,150.9,44.5,2,3,58.5
12353,Vande Bharat,2026-12-07,12,3,PUNE,7,645,15,fog,False,0.42,2,1,1,209.4,58.5,2,2,69.7
12353,Vande Bharat,2026-12-07,12,3,MRJ,8,366,11,fog,False,0.33,2,1,0,279.1,69.7,2,1,78.9
12353,Vande Bharat,2026-12-07,12,3,KOP,9,319,11,fog,False,0.53,2,1,1,358.0,78.9,0,0,87.9
14399,Vande Bharat,2026-12-07,12,3,KOP,0,0,22,fog,False,0.0,0,0,0,0.0,0.0,0,9,6.6
14399,Vande Bharat,2026-12-07,12,3,MRJ,1,47,22,fog,False,0.45,1,0,0,6.6,6.6,2,8,15.0
14399,Vande Bharat,2026-12-07,12,3,PUNE,2,326,2,fog,False,0.49,0,1,0,21.6,15.0,2,7,25.3
14399,Vande Bharat,2026-12-07,12,3,DD,3,250,1,fog,False,0.67,0,1,0,46.9,25.3,2,6,36.8
14399,Vande Bharat,2026-12-07,12,3,MMR,4,257,1,fog,False,0.13,1,1,0,83.7,36.8,2,5,50.0
14399,Vande Bharat,2026-12-07,12,3,BSL,5,74,23,fog,False,0.29,0,1,0,133.7,50.0,2,4,56.6
14399,Vande Bharat,2026-12-07,12,3,AK,6,65,23,fog,False,0.37,1,1,0,190.3,56.6,2,3,66.9
14399,Vande Bharat,2026-12-07,12,3,BD,7,144,0,fog,False,0.25,1,1,0,257.2,66.9,2,2,76.2
14399,Vande Bharat,2026-12-07,12,3,WR,8,239,1,fog,False,0.49,3,1,0,333.4,76.2,2,1,81.7
14399,Vande Bharat,2026-12-07,12,3,NGP,9,319,2,fog,False,0.23,3,1,1,415.1,81.7,0,0,91.6
20454,Superfast,2026-11-15,11,4,CSMT,0,0,13,clear,False,0.0,3,0,1,0.0,0.0,0,10,0.0
20454,Superfast,2026-11-15,11,4,DR,1,9,13,clear,False,0.57,2,0,0,0.0,0.0,2,9,1.0
20454,Superfast,2026-11-15,11,4,TNA,2,34,14,clear,False,0.3,0,1,0,1.0,1.0,2,8,10.3
20454,Superfast,2026-11-15,11,4,KYN,3,54,14,clear,False,0.19,3,1,0,11.3,10.3,2,7,23.6
20454,Superfast,2026-11-15,11,4,KJT,4,100,15,clear,False,0.56,1,1,0,34.9,23.6,2,6,24.2
20454,Superfast,2026-11-15,11,4,LNL,5,128,15,clear,False,0.61,1,1,0,59.1,24.2,2,5,26.6
20454,Superfast,2026-11-15,11,4,SVJR,6,190,16,clear,False,0.35,1,1,0,85.7,26.6,2,4,29.7
20454,Superfast,2026-11-15,11,4,PUNE,7,192,16,clear,False,0.62,1,1,0,115.4,29.7,2,3,36.6
20454,Superfast,2026-11-15,11,4,DD,8,268,17,clear,False,0.89,0,1,0,152.0,36.6,2,2,52.1
20454,Superfast,2026-11-15,11,4,KWV,9,377,18,clear,False,0.2,3,1,2,204.1,52.1,2,1,66.1
20454,Superfast,2026-11-15,11,4,SUR,10,455,19,clear,False,0.27,0,1,0,270.2,66.1,0,0,70.0
21373,Express,2026-11-15,11,4,SUR,0,0,17,clear,False,0.0,1,0,0,0.0,0.0,0,10,0.0
21373,Express,2026-11-15,11,4,KWV,1,78,18,clear,False,0.58,1,0,0,0.0,0.0,4,9,4.5
21373,Express,2026-11-15,11,4,DD,2,187,19,clear,False,0.33,0,0,0,4.5,4.5,4,8,9.1
21373,Express,2026-11-15,11,4,PUNE,3,263,20,clear,False,0.33,1,1,0,13.6,9.1,4,7,17.8
21373,Express,2026-11-15,11,4,SVJR,4,265,20,clear,False,0.71,1,1,0,31.4,17.8,4,6,32.0
21373,Express,2026-11-15,11,4,LNL,5,327,21,clear,False,0.53,0,1,0,63.4,32.0,4,5,44.1
21373,Express,2026-11-15,11,4,KJT,6,355,21,clear,False,0.74,1,1,0,107.5,44.1,4,4,56.1
21373,Express,2026-11-15,11,4,KYN,7,401,22,clear,False,0.36,1,1,0,163.6,56.1,4,3,61.7
21373,Express,2026-11-15,11,4,TNA,8,421,22,clear,False,0.11,1,1,0,225.3,61.7,4,2,61.6
21373,Express,2026-11-15,11,4,DR,9,446,23,clear,False,0.38,3,1,0,286.9,61.6,4,1,67.7
21373,Express,2026-11-15,11,4,CSMT,10,455,23,clear,False,0.67,1,1,0,354.6,67.7,0,0,68.3
12720,Intercity,2026-11-15,11,4,CSMT,0,0,19,clear,False,0.0,1,0,0,0.0,0.0,0,8,0.0
12720,Intercity,2026-11-15,11,4,DR,1,9,19,clear,False,0.5,2,1,0,0.0,0.0,4,7,11.2
12720,Intercity,2026-11-15,11,4,TNA,2,34,19,clear,False,0.38,1,0,0,11.2,11.2,4,6,16.8
12720,Intercity,2026-11-15,11,4,KYN,3,54,19,clear,False,0.48,1,1,0,28.0,16.8,4,5,23.9
12720,Intercity,2026-11-15,11,4,LNL,4,128,20,clear,False,1.0,0,1,0,51.9,23.9,4,4,34.3
12720,Intercity,2026-11-15,11,4,PUNE,5,192,21,clear,False,0.41,2,1,1,86.2,34.3,4,3,46.1
12720,Intercity,2026-11-15,11,4,MRJ,6,471,0,clear,False,0.27,2,1,0,132.3,46.1,4,2,49.9
12720,Intercity,2026-11-15,11,4,SLI,7,478,1,clear,False,0.12,3,1,0,182.2,49.9,4,1,59.4
12720,Intercity,2026-11-15,11,4,KOP,8,518,1,clear,False,0.64,1,1,0,241.6,59.4,0,0,59.3
21773,Superfast,2026-11-15,11,4,KOP,0,0,7,clear,False,0.0,2,1,1,0.0,0.0,0,8,0.0
21773,Superfast,2026-11-15,11,4,SLI,1,40,7,clear,False,0.23,2,0,1,0.0,0.0,2,7,4.8
21773,Superfast,2026-11-15,11,4,MRJ,2,47,7,clear,False,0.08,2,1,3,4.8,4.8,2,6,24.3
21773,Superfast,2026-11-15,11,4,PUNE,3,326,11,clear,False,0.37,2,1,0,29.1,24.3,2,5,29.7
21773,Superfast,2026-11-15,11,4,LNL,4,390,12,clear,False,0.34,1,1,0,58.8,29.7,2,4,36.4
21773,Superfast,2026-11-15,11,4,KYN,5,464,13,clear,False,0.29,3,1,0,95.2,36.4,2,3,48.6
21773,Superfast,2026-11-15,11,4,TNA,6,484,13,clear,False,0.35,3,1,0,143.8,48.6,2,2,55.8
21773,Superfast,2026-11-15,11,4,DR,7,509,13,clear,False,0.14,1,1,0,199.6,55.8,2,1,56.5
21773,Superfast,2026-11-15,11,4,CSMT,8,518,13,clear,False,0.13,0,1,0,256.1,56.5,0,0,58.2
13705,Vande Bharat,2026-11-15,11,4,CSMT,0,0,15,clear,False,0.0,1,0,0,0.0,0.0,0,15,0.0
13705,Vande Bharat,2026-11-15,11,4,DR,1,9,15,clear,False,0.44,0,0,0,0.0,0.0,2,14,3.4
13705,Vande Bharat,2026-11-15,11,4,TNA,2,34,15,clear,False,0.41,2,0,0,3.4,3.4,2,13,6.1
13705,Vande Bharat,2026-11-15,11,4,KYN,3,54,16,clear,False,0.06,1,0,0,9.5,6.1,2,12,6.5
13705,Vande Bharat,2026-11-15,11,4,IGP,4,137,17,clear,False,0.43,2,0,0,16.0,6.5,2,11,12.0
13705,Vande Bharat,2026-11-15,11,4,NK,5,188,17,clear,False,0.54,0,1,0,28.0,12.0,2,10,23.8
13705,Vande Bharat,2026-11-15,11,4,MMR,6,261,18,clear,False,0.21,2,1,0,51.8,23.8,2,9,34.6
13705,Vande Bharat,2026-11-15,11,4,CSN,7,328,19,clear,False,0.21,1,1,0,86.4,34.6,2,8,42.0
13705,Vande Bharat,2026-11-15,11,4,JL,8,420,20,clear,False,0.59,4,1,2,128.4,42.0,2,7,55.8
13705,Vande Bharat,2026-11-15,11,4,BSL,9,444,20,clear,False,0.25,4,1,1,184.2,55.8,2,6,69.8
13705,Vande Bharat,2026-11-15,11,4,MKU,10,494,21,clear,False,0.37,0,1,0,254.0,69.8,2,5,68.8
13705,Vande Bharat,2026-11-15,11,4,AK,11,583,22,clear,False,0.48,0,1,0,322.8,68.8,2,4,76.4
13705,Vande Bharat,2026-11-15,11,4,BD,12,662,23,clear,False,0.17,2,1,0,399.2,76.4,2,3,81.1
13705,Vande Bharat,2026-11-15,11,4,WR,13,757,0,clear,False,0.44,1,1,0,480.3,81.1,2,2,76.8
13705,Vande Bharat,2026-11-15,11,4,NGP,14,837,1,clear,False,0.16,1,1,0,557.1,76.8,2,1,79.3
13705,Vande Bharat,2026-11-15,11,4,G,15,967,3,clear,False,0.65,1,1,0,636.4,79.3,0,0,74.2
16537,Vande Bharat,2026-11-15,11,4,G,0,0,21,clear,False,0.0,1,0,0,0.0,0.0,0,15,10.0
16537,Vande Bharat,2026-11-15,11,4,NGP,1,130,23,clear,False,0.44,1,0,0,10.0,10.0,2,14,8.9
16537,Vande Bharat,2026-11-15,11,4,WR,2,210,0,clear,False,0.35,0,0,0,18.9,8.9,2,13,9.1
16537,Vande Bharat,2026-11-15,11,4,BD,3,305,1,clear,False,0.21,1,1,0,28.0,9.1,2,12,16.2
16537,Vande Bharat,2026-11-15,11,4,AK,4,384,2,clear,False,0.16,1,1,0,44.2,16.2,2,11,19.2
16537,Vande Bharat,2026-11-15,11,4,MKU,5,473,3,clear,False,0.43,1,1,0,63.4,19.2,2,10,24.0
16537,Vande Bharat,2026-11-15,11,4,BSL,6,523,3,clear,False,0.26,0,1,0,87.4,24.0,2,9,29.0
16537,Vande Bharat,2026-11-15,11,4,JL,7,547,4,clear,False,0.46,1,1,0,116.4,29.0,2,8,30.9
16537,Vande Bharat,2026-11-15,11,4,CSN,8,639,5,clear,False,0.23,1,1,0,147.3,30.9,2,7,41.1
16537,Vande Bharat,2026-11-15,11,4,MMR,9,706,6,clear,False,0.32,1,1,0,188.4,41.1,2,6,41.0
16537,Vande Bharat,2026-11-15,11,4,NK,10,779,7,clear,False,0.75,0,1,0,229.4,41.0,2,5,53.2
16537,Vande Bharat,2026-11-15,11,4,IGP,11,830,7,clear,False,0.07,0,1,0,282.6,53.2,2,4,52.5
16537,Vande Bharat,2026-11-15,11,4,KYN,12,913,8,clear,False,0.29,0,1,0,335.1,52.5,2,3,57.3
16537,Vande Bharat,2026-11-15,11,4,TNA,13,933,9,clear,False,0.41,0,1,0,392.4,57.3,2,2,67.1
16537,Vande Bharat,2026-11-15,11,4,DR,14,958,9,clear,False,0.52,0,1,0,459.5,67.1,2,1,71.3
16537,Vande Bharat,2026-11-15,11,4,CSMT,15,967,9,clear,False,0.21,1,1,0,530.8,71.3,0,0,70.4
14704,Express,2026-11-15,11,4,CSMT,0,0,13,clear,False,0.0,1,0,0,0.0,0.0,0,9,0.0
14704,Express,2026-11-15,11,4,DR,1,9,13,clear,False,0.43,1,0,0,0.0,0.0,4,8,0.2
14704,Express,2026-11-15,11,4,TNA,2,34,13,clear,False,0.36,2,0,0,0.2,0.2,4,7,1.7
14704,Express,2026-11-15,11,4,KYN,3,54,14,clear,False,0.66,2,1,2,1.9,1.7,4,6,10.3
14704,Express,2026-11-15,11,4,IGP,4,137,15,clear,False,0.48,2,1,0,12.2,10.3,4,5,15.7
14704,Express,2026-11-15,11,4,NK,5,188,15,clear,False,0.43,0,1,0,27.9,15.7,4,4,19.7
14704,Express,2026-11-15,11,4,MMR,6,261,16,clear,False,0.41,1,1,0,47.6,19.7,4,3,23.1
14704,Express,2026-11-15,11,4,AWB,7,375,18,clear,False,0.96,2,1,3,70.7,23.1,4,2,40.1
14704,Express,2026-11-15,11,4,J,8,438,18,clear,False,0.21,4,1,0,110.8,40.1,4,1,48.3
14704,Express,2026-11-15,11,4,NED,9,609,21,clear,False,0.91,1,1,0,159.1,48.3,0,0,55.1
16322,Superfast,2026-11-15,11,4,NED,0,0,18,clear,False,0.0,1,0,0,0.0,0.0,0,9,0.0
16322,Superfast,2026-11-15,11,4,J,1,171,20,clear,False,0.26,2,1,3,0.0,0.0,2,8,22.7
16322,Superfast,2026-11-15,11,4,AWB,2,234,21,clear,False,1.0,2,1,0,22.7,22.7,2,7,34.6
16322,Superfast,2026-11-15,11,4,MMR,3,348,22,clear,False,0.11,0,1,0,57.3,34.6,2,6,38.5
16322,Superfast,2026-11-15,11,4,NK,4,421,23,clear,False,0.35,0,1,0,95.8,38.5,2,5,43.7
16322,Superfast,2026-11-15,11,4,IGP,5,472,0,clear,False,0.26,1,1,0,139.5,43.7,2,4,46.5
16322,Superfast,2026-11-15,11,4,KYN,6,555,1,clear,False,0.5,0,1,0,186.0,46.5,2,3,49.2
16322,Superfast,2026-11-15,11,4,TNA,7,575,1,clear,False,0.23,1,1,0,235.2,49.2,2,2,47.7
16322,Superfast,2026-11-15,11,4,DR,8,600,2,clear,False,0.33,1,1,0,282.9,47.7,2,1,50.3
16322,Superfast,2026-11-15,11,4,CSMT,9,609,2,clear,False,0.13,2,1,0,333.2,50.3,0,0,51.4
15317,Vande Bharat,2026-11-15,11,4,CSMT,0,0,22,clear,False,0.0,2,1,1,0.0,0.0,0,5,0.0
15317,Vande Bharat,2026-11-15,11,4,DR,1,9,23,clear,False,0.06,2,0,0,0.0,0.0,2,4,1.3
15317,Vande Bharat,2026-11-15,11,4,TNA,2,34,23,clear,False,0.59,4,0,1,1.3,1.3,2,3,13.3
15317,Vande Bharat,2026-11-15,11,4,PNVL,3,69,23,clear,False,0.69,0,1,0,14.6,13.3,2,2,20.2
15317,Vande Bharat,2026-11-15,11,4,RN,4,307,2,clear,False,0.45,0,1,0,34.8,20.2,2,1,26.5
15317,Vande Bharat,2026-11-15,11,4,SWV,5,495,5,clear,False,0.5,3,1,1,61.3,26.5,0,0,43.0
11834,Vande Bharat,2026-11-15,11,4,SWV,0,0,11,clear,False,0.0,2,0,0,0.0,0.0,0,5,0.0
11834,Vande Bharat,2026-11-15,11,4,RN,1,188,14,clear,False,0.1,0,0,0,0.0,0.0,2,4,1.3
11834,Vande Bharat,2026-11-15,11,4,PNVL,2,426,17,clear,False,0.65,0,1,0,1.3,1.3,2,3,14.7
11834,Vande Bharat,2026-11-15,11,4,TNA,3,461,17,clear,False,0.29,1,0,0,16.0,14.7,2,2,16.5
11834,Vande Bharat,2026-11-15,11,4,DR,4,486,17,clear,False,0.39,2,1,2,32.5,16.5,2,1,31.6
11834,Vande Bharat,2026-11-15,11,4,CSMT,5,495,18,clear,False,0.56,0,1,0,64.1,31.6,0,0,39.1
14473,Express,2026-11-15,11,4,PUNE,0,0,10,clear,False,0.0,1,0,0,0.0,0.0,0,7,0.0
14473,Express,2026-11-15,11,4,DD,1,76,11,clear,False,0.3,1,0,0,0.0,0.0,4,6,6.4
14473,Express,2026-11-15,11,4,MMR,2,69,10,clear,False,0.61,0,0,0,6.4,6.4,4,5,9.9
14473,Express,2026-11-15,11,4,BSL,3,252,13,clear,False,0.65,2,0,0,16.3,9.9,4,4,11.6
14473,Express,2026-11-15,11,4,AK,4,391,15,clear,False,0.31,1,0,0,27.9,11.6,4,3,14.1
14473,Express,2026-11-15,11,4,BD,5,470,16,clear,False,0.64,2,0,1,42.0,14.1,4,2,18.6
14473,Express,2026-11-15,11,4,WR,6,565,17,clear,False,0.2,0,1,0,60.6,18.6,4,1,26.5
14473,Express,2026-11-15,11,4,NGP,7,645,18,clear,False,0.42,1,1,0,87.1,26.5,0,0,32.1
13137,Vande Bharat,2026-11-15,11,4,NGP,0,0,16,clear,False,0.0,0,0,0,0.0,0.0,0,7,0.0
13137,Vande Bharat,2026-11-15,11,4,WR,1,80,17,clear,False,0.54,2,1,0,0.0,0.0,2,6,7.8
13137,Vande Bharat,2026-11-15,11,4,BD,2,175,18,clear,False,0.41,0,0,0,7.8,7.8,2,5,11.7
13137,Vande Bharat,2026-11-15,11,4,AK,3,254,19,clear,False,0.48,1,0,0,19.5,11.7,2,4,13.8
13137,Vande Bharat,2026-11-15,11,4,BSL,4,393,21,clear,False,0.58,1,0,0,33.3,13.8,2,3,16.2
13137,Vande Bharat,2026-11-15,11,4,MMR,5,576,23,clear,False,0.34,1,1,0,49.5,16.2,2,2,22.3
13137,Vande Bharat,2026-11-15,11,4,DD,6,569,23,clear,False,0.02,0,1,0,71.8,22.3,2,1,26.4
13137,Vande Bharat,2026-11-15,11,4,PUNE,7,645,0,clear,False,0.43,2,1,1,98.2,26.4,0,0,30.5
16690,Mail,2026-11-15,11,4,NGP,0,0,21,clear,False,0.0,2,0,0,0.0,0.0,0,9,0.0
16690,Mail,2026-11-15,11,4,WR,1,80,22,clear,False,0.43,3,0,0,0.0,0.0,6,8,4.5
16690,Mail,2026-11-15,11,4,BD,2,175,23,clear,False,0.32,1,0,0,4.5,4.5,6,7,6.5
16690,Mail,2026-11-15,11,4,AK,3,254,0,clear,False,0.58,0,1,0,11.0,6.5,6,6,10.3
16690,Mail,2026-11-15,11,4,BSL,4,393,2,clear,False,0.25,1,0,0,21.3,10.3,6,5,10.7
16690,Mail,2026-11-15,11,4,MMR,5,576,4,clear,False,0.5,2,0,0,32.0,10.7,6,4,10.6
16690,Mail,2026-11-15,11,4,DD,6,569,4,clear,False,0.57,2,0,3,42.6,10.6,6,3,20.6
16690,Mail,2026-11-15,11,4,PUNE,7,645,5,clear,False,0.07,0,1,0,63.2,20.6,6,2,25.3
16690,Mail,2026-11-15,11,4,MRJ,8,366,1,clear,False,0.6,1,1,0,88.5,25.3,6,1,29.4
16690,Mail,2026-11-15,11,4,KOP,9,319,1,clear,False,0.09,1,1,0,117.9,29.4,0,0,33.4
11058,Superfast,2026-11-15,11,4,KOP,0,0,7,clear,False,0.0,2,0,1,0.0,0.0,0,9,0.0
11058,Superfast,2026-11-15,11,4,MRJ,1,47,8,clear,False,0.55,2,0,0,0.0,0.0,2,8,4.2
11058,Superfast,2026-11-15,11,4,PUNE,2,326,11,clear,False,0.62,0,0,0,4.2,4.2,2,7,8.2
11058,Superfast,2026-11-15,11,4,DD,3,250,11,clear,False,0.42,1,1,0,12.4,8.2,2,6,16.9
11058,Superfast,2026-11-15,11,4,MMR,4,257,11,clear,False,0.68,0,1,0,29.3,16.9,2,5,22.4
11058,Superfast,2026-11-15,11,4,BSL,5,74,8,clear,False,0.55,0,1,0,51.7,22.4,2,4,32.6
11058,Superfast,2026-11-15,11,4,AK,6,65,8,clear,False,0.06,3,1,0,84.3,32.6,2,3,47.6
11058,Superfast,2026-11-15,11,4,BD,7,144,9,clear,False,0.32,2,1,0,131.9,47.6,2,2,48.6
11058,Superfast,2026-11-15,11,4,WR,8,239,10,clear,False,0.72,2,1,0,180.5,48.6,2,1,61.1
11058,Superfast,2026-11-15,11,4,NGP,9,319,11,clear,False,0.25,1,1,0,241.6,61.1,0,0,68.0
15326,Mail,2026-06-03,6,2,CSMT,0,0,17,clear,True,0.0,1,0,0,0.0,0.0,0,10,25.0
15326,Mail,2026-06-03,6,2,DR,1,9,18,clear,True,0.61,2,1,0,25.0,25.0,6,9,40.1
15326,Mail,2026-06-03,6,2,TNA,2,34,18,clear,True,0.79,4,1,3,65.1,40.1,6,8,57.8
15326,Mail,2026-06-03,6,2,KYN,3,54,18,clear,True,0.34,1,1,0,122.9,57.8,6,7,60.8
15326,Mail,2026-06-03,6,2,KJT,4,100,19,clear,True,0.22,2,1,0,183.7,60.8,6,6,70.8
15326,Mail,2026-06-03,6,2,LNL,5,128,19,clear,True,0.38,2,1,1,254.5,70.8,6,5,88.8
15326,Mail,2026-06-03,6,2,SVJR,6,190,20,clear,True,0.14,3,1,0,343.3,88.8,6,4,93.9
15326,Mail,2026-06-03,6,2,PUNE,7,192,20,clear,True,0.52,2,1,0,437.2,93.9,6,3,94.7
15326,Mail,2026-06-03,6,2,DD,8,268,21,clear,True,0.11,1,1,0,531.9,94.7,6,2,91.5
15326,Mail,2026-06-03,6,2,KWV,9,377,22,clear,True,0.71,2,1,0,623.4,91.5,6,1,94.4
15326,Mail,2026-06-03,6,2,SUR,10,455,23,clear,True,0.79,2,1,2,717.8,94.4,0,0,104.6
19125,Vande Bharat,2026-06-03,6,2,SUR,0,0,8,clear,True,0.0,3,1,0,0.0,0.0,0,10,0.0
19125,Vande Bharat,2026-06-03,6,2,KWV,1,78,9,clear,True,0.66,1,1,0,0.0,0.0,2,9,11.7
19125,Vande Bharat,2026-06-03,6,2,DD,2,187,10,clear,True,0.3,0,1,0,11.7,11.7,2,8,16.3
19125,Vande Bharat,2026-06-03,6,2,PUNE,3,263,11,clear,True,0.61,1,1,0,28.0,16.3,2,7,29.7
19125,Vande Bharat,2026-06-03,6,2,SVJR,4,265,11,clear,True,0.35,0,1,0,57.7,29.7,2,6,37.3
19125,Vande Bharat,2026-06-03,6,2,LNL,5,327,12,clear,True,0.54,0,1,0,95.0,37.3,2,5,48.1
19125,Vande Bharat,2026-06-03,6,2,KJT,6,355,12,clear,True,0.28,4,1,0,143.1,48.1,2,4,64.0
19125,Vande Bharat,2026-06-03,6,2,KYN,7,401,13,clear,True,0.41,2,1,1,207.1,64.0,2,3,64.1
19125,Vande Bharat,2026-06-03,6,2,TNA,8,421,13,clear,True,0.41,1,1,0,271.2,64.1,2,2,67.5
19125,Vande Bharat,2026-06-03,6,2,DR,9,446,13,clear,True,0.27,2,1,1,338.7,67.5,2,1,66.5
19125,Vande Bharat,2026-06-03,6,2,CSMT,10,455,13,clear,True,0.22,0,1,0,405.2,66.5,0,0,71.6
15385,Vande Bharat,2026-06-03,6,2,CSMT,0,0,7,clear,True,0.0,0,0,0,0.0,0.0,0,8,0.0
15385,Vande Bharat,2026-06-03,6,2,DR,1,9,7,clear,True,0.31,0,0,0,0.0,0.0,2,7,2.7
15385,Vande Bharat,2026-06-03,6,2,TNA,2,34,7,clear,True,0.45,1,0,0,2.7,2.7,2,6,5.7
15385,Vande Bharat,2026-06-03,6,2,KYN,3,54,8,clear,True,0.42,0,0,0,8.4,5.7,2,5,10.4
15385,Vande Bharat,2026-06-03,6,2,LNL,4,128,9,clear,True,0.85,1,0,0,18.8,10.4,2,4,28.3
15385,Vande Bharat,2026-06-03,6,2,PUNE,5,192,9,clear,True,0.41,0,1,0,47.1,28.3,2,3,36.3
15385,Vande Bharat,2026-06-03,6,2,MRJ,6,471,13,clear,True,0.69,0,1,0,83.4,36.3,2,2,39.2
15385,Vande Bharat,2026-06-03,6,2,SLI,7,478,13,clear,True,0.17,2,1,0,122.6,39.2,2,1,39.7
15385,Vande Bharat,2026-06-03,6,2,KOP,8,518,14,clear,True,0.29,2,1,0,162.3,39.7,0,0,42.7
17804,Mail,2026-06-03,6,2,KOP,0,0,7,clear,True,0.0,0,0,0,0.0,0.0,0,8,4.1
17804,Mail,2026-06-03,6,2,SLI,1,40,8,clear,True,0.11,2,0,2,4.1,4.1,6,7,14.1
17804,Mail,2026-06-03,6,2,MRJ,2,47,8,clear,True,0.93,1,0,0,18.2,14.1,6,6,21.8
17804,Mail,2026-06-03,6,2,PUNE,3,326,11,clear,True,0.36,2,1,0,40.0,21.8,6,5,31.9
17804,Mail,2026-06-03,6,2,LNL,4,390,12,clear,True,0.63,0,1,0,71.9,31.9,6,4,49.8
17804,Mail,2026-06-03,6,2,KYN,5,464,13,clear,True,0.23,4,1,1,121.7,49.8,6,3,51.3
17804,Mail,2026-06-03,6,2,TNA,6,484,13,clear,True,0.15,0,1,0,173.0,51.3,6,2,56.2
17804,Mail,2026-06-03,6,2,DR,7,509,13,clear,True,0.36,3,1,1,229.2,56.2,6,1,65.5
17804,Mail,2026-06-03,6,2,CSMT,8,518,14,clear,True,0.4,0,1,0,294.7,65.5,0,0,66.5
13971,Mail,2026-06-03,6,2,CSMT,0,0,17,clear,True,0.0,2,0,1,0.0,0.0,0,15,0.0
13971,Mail,2026-06-03,6,2,DR,1,9,17,clear,True,0.45,0,0,0,0.0,0.0,6,14,5.7
13971,Mail,2026-06-03,6,2,TNA,2,34,17,clear,True,0.36,2,0,1,5.7,5.7,6,13,13.7
13971,Mail,2026-06-03,6,2,KYN,3,54,17,clear,True,0.28,2,1,0,19.4,13.7,6,12,23.6
13971,Mail,2026-06-03,6,2,IGP,4,137,18,clear,True,0.73,3,1,1,43.0,23.6,6,11,51.1
13971,Mail,2026-06-03,6,2,NK,5,188,19,clear,True,0.68,1,1,0,94.1,51.1,6,10,54.7
13971,Mail,2026-06-03,6,2,MMR,6,261,20,clear,True,0.39,2,1,0,148.8,54.7,6,9,57.9
13971,Mail,2026-06-03,6,2,CSN,7,328,21,clear,True,0.26,0,1,0,206.7,57.9,6,8,61.4
13971,Mail,2026-06-03,6,2,JL,8,420,22,clear,True,0.34,4,1,0,268.1,61.4,6,7,66.8
13971,Mail,2026-06-03,6,2,BSL,9,444,22,clear,True,0.24,4,1,0,334.9,66.8,6,6,69.4
13971,Mail,2026-06-03,6,2,MKU,10,494,23,clear,True,0.44,1,1,0,404.3,69.4,6,5,69.1
13971,Mail,2026-06-03,6,2,AK,11,583,0,clear,True,0.54,2,1,1,473.4,69.1,6,4,72.2
13971,Mail,2026-06-03,6,2,BD,12,662,1,clear,True,0.42,1,1,0,545.6,72.2,6,3,68.1
13971,Mail,2026-06-03,6,2,WR,13,757,2,clear,True,0.32,2,1,0,613.7,68.1,6,2,68.8
13971,Mail,2026-06-03,6,2,NGP,14,837,3,clear,True,0.35,1,1,0,682.5,68.8,6,1,68.8
13971,Mail,2026-06-03,6,2,G,15,967,5,clear,True,0.48,1,1,0,751.3,68.8,0,0,68.3
12369,Intercity,2026-06-03,6,2,G,0,0,15,clear,True,0.0,1,0,0,0.0,0.0,0,15,0.0
12369,Intercity,2026-06-03,6,2,NGP,1,130,17,clear,True,0.4,2,0,0,0.0,0.0,4,14,3.0
12369,Intercity,2026-06-03,6,2,WR,2,210,18,clear,True,0.22,4,1,0,3.0,3.0,4,13,12.5
12369,Intercity,2026-06-03,6,2,BD,3,305,19,clear,True,0.37,4,0,0,15.5,12.5,4,12,22.6
12369,Intercity,2026-06-03,6,2,AK,4,384,20,clear,True,0.23,1,1,0,38.1,22.6,4,11,31.6
12369,Intercity,2026-06-03,6,2,MKU,5,473,21,clear,True,0.78,3,1,0,69.7,31.6,4,10,45.6
12369,Intercity,2026-06-03,6,2,BSL,6,523,21,clear,True,0.58,0,1,0,115.3,45.6,4,9,54.3
12369,Intercity,2026-06-03,6,2,JL,7,547,22,clear,True,0.5,4,1,0,169.6,54.3,4,8,58.3
12369,Intercity,2026-06-03,6,2,CSN,8,639,23,clear,True,0.56,2,1,0,227.9,58.3,4,7,61.9
12369,Intercity,2026-06-03,6,2,MMR,9,706,0,clear,True,0.42,4,1,0,289.8,61.9,4,6,63.1
12369,Intercity,2026-06-03,6,2,NK,10,779,1,clear,True,0.19,0,1,0,352.9,63.1,4,5,60.9
12369,Intercity,2026-06-03,6,2,IGP,11,830,1,clear,True,0.26,1,1,0,413.8,60.9,4,4,69.1
12369,Intercity,2026-06-03,6,2,KYN,12,913,2,clear,True,0.53,2,1,1,482.9,69.1,4,3,68.3
12369,Intercity,2026-06-03,6,2,TNA,13,933,3,clear,True,0.23,3,1,0,551.2,68.3,4,2,71.2
12369,Intercity,2026-06-03,6,2,DR,14,958,3,clear,True,0.37,0,1,0,622.4,71.2,4,1,70.8
12369,Intercity,2026-06-03,6,2,CSMT,15,967,3,clear,True,0.44,1,1,0,693.2,70.8,0,0,67.9
13988,Superfast,2026-06-03,6,2,CSMT,0,0,13,clear,True,0.0,1,0,0,0.0,0.0,0,9,0.0
13988,Superfast,2026-06-03,6,2,DR,1,9,13,clear,True,0.26,2,0,1,0.0,0.0,2,8,7.4
13988,Superfast,2026-06-03,6,2,TNA,2,34,13,clear,True,0.31,0,1,0,7.4,7.4,2,7,16.3
13988,Superfast,2026-06-03,6,2,KYN,3,54,14,clear,True,0.24,0,1,0,23.7,16.3,2,6,28.7
13988,Superfast,2026-06-03,6,2,IGP,4,137,15,clear,True,0.67,1,1,0,52.4,28.7,2,5,44.0
13988,Superfast,2026-06-03,6,2,NK,5,188,15,clear,True,0.1,0,1,0,96.4,44.0,2,4,48.1
13988,Superfast,2026-06-03,6,2,MMR,6,261,16,clear,True,0.27,1,1,0,144.5,48.1,2,3,53.2
13988,Superfast,2026-06-03,6,2,AWB,7,375,18,clear,True,0.3,1,1,0,197.7,53.2,2,2,57.0
13988,Superfast,2026-06-03,6,2,J,8,438,18,clear,True,0.44,1,1,0,254.7,57.0,2,1,60.9
13988,Superfast,2026-06-03,6,2,NED,9,609,21,clear,True,0.57,1,1,0,315.6,60.9,0,0,67.1
15453,Superfast,2026-06-03,6,2,NED,0,0,22,clear,True,0.0,4,1,0,0.0,0.0,0,9,0.0
15453,Superfast,2026-06-03,6,2,J,1,171,0,clear,True,0.47,0,1,0,0.0,0.0,2,8,5.5
15453,Superfast,2026-06-03,6,2,AWB,2,234,1,clear,True,0.12,2,0,1,5.5,5.5,2,7,11.0
15453,Superfast,2026-06-03,6,2,MMR,3,348,2,clear,True,0.32,2,0,0,16.5,11.0,2,6,11.2
15453,Superfast,2026-06-03,6,2,NK,4,421,3,clear,True,0.21,1,0,0,27.7,11.2,2,5,11.1
15453,Superfast,2026-06-03,6,2,IGP,5,472,4,clear,True,0.17,0,0,0,38.8,11.1,2,4,17.4
15453,Superfast,2026-06-03,6,2,KYN,6,555,5,clear,True,0.41,1,1,0,56.2,17.4,2,3,24.3
15453,Superfast,2026-06-03,6,2,TNA,7,575,5,clear,True,0.12,0,1,0,80.5,24.3,2,2,27.2
15453,Superfast,2026-06-03,6,2,DR,8,600,6,clear,True,0.24,1,1,0,107.7,27.2,2,1,34.9
15453,Superfast,2026-06-03,6,2,CSMT,9,609,6,clear,True,0.4,0,1,0,142.6,34.9,0,0,39.8
12744,Mail,2026-06-03,6,2,CSMT,0,0,6,clear,True,0.0,2,0,0,0.0,0.0,0,5,0.0
12744,Mail,2026-06-03,6,2,DR,1,9,6,clear,True,0.24,0,0,0,0.0,0.0,6,4,2.3
12744,Mail,2026-06-03,6,2,TNA,2,34,6,clear,True,0.31,4,0,0,2.3,2.3,6,3,5.7
12744,Mail,2026-06-03,6,2,PNVL,3,69,7,clear,True,0.42,2,1,0,8.0,5.7,6,2,12.9
12744,Mail,2026-06-03,6,2,RN,4,307,10,clear,True,0.51,3,1,0,20.9,12.9,6,1,27.4
12744,Mail,2026-06-03,6,2,SWV,5,495,12,clear,True,0.32,1,1,0,48.3,27.4,0,0,29.5
16152,Superfast,2026-06-03,6,2,SWV,0,0,18,clear,True,0.0,4,0,0,0.0,0.0,0,5,0.0
16152,Superfast,2026-06-03,6,2,RN,1,188,20,clear,True,0.12,2,1,1,0.0,0.0,2,4,16.5
16152,Superfast,2026-06-03,6,2,PNVL,2,426,23,clear,True,0.74,0,1,0,16.5,16.5,2,3,21.5
16152,Superfast,2026-06-03,6,2,TNA,3,461,0,clear,True,0.37,1,1,0,38.0,21.5,2,2,24.5
16152,Superfast,2026-06-03,6,2,DR,4,486,0,clear,True,0.33,3,1,0,62.5,24.5,2,1,36.6
16152,Superfast,2026-06-03,6,2,CSMT,5,495,0,clear,True,0.46,1,1,0,99.1,36.6,0,0,40.6
22771,Vande Bharat,2026-06-03,6,2,PUNE,0,0,9,clear,True,0.0,2,1,1,0.0,0.0,0,7,0.0
22771,Vande Bharat,2026-06-03,6,2,DD,1,76,10,clear,True,0.51,1,0,0,0.0,0.0,2,6,6.3
22771,Vande Bharat,2026-06-03,6,2,MMR,2,69,10,clear,True,0.57,1,0,0,6.3,6.3,2,5,8.7
22771,Vande Bharat,2026-06-03,6,2,BSL,3,252,12,clear,True,0.13,2,0,0,15.0,8.7,2,4,9.1
22771,Vande Bharat,2026-06-03,6,2,AK,4,391,14,clear,True,0.39,1,0,0,24.1,9.1,2,3,10.5
22771,Vande Bharat,2026-06-03,6,2,BD,5,470,15,clear,True,0.49,3,1,1,34.6,10.5,2,2,25.5
22771,Vande Bharat,2026-06-03,6,2,WR,6,565,16,clear,True,0.64,2,1,3,60.1,25.5,2,1,42.9
22771,Vande Bharat,2026-06-03,6,2,NGP,7,645,17,clear,True,0.25,1,1,0,103.0,42.9,0,0,46.3
21285,Mail,2026-06-03,6,2,NGP,0,0,22,clear,True,0.0,0,0,0,0.0,0.0,0,7,0.0
21285,Mail,2026-06-03,6,2,WR,1,80,23,clear,True,0.32,3,0,2,0.0,0.0,6,6,13.6
21285,Mail,2026-06-03,6,2,BD,2,175,1,clear,True,0.5,1,0,0,13.6,13.6,6,5,17.1
21285,Mail,2026-06-03,6,2,AK,3,254,2,clear,True,0.12,0,1,0,30.7,17.1,6,4,20.5
21285,Mail,2026-06-03,6,2,BSL,4,393,3,clear,True,0.27,0,1,0,51.2,20.5,6,3,24.7
21285,Mail,2026-06-03,6,2,MMR,5,576,6,clear,True,0.68,1,1,0,75.9,24.7,6,2,28.2
21285,Mail,2026-06-03,6,2,DD,6,569,6,clear,True,0.05,2,1,3,104.1,28.2,6,1,44.5
21285,Mail,2026-06-03,6,2,PUNE,7,645,6,clear,True,0.42,4,1,0,148.6,44.5,0,0,56.3
13031,Superfast,2026-06-03,6,2,NGP,0,0,22,clear,True,0.0,1,0,0,0.0,0.0,0,9,0.0
13031,Superfast,2026-06-03,6,2,WR,1,80,23,clear,True,0.44,1,0,0,0.0,0.0,2,8,1.4
13031,Superfast,2026-06-03,6,2,BD,2,175,0,clear,True,0.1,1,0,0,1.4,1.4,2,7,3.4
13031,Superfast,2026-06-03,6,2,AK,3,254,1,clear,True,0.33,1,0,0,4.8,3.4,2,6,6.1
13031,Superfast,2026-06-03,6,2,BSL,4,393,3,clear,True,0.22,0,0,0,10.9,6.1,2,5,8.0
13031,Superfast,2026-06-03,6,2,MMR,5,576,5,clear,True,0.62,1,0,0,18.9,8.0,2,4,7.8
13031,Superfast,2026-06-03,6,2,DD,6,569,5,clear,True,0.44,4,1,3,26.7,7.8,2,3,28.7
13031,Superfast,2026-06-03,6,2,PUNE,7,645,6,clear,True,0.16,0,1,0,55.4,28.7,2,2,35.3
13031,Superfast,2026-06-03,6,2,MRJ,8,366,3,clear,True,0.3,2,1,0,90.7,35.3,2,1,36.4
13031,Superfast,2026-06-03,6,2,KOP,9,319,2,clear,True,0.11,0,1,0,127.1,36.4,0,0,42.1
17541,Mail,2026-06-03,6,2,KOP,0,0,20,clear,True,0.0,3,0,0,0.0,0.0,0,9,0.0
17541,Mail,2026-06-03,6,2,MRJ,1,47,20,clear,True,0.65,1,0,0,0.0,0.0,6,8,1.3
17541,Mail,2026-06-03,6,2,PUNE,2,326,0,clear,True,0.23,0,1,0,1.3,1.3,6,7,13.7
17541,Mail,2026-06-03,6,2,DD,3,250,23,clear,True,0.56,0,0,0,15.0,13.7,6,6,13.7
17541,Mail,2026-06-03,6,2,MMR,4,257,23,clear,True,0.4,1,0,0,28.7,13.7,6,5,17.1
17541,Mail,2026-06-03,6,2,BSL,5,74,21,clear,True,0.8,1,1,0,45.8,17.1,6,4,34.9
17541,Mail,2026-06-03,6,2,AK,6,65,21,clear,True,0.34,1,1,0,80.7,34.9,6,3,39.3
17541,Mail,2026-06-03,6,2,BD,7,144,22,clear,True,0.35,0,1,0,120.0,39.3,6,2,39.5
17541,Mail,2026-06-03,6,2,WR,8,239,23,clear,True,0.08,0,1,0,159.5,39.5,6,1,44.6
17541,Mail,2026-06-03,6,2,NGP,9,319,0,clear,True,0.46,1,1,0,204.1,44.6,0,0,46.3
20309,Express,2026-03-07,3,5,CSMT,0,0,5,clear,False,0.0,1,0,0,0.0,0.0,0,10,0.0
20309,Express,2026-03-07,3,5,DR,1,9,5,clear,False,0.29,1,0,0,0.0,0.0,4,9,3.6
20309,Express,2026-03-07,3,5,TNA,2,34,5,clear,False,0.34,0,0,0,3.6,3.6,4,8,13.6
20309,Express,2026-03-07,3,5,KYN,3,54,6,clear,False,0.28,4,0,0,17.2,13.6,4,7,17.7
20309,Express,2026-03-07,3,5,KJT,4,100,6,clear,False,0.14,1,1,0,34.9,17.7,4,6,22.3
20309,Express,2026-03-07,3,5,LNL,5,128,7,clear,False,0.56,0,1,0,57.2,22.3,4,5,28.4
20309,Express,2026-03-07,3,5,SVJR,6,190,7,clear,False,0.25,1,1,0,85.6,28.4,4,4,34.8
20309,Express,2026-03-07,3,5,PUNE,7,192,7,clear,False,0.3,3,1,1,120.4,34.8,4,3,43.7
20309,Express,2026-03-07,3,5,DD,8,268,8,clear,False,0.38,1,1,0,164.1,43.7,4,2,56.5
20309,Express,2026-03-07,3,5,KWV,9,377,10,clear,False,0.59,0,1,0,220.6,56.5,4,1,58.9
20309,Express,2026-03-07,3,5,SUR,10,455,11,clear,False,0.46,1,1,0,279.5,58.9,0,0,64.7
14253,Superfast,2026-03-07,3,5,SUR,0,0,11,clear,False,0.0,1,0,0,0.0,0.0,0,10,2.3
14253,Superfast,2026-03-07,3,5,KWV,1,78,12,clear,False,0.5,2,0,1,2.3,2.3,2,9,5.7
14253,Superfast,2026-03-07,3,5,DD,2,187,13,clear,False,0.35,1,1,0,8.0,5.7,2,8,10.7
14253,Superfast,2026-03-07,3,5,PUNE,3,263,14,clear,False,0.24,2,0,0,18.7,10.7,2,7,13.0
14253,Superfast,2026-03-07,3,5,SVJR,4,265,14,clear,False,0.59,2,0,0,31.7,13.0,2,6,13.8
14253,Superfast,2026-03-07,3,5,LNL,5,327,15,clear,False,0.15,4,0,1,45.5,13.8,2,5,18.3
14253,Superfast,2026-03-07,3,5,KJT,6,355,15,clear,False,0.45,2,1,0,63.8,18.3,2,4,27.1
14253,Superfast,2026-03-07,3,5,KYN,7,401,16,clear,False,0.25,1,1,0,90.9,27.1,2,3,35.0
14253,Superfast,2026-03-07,3,5,TNA,8,421,16,clear,False,0.25,3,1,3,125.9,35.0,2,2,55.3
14253,Superfast,2026-03-07,3,5,DR,9,446,16,clear,False,0.37,1,1,0,181.2,55.3,2,1,55.9
14253,Superfast,2026-03-07,3,5,CSMT,10,455,16,clear,False,0.32,0,1,0,237.1,55.9,0,0,55.6
21392,Superfast,2026-03-07,3,5,CSMT,0,0,13,clear,False,0.0,0,1,0,0.0,0.0,0,8,0.0
21392,Superfast,2026-03-07,3,5,DR,1,9,13,clear,False,0.51,1,0,0,0.0,0.0,2,7,0.6
21392,Superfast,2026-03-07,3,5,TNA,2,34,13,clear,False,0.5,0,0,0,0.6,0.6,2,6,1.3
21392,Superfast,2026-03-07,3,5,KYN,3,54,13,clear,False,0.61,1,0,0,1.9,1.3,2,5,4.4
21392,Superfast,2026-03-07,3,5,LNL,4,128,14,clear,False,0.28,4,0,0,6.3,4.4,2,4,13.0
21392,Superfast,2026-03-07,3,5,PUNE,5,192,15,clear,False,0.32,2,1,2,19.3,13.0,2,3,24.3
21392,Superfast,2026-03-07,3,5,MRJ,6,471,18,clear,False,0.58,1,1,0,43.6,24.3,2,2,34.1
21392,Superfast,2026-03-07,3,5,SLI,7,478,19,clear,False,0.61,2,1,0,77.7,34.1,2,1,41.8
21392,Superfast,2026-03-07,3,5,KOP,8,518,19,clear,False,0.45,1,1,0,119.5,41.8,0,0,47.9
17977,Mail,2026-03-07,3,5,KOP,0,0,14,clear,False,0.0,0,1,0,0.0,0.0,0,8,0.0
17977,Mail,2026-03-07,3,5,SLI,1,40,14,clear,False,0.58,0,0,0,0.0,0.0,6,7,2.9
17977,Mail,2026-03-07,3,5,MRJ,2,47,15,clear,False,0.14,1,0,0,2.9,2.9,6,6,3.7
17977,Mail,2026-03-07,3,5,PUNE,3,326,18,clear,False,0.2,2,0,0,6.6,3.7,6,5,8.3
17977,Mail,2026-03-07,3,5,LNL,4,390,19,clear,False,0.69,1,0,0,14.9,8.3,6,4,11.1
17977,Mail,2026-03-07,3,5,KYN,5,464,20,clear,False,0.36,3,0,3,26.0,11.1,6,3,24.4
17977,Mail,2026-03-07,3,5,TNA,6,484,20,clear,False,0.65,2,1,1,50.4,24.4,6,2,31.8
17977,Mail,2026-03-07,3,5,DR,7,509,20,clear,False,0.29,1,1,0,82.2,31.8,6,1,42.4
17977,Mail,2026-03-07,3,5,CSMT,8,518,20,clear,False,0.29,1,1,0,124.6,42.4,0,0,46.9
12633,Mail,2026-03-07,3,5,CSMT,0,0,16,clear,False,0.0,2,0,2,0.0,0.0,0,15,0.0
12633,Mail,2026-03-07,3,5,DR,1,9,16,clear,False,0.49,2,0,0,0.0,0.0,6,14,1.1
12633,Mail,2026-03-07,3,5,TNA,2,34,16,clear,False,0.23,3,0,0,1.1,1.1,6,13,6.9
12633,Mail,2026-03-07,3,5,KYN,3,54,17,clear,False,0.46,2,0,2,8.0,6.9,6,12,15.0
12633,Mail,2026-03-07,3,5,IGP,4,137,18,clear,False,0.27,1,0,0,23.0,15.0,6,11,18.9
12633,Mail,2026-03-07,3,5,NK,5,188,18,clear,False,0.38,1,1,0,41.9,18.9,6,10,27.5
12633,Mail,2026-03-07,3,5,MMR,6,261,19,clear,False,0.95,2,1,0,69.4,27.5,6,9,40.0
12633,Mail,2026-03-07,3,5,CSN,7,328,20,clear,False,1.0,2,1,2,109.4,40.0,6,8,58.7
12633,Mail,2026-03-07,3,5,JL,8,420,21,clear,False,0.11,3,1,0,168.1,58.7,6,7,64.8
12633,Mail,2026-03-07,3,5,BSL,9,444,21,clear,False,0.38,3,1,0,232.9,64.8,6,6,77.1
12633,Mail,2026-03-07,3,5,MKU,10,494,22,clear,False,0.37,2,1,0,310.0,77.1,6,5,75.8
12633,Mail,2026-03-07,3,5,AK,11,583,23,clear,False,0.19,2,1,0,385.8,75.8,6,4,74.3
12633,Mail,2026-03-07,3,5,BD,12,662,0,clear,False,0.2,1,1,0,460.1,74.3,6,3,76.1
12633,Mail,2026-03-07,3,5,WR,13,757,1,clear,False,0.38,1,1,0,536.2,76.1,6,2,71.9
12633,Mail,2026-03-07,3,5,NGP,14,837,2,clear,False,0.53,1,1,0,608.1,71.9,6,1,69.5
12633,Mail,2026-03-07,3,5,G,15,967,4,clear,False,0.15,0,1,0,677.6,69.5,0,0,65.2
13111,Intercity,2026-03-07,3,5,G,0,0,21,clear,False,0.0,2,0,0,0.0,0.0,0,15,10.2
13111,Intercity,2026-03-07,3,5,NGP,1,130,23,clear,False,0.48,0,0,0,10.2,10.2,4,14,9.1
13111,Intercity,2026-03-07,3,5,WR,2,210,0,clear,False,0.41,0,1,0,19.3,9.1,4,13,14.1
13111,Intercity,2026-03-07,3,5,BD,3,305,1,clear,False,0.36,1,0,0,33.4,14.1,4,12,16.1
13111,Intercity,2026-03-07,3,5,AK,4,384,2,clear,False,0.42,2,1,1,49.5,16.1,4,11,23.9
13111,Intercity,2026-03-07,3,5,MKU,5,473,3,clear,False,0.12,0,1,0,73.4,23.9,4,10,30.2
13111,Intercity,2026-03-07,3,5,BSL,6,523,4,clear,False,0.72,0,1,0,103.6,30.2,4,9,42.9
13111,Intercity,2026-03-07,3,5,JL,7,547,4,clear,False,0.5,0,1,0,146.5,42.9,4,8,48.7
13111,Intercity,2026-03-07,3,5,CSN,8,639,5,clear,False,0.49,0,1,0,195.2,48.7,4,7,51.3
13111,Intercity,2026-03-07,3,5,MMR,9,706,6,clear,False,0.48,1,1,0,246.5,51.3,4,6,54.9
13111,Intercity,2026-03-07,3,5,NK,10,779,7,clear,False,0.19,1,1,0,301.4,54.9,4,5,57.6
13111,Intercity,2026-03-07,3,5,IGP,11,830,8,clear,False,0.31,2,1,1,359.0,57.6,4,4,63.4
13111,Intercity,2026-03-07,3,5,KYN,12,913,9,clear,False,0.35,2,1,1,422.4,63.4,4,3,66.3
13111,Intercity,2026-03-07,3,5,TNA,13,933,9,clear,False,0.64,0,1,0,488.7,66.3,4,2,70.6
13111,Intercity,2026-03-07,3,5,DR,14,958,9,clear,False,0.27,2,1,1,559.3,70.6,4,1,74.7
13111,Intercity,2026-03-07,3,5,CSMT,15,967,9,clear,False,0.21,1,1,0,634.0,74.7,0,0,81.2
15505,Vande Bharat,2026-03-07,3,5,CSMT,0,0,6,clear,False,0.0,0,0,0,0.0,0.0,0,9,0.0
15505,Vande Bharat,2026-03-07,3,5,DR,1,9,6,clear,False,0.45,0,0,0,0.0,0.0,2,8,1.0
15505,Vande Bharat,2026-03-07,3,5,TNA,2,34,6,clear,False,0.56,0,1,0,1.0,1.0,2,7,13.8
15505,Vande Bharat,2026-03-07,3,5,KYN,3,54,7,clear,False,0.27,1,1,0,14.8,13.8,2,6,19.0
15505,Vande Bharat,2026-03-07,3,5,IGP,4,137,8,clear,False,0.34,0,1,0,33.8,19.0,2,5,28.0
15505,Vande Bharat,2026-03-07,3,5,NK,5,188,8,clear,False,0.54,3,1,0,61.8,28.0,2,4,43.4
15505,Vande Bharat,2026-03-07,3,5,MMR,6,261,9,clear,False,0.48,2,1,0,105.2,43.4,2,3,46.7
15505,Vande Bharat,2026-03-07,3,5,AWB,7,375,11,clear,False,0.73,1,1,0,151.9,46.7,2,2,52.5
15505,Vande Bharat,2026-03-07,3,5,J,8,438,11,clear,False,0.29,1,1,0,204.4,52.5,2,1,54.3
15505,Vande Bharat,2026-03-07,3,5,NED,9,609,14,clear,False,0.07,1,1,0,258.7,54.3,0,0,55.9
13945,Superfast,2026-03-07,3,5,NED,0,0,10,clear,False,0.0,2,0,2,0.0,0.0,0,9,5.8
13945,Superfast,2026-03-07,3,5,J,1,171,12,clear,False,0.4,1,0,0,5.8,5.8,2,8,7.3
13945,Superfast,2026-03-07,3,5,AWB,2,234,13,clear,False,0.51,4,0,0,13.1,7.3,2,7,11.8
13945,Superfast,2026-03-07,3,5,MMR,3,348,14,clear,False,0.06,1,0,0,24.9,11.8,2,6,12.0
13945,Superfast,2026-03-07,3,5,NK,4,421,15,clear,False,0.41,0,0,0,36.9,12.0,2,5,12.8
13945,Superfast,2026-03-07,3,5,IGP,5,472,16,clear,False,0.18,1,0,0,49.7,12.8,2,4,12.4
13945,Superfast,2026-03-07,3,5,KYN,6,555,17,clear,False,0.37,2,1,0,62.1,12.4,2,3,17.4
13945,Superfast,2026-03-07,3,5,TNA,7,575,17,clear,False,0.26,3,1,0,79.5,17.4,2,2,35.5
13945,Superfast,2026-03-07,3,5,DR,8,600,17,clear,False,0.55,0,1,0,115.0,35.5,2,1,38.1
13945,Superfast,2026-03-07,3,5,CSMT,9,609,17,clear,False,0.15,0,1,0,153.1,38.1,0,0,43.3
12506,Superfast,2026-03-07,3,5,CSMT,0,0,11,clear,False,0.0,1,0,0,0.0,0.0,0,5,0.0
12506,Superfast,2026-03-07,3,5,DR,1,9,11,clear,False,0.11,1,0,0,0.0,0.0,2,4,3.9
12506,Superfast,2026-03-07,3,5,TNA,2,34,11,clear,False,0.22,0,1,0,3.9,3.9,2,3,15.1
12506,Superfast,2026-03-07,3,5,PNVL,3,69,12,clear,False,0.16,2,1,0,19.0,15.1,2,2,19.2
12506,Superfast,2026-03-07,3,5,RN,4,307,15,clear,False,0.23,1,1,0,38.2,19.2,2,1,24.3
12506,Superfast,2026-03-07,3,5,SWV,5,495,17,clear,False,0.49,2,1,1,62.5,24.3,0,0,35.9
18101,Intercity,2026-03-07,3,5,SWV,0,0,20,clear,False,0.0,2,0,1,0.0,0.0,0,5,0.0
18101,Intercity,2026-03-07,3,5,RN,1,188,23,clear,False,0.11,1,0,0,0.0,0.0,4,4,1.0
18101,Intercity,2026-03-07,3,5,PNVL,2,426,2,clear,False,0.22,1,0,0,1.0,1.0,4,3,1.2
18101,Intercity,2026-03-07,3,5,TNA,3,461,2,clear,False,0.55,0,1,0,2.2,1.2,4,2,10.0
18101,Intercity,2026-03-07,3,5,DR,4,486,2,clear,False,0.31,0,0,0,12.2,10.0,4,1,11.1
18101,Intercity,2026-03-07,3,5,CSMT,5,495,3,clear,False,0.43,1,0,0,23.3,11.1,0,0,11.9
16771,Mail,2026-03-07,3,5,PUNE,0,0,12,clear,False,0.0,2,0,0,0.0,0.0,0,7,0.0
16771,Mail,2026-03-07,3,5,DD,1,76,13,clear,False,0.44,0,0,0,0.0,0.0,6,6,2.4
16771,Mail,2026-03-07,3,5,MMR,2,69,13,clear,False,0.29,0,0,0,2.4,2.4,6,5,4.4
16771,Mail,2026-03-07,3,5,BSL,3,252,15,clear,False,0.28,0,0,0,6.8,4.4,6,4,6.6
16771,Mail,2026-03-07,3,5,AK,4,391,17,clear,False,0.31,2,1,0,13.4,6.6,6,3,14.7
16771,Mail,2026-03-07,3,5,BD,5,470,18,clear,False,0.67,1,0,0,28.1,14.7,6,2,17.9
16771,Mail,2026-03-07,3,5,WR,6,565,19,clear,False,0.66,0,1,0,46.0,17.9,6,1,25.5
16771,Mail,2026-03-07,3,5,NGP,7,645,20,clear,False,0.54,0,1,0,71.5,25.5,0,0,34.5
15555,Mail,2026-03-07,3,5,NGP,0,0,17,clear,False,0.0,2,0,0,0.0,0.0,0,7,0.0
15555,Mail,2026-03-07,3,5,WR,1,80,18,clear,False,0.52,2,0,1,0.0,0.0,6,6,8.0
15555,Mail,2026-03-07,3,5,BD,2,175,20,clear,False,0.7,0,1,0,8.0,8.0,6,5,17.7
15555,Mail,2026-03-07,3,5,AK,3,254,21,clear,False,0.44,1,1,0,25.7,17.7,6,4,21.7
15555,Mail,2026-03-07,3,5,BSL,4,393,22,clear,False,0.54,1,1,0,47.4,21.7,6,3,26.1
15555,Mail,2026-03-07,3,5,MMR,5,576,1,clear,False,0.46,1,1,0,73.5,26.1,6,2,27.6
15555,Mail,2026-03-07,3,5,DD,6,569,1,clear,False,0.12,1,1,0,101.1,27.6,6,1,29.2
15555,Mail,2026-03-07,3,5,PUNE,7,645,1,clear,False,0.53,0,1,0,130.3,29.2,0,0,35.4
11076,Mail,2026-03-07,3,5,NGP,0,0,21,clear,False,0.0,2,0,2,0.0,0.0,0,9,0.0
11076,Mail,2026-03-07,3,5,WR,1,80,22,clear,False,0.67,0,0,0,0.0,0.0,6,8,3.5
11076,Mail,2026-03-07,3,5,BD,2,175,23,clear,False,0.33,0,1,0,3.5,3.5,6,7,8.5
11076,Mail,2026-03-07,3,5,AK,3,254,0,clear,False,0.17,2,0,0,12.0,8.5,6,6,9.5
11076,Mail,2026-03-07,3,5,BSL,4,393,2,clear,False,0.44,2,0,0,21.5,9.5,6,5,12.4
11076,Mail,2026-03-07,3,5,MMR,5,576,4,clear,False,0.17,1,0,0,33.9,12.4,6,4,15.7
11076,Mail,2026-03-07,3,5,DD,6,569,4,clear,False,0.23,1,1,0,49.6,15.7,6,3,23.6
11076,Mail,2026-03-07,3,5,PUNE,7,645,5,clear,False,0.36,1,1,0,73.2,23.6,6,2,30.6
11076,Mail,2026-03-07,3,5,MRJ,8,366,1,clear,False,0.14,4,1,0,103.8,30.6,6,1,39.2
11076,Mail,2026-03-07,3,5,KOP,9,319,1,clear,False,0.39,1,1,0,143.0,39.2,0,0,39.6
11170,Vande Bharat,2026-03-07,3,5,KOP,0,0,7,clear,False,0.0,3,0,0,0.0,0.0,0,9,7.3
11170,Vande Bharat,2026-03-07,3,5,MRJ,1,47,8,clear,False,0.24,2,0,1,7.3,7.3,2,8,14.9
11170,Vande Bharat,2026-03-07,3,5,PUNE,2,326,11,clear,False,0.65,1,1,0,22.2,14.9,2,7,20.6
11170,Vande Bharat,2026-03-07,3,5,DD,3,250,10,clear,False,0.05,2,1,2,42.8,20.6,2,6,32.2
11170,Vande Bharat,2026-03-07,3,5,MMR,4,257,10,clear,False,0.6,0,1,0,75.0,32.2,2,5,38.2
11170,Vande Bharat,2026-03-07,3,5,BSL,5,74,8,clear,False,0.95,1,1,0,113.2,38.2,2,4,54.0
11170,Vande Bharat,2026-03-07,3,5,AK,6,65,8,clear,False,0.88,2,1,0,167.2,54.0,2,3,60.3
11170,Vande Bharat,2026-03-07,3,5,BD,7,144,9,clear,False,0.58,2,1,0,227.5,60.3,2,2,62.2
11170,Vande Bharat,2026-03-07,3,5,WR,8,239,10,clear,False,0.59,0,1,0,289.7,62.2,2,1,63.6
11170,Vande Bharat,2026-03-07,3,5,NGP,9,319,11,clear,False,0.66,0,1,0,353.3,63.6,0,0,65.4
19548,Vande Bharat,2026-07-15,7,5,CSMT,0,0,14,heavy_rain,True,0.0,2,0,0,0.0,0.0,0,10,0.0
19548,Vande Bharat,2026-07-15,7,5,DR,1,9,14,heavy_rain,True,0.43,0,0,0,0.0,0.0,2,9,0.8
19548,Vande Bharat,2026-07-15,7,5,TNA,2,34,14,heavy_rain,True,0.38,1,1,0,0.8,0.8,2,8,8.9
19548,Vande Bharat,2026-07-15,7,5,KYN,3,54,15,heavy_rain,True,0.15,1,0,0,9.7,8.9,2,7,9.2
19548,Vande Bharat,2026-07-15,7,5,KJT,4,100,15,heavy_rain,True,0.5,2,0,0,18.9,9.2,2,6,19.9
19548,Vande Bharat,2026-07-15,7,5,LNL,5,128,16,heavy_rain,True,0.38,0,1,0,38.8,19.9,2,5,29.4
19548,Vande Bharat,2026-07-15,7,5,SVJR,6,190,16,heavy_rain,True,0.63,0,1,0,68.2,29.4,2,4,36.8
19548,Vande Bharat,2026-07-15,7,5,PUNE,7,192,16,heavy_rain,True,0.63,0,1,0,105.0,36.8,2,3,37.7
19548,Vande Bharat,2026-07-15,7,5,DD,8,268,17,heavy_rain,True,0.09,0,1,0,142.7,37.7,2,2,50.2
19548,Vande Bharat,2026-07-15,7,5,KWV,9,377,19,heavy_rain,True,0.63,0,1,0,192.9,50.2,2,1,59.4
19548,Vande Bharat,2026-07-15,7,5,SUR,10,455,20,heavy_rain,True,0.51,1,1,0,252.3,59.4,0,0,61.0
22608,Express,2026-07-15,7,5,SUR,0,0,13,heavy_rain,True,0.0,1,0,0,0.0,0.0,0,10,0.0
22608,Express,2026-07-15,7,5,KWV,1,78,14,heavy_rain,True,0.3,1,0,0,0.0,0.0,4,9,0.8
22608,Express,2026-07-15,7,5,DD,2,187,15,heavy_rain,True,0.19,3,0,1,0.8,0.8,4,8,8.6
22608,Express,2026-07-15,7,5,PUNE,3,263,16,heavy_rain,True,0.38,0,0,0,9.4,8.6,4,7,10.0
22608,Express,2026-07-15,7,5,SVJR,4,265,16,heavy_rain,True,0.28,0,0,0,19.4,10.0,4,6,10.2
22608,Express,2026-07-15,7,5,LNL,5,327,17,heavy_rain,True,0.61,3,0,0,29.6,10.2,4,5,23.6
22608,Express,2026-07-15,7,5,KJT,6,355,17,heavy_rain,True,0.69,3,1,0,53.2,23.6,4,4,45.3
22608,Express,2026-07-15,7,5,KYN,7,401,18,heavy_rain,True,0.57,3,1,0,98.5,45.3,4,3,54.3
22608,Express,2026-07-15,7,5,TNA,8,421,18,heavy_rain,True,0.71,2,1,0,152.8,54.3,4,2,63.2
22608,Express,2026-07-15,7,5,DR,9,446,18,heavy_rain,True,0.64,3,1,0,216.0,63.2,4,1,69.1
22608,Express,2026-07-15,7,5,CSMT,10,455,18,heavy_rain,True,0.69,0,1,0,285.1,69.1,0,0,73.4
16467,Mail,2026-07-15,7,5,CSMT,0,0,5,heavy_rain,True,0.0,0,0,0,0.0,0.0,0,8,0.0
16467,Mail,2026-07-15,7,5,DR,1,9,6,heavy_rain,True,0.48,1,0,0,0.0,0.0,6,7,3.9
16467,Mail,2026-07-15,7,5,TNA,2,34,6,heavy_rain,True,0.28,1,0,0,3.9,3.9,6,6,5.4
16467,Mail,2026-07-15,7,5,KYN,3,54,6,heavy_rain,True,0.43,1,0,0,9.3,5.4,6,5,6.5
16467,Mail,2026-07-15,7,5,LNL,4,128,7,heavy_rain,True,0.55,1,0,0,15.8,6.5,6,4,13.6
16467,Mail,2026-07-15,7,5,PUNE,5,192,8,heavy_rain,True,0.95,1,0,0,29.4,13.6,6,3,20.2
16467,Mail,2026-07-15,7,5,MRJ,6,471,11,heavy_rain,True,0.43,0,1,0,49.6,20.2,6,2,28.4
16467,Mail,2026-07-15,7,5,SLI,7,478,11,heavy_rain,True,0.84,0,1,0,78.0,28.4,6,1,37.1
16467,Mail,2026-07-15,7,5,KOP,8,518,12,heavy_rain,True,0.14,0,1,0,115.1,37.1,0,0,39.5
21161,Superfast,2026-07-15,7,5,KOP,0,0,17,heavy_rain,True,0.0,1,1,0,0.0,0.0,0,8,0.0
21161,Superfast,2026-07-15,7,5,SLI,1,40,18,heavy_rain,True,0.35,2,0,0,0.0,0.0,2,7,0.6
21161,Superfast,2026-07-15,7,5,MRJ,2,47,18,heavy_rain,True,0.79,0,0,0,0.6,0.6,2,6,10.4
21161,Superfast,2026-07-15,7,5,PUNE,3,326,21,heavy_rain,True,0.36,2,0,0,11.0,10.4,2,5,14.4
21161,Superfast,2026-07-15,7,5,LNL,4,390,22,heavy_rain,True,0.48,0,0,0,25.4,14.4,2,4,23.6
21161,Superfast,2026-07-15,7,5,KYN,5,464,23,heavy_rain,True,0.19,1,1,0,49.0,23.6,2,3,30.9
21161,Superfast,2026-07-15,7,5,TNA,6,484,23,heavy_rain,True,0.7,3,1,0,79.9,30.9,2,2,44.6
21161,Superfast,2026-07-15,7,5,DR,7,509,23,heavy_rain,True,0.19,2,1,0,124.5,44.6,2,1,46.5
21161,Superfast,2026-07-15,7,5,CSMT,8,518,0,heavy_rain,True,0.17,1,1,0,171.0,46.5,0,0,53.4
18011,Intercity,2026-07-15,7,5,CSMT,0,0,11,heavy_rain,True,0.0,1,1,0,0.0,0.0,0,15,0.0
18011,Intercity,2026-07-15,7,5,DR,1,9,11,heavy_rain,True,0.83,3,0,3,0.0,0.0,4,14,15.1
18011,Intercity,2026-07-15,7,5,TNA,2,34,11,heavy_rain,True,0.23,1,1,0,15.1,15.1,4,13,22.7
18011,Intercity,2026-07-15,7,5,KYN,3,54,11,heavy_rain,True,0.79,0,1,0,37.8,22.7,4,12,37.5
18011,Intercity,2026-07-15,7,5,IGP,4,137,12,heavy_rain,True,0.47,2,1,3,75.3,37.5,4,11,53.8
18011,Intercity,2026-07-15,7,5,NK,5,188,13,heavy_rain,True,0.27,2,1,0,129.1,53.8,4,10,55.8
18011,Intercity,2026-07-15,7,5,MMR,6,261,14,heavy_rain,True,0.22,0,1,0,184.9,55.8,4,9,56.9
18011,Intercity,2026-07-15,7,5,CSN,7,328,15,heavy_rain,True,0.3,1,1,0,241.8,56.9,4,8,56.8
18011,Intercity,2026-07-15,7,5,JL,8,420,16,heavy_rain,True,0.36,1,1,0,298.6,56.8,4,7,61.7
18011,Intercity,2026-07-15,7,5,BSL,9,444,16,heavy_rain,True,0.38,4,1,0,360.3,61.7,4,6,68.5
18011,Intercity,2026-07-15,7,5,MKU,10,494,17,heavy_rain,True,0.31,1,1,0,428.8,68.5,4,5,70.6
18011,Intercity,2026-07-15,7,5,AK,11,583,18,heavy_rain,True,0.07,1,1,0,499.4,70.6,4,4,74.1
18011,Intercity,2026-07-15,7,5,BD,12,662,19,heavy_rain,True,0.95,3,1,2,573.5,74.1,4,3,89.7
18011,Intercity,2026-07-15,7,5,WR,13,757,20,heavy_rain,True,0.8,3,1,0,663.2,89.7,4,2,93.1
18011,Intercity,2026-07-15,7,5,NGP,14,837,21,heavy_rain,True,0.3,2,1,0,756.3,93.1,4,1,89.6
18011,Intercity,2026-07-15,7,5,G,15,967,23,heavy_rain,True,0.37,4,1,1,845.9,89.6,0,0,97.3
16852,Superfast,2026-07-15,7,5,G,0,0,13,heavy_rain,True,0.0,2,0,0,0.0,0.0,0,15,0.0
16852,Superfast,2026-07-15,7,5,NGP,1,130,15,heavy_rain,True,0.28,0,0,0,0.0,0.0,2,14,0.9
16852,Superfast,2026-07-15,7,5,WR,2,210,16,heavy_rain,True,0.36,1,0,0,0.9,0.9,2,13,1.8
16852,Superfast,2026-07-15,7,5,BD,3,305,17,heavy_rain,True,1.0,3,0,2,2.7,1.8,2,12,19.4
16852,Superfast,2026-07-15,7,5,AK,4,384,18,heavy_rain,True,0.42,1,1,0,22.1,19.4,2,11,27.4
16852,Superfast,2026-07-15,7,5,MKU,5,473,19,heavy_rain,True,0.43,1,1,0,49.5,27.4,2,10,36.1
16852,Superfast,2026-07-15,7,5,BSL,6,523,20,heavy_rain,True,0.51,2,1,0,85.6,36.1,2,9,42.3
16852,Superfast,2026-07-15,7,5,JL,7,547,20,heavy_rain,True,0.67,1,1,0,127.9,42.3,2,8,49.7
16852,Superfast,2026-07-15,7,5,CSN,8,639,21,heavy_rain,True,0.48,1,1,0,177.6,49.7,2,7,60.4
16852,Superfast,2026-07-15,7,5,MMR,9,706,22,heavy_rain,True,0.49,1,1,0,238.0,60.4,2,6,59.3
16852,Superfast,2026-07-15,7,5,NK,10,779,23,heavy_rain,True,0.22,1,1,0,297.3,59.3,2,5,56.9
16852,Superfast,2026-07-15,7,5,IGP,11,830,0,heavy_rain,True,0.21,1,1,0,354.2,56.9,2,4,63.9
16852,Superfast,2026-07-15,7,5,KYN,12,913,1,heavy_rain,True,0.25,2,1,3,418.1,63.9,2,3,75.3
16852,Superfast,2026-07-15,7,5,TNA,13,933,1,heavy_rain,True,0.25,1,1,0,493.4,75.3,2,2,71.9
16852,Superfast,2026-07-15,7,5,DR,14,958,1,heavy_rain,True,0.26,1,1,0,565.3,71.9,2,1,71.4
16852,Superfast,2026-07-15,7,5,CSMT,15,967,2,heavy_rain,True,0.61,4,1,1,636.7,71.4,0,0,74.3
18976,Express,2026-07-15,7,5,CSMT,0,0,10,heavy_rain,True,0.0,0,1,0,0.0,0.0,0,9,0.0
18976,Express,2026-07-15,7,5,DR,1,9,10,heavy_rain,True,0.54,1,1,0,0.0,0.0,4,8,8.3
18976,Express,2026-07-15,7,5,TNA,2,34,10,heavy_rain,True,0.91,1,0,0,8.3,8.3,4,7,20.7
18976,Express,2026-07-15,7,5,KYN,3,54,10,heavy_rain,True,0.21,2,1,0,29.0,20.7,4,6,28.2
18976,Express,2026-07-15,7,5,IGP,4,137,11,heavy_rain,True,0.39,1,1,0,57.2,28.2,4,5,41.5
18976,Express,2026-07-15,7,5,NK,5,188,12,heavy_rain,True,0.31,3,1,1,98.7,41.5,4,4,51.2
18976,Express,2026-07-15,7,5,MMR,6,261,13,heavy_rain,True,0.36,0,1,0,149.9,51.2,4,3,52.8
18976,Express,2026-07-15,7,5,AWB,7,375,14,heavy_rain,True,0.36,1,1,0,202.7,52.8,4,2,54.0
18976,Express,2026-07-15,7,5,J,8,438,15,heavy_rain,True,0.63,0,1,0,256.7,54.0,4,1,52.0
18976,Express,2026-07-15,7,5,NED,9,609,17,heavy_rain,True,0.97,0,1,0,308.7,52.0,0,0,61.0
16810,Intercity,2026-07-15,7,5,NED,0,0,9,heavy_rain,True,0.0,1,0,0,0.0,0.0,0,9,0.0
16810,Intercity,2026-07-15,7,5,J,1,171,11,heavy_rain,True,0.58,3,0,0,0.0,0.0,4,8,6.9
16810,Intercity,2026-07-15,7,5,AWB,2,234,12,heavy_rain,True,0.46,0,0,0,6.9,6.9,4,7,8.2
16810,Intercity,2026-07-15,7,5,MMR,3,348,13,heavy_rain,True,0.45,3,0,0,15.1,8.2,4,6,13.1
16810,Intercity,2026-07-15,7,5,NK,4,421,14,heavy_rain,True,0.41,2,0,0,28.2,13.1,4,5,12.3
16810,Intercity,2026-07-15,7,5,IGP,5,472,15,heavy_rain,True,0.19,0,0,0,40.5,12.3,4,4,19.6
16810,Intercity,2026-07-15,7,5,KYN,6,555,16,heavy_rain,True,0.07,1,1,0,60.1,19.6,4,3,26.6
16810,Intercity,2026-07-15,7,5,TNA,7,575,16,heavy_rain,True,0.24,1,1,0,86.7,26.6,4,2,27.6
16810,Intercity,2026-07-15,7,5,DR,8,600,16,heavy_rain,True,0.43,2,1,0,114.3,27.6,4,1,31.8
16810,Intercity,2026-07-15,7,5,CSMT,9,609,17,heavy_rain,True,0.41,1,1,0,146.1,31.8,0,0,37.1
22225,Mail,2026-07-15,7,5,CSMT,0,0,17,heavy_rain,True,0.0,1,0,0,0.0,0.0,0,5,0.0
22225,Mail,2026-07-15,7,5,DR,1,9,17,heavy_rain,True,0.66,0,0,0,0.0,0.0,6,4,5.9
22225,Mail,2026-07-15,7,5,TNA,2,34,18,heavy_rain,True,0.53,4,0,1,5.9,5.9,6,3,17.3
22225,Mail,2026-07-15,7,5,PNVL,3,69,18,heavy_rain,True,0.71,1,1,0,23.2,17.3,6,2,35.5
22225,Mail,2026-07-15,7,5,RN,4,307,21,heavy_rain,True,0.37,0,1,0,58.7,35.5,6,1,40.8
22225,Mail,2026-07-15,7,5,SWV,5,495,0,heavy_rain,True,0.32,0,1,0,99.5,40.8,0,0,43.3
15806,Mail,2026-07-15,7,5,SWV,0,0,5,heavy_rain,True,0.0,0,0,0,0.0,0.0,0,5,0.0
15806,Mail,2026-07-15,7,5,RN,1,188,8,heavy_rain,True,0.67,2,0,1,0.0,0.0,6,4,7.2
15806,Mail,2026-07-15,7,5,PNVL,2,426,11,heavy_rain,True,0.31,0,0,0,7.2,7.2,6,3,11.1
15806,Mail,2026-07-15,7,5,TNA,3,461,11,heavy_rain,True,0.47,4,1,0,18.3,11.1,6,2,18.2
15806,Mail,2026-07-15,7,5,DR,4,486,12,heavy_rain,True,0.61,2,1,1,36.5,18.2,6,1,26.0
15806,Mail,2026-07-15,7,5,CSMT,5,495,12,heavy_rain,True,0.44,3,1,0,62.5,26.0,0,0,36.3
22746,Mail,2026-07-15,7,5,PUNE,0,0,5,heavy_rain,True,0.0,0,0,0,0.0,0.0,0,7,0.0
22746,Mail,2026-07-15,7,5,DD,1,76,6,heavy_rain,True,0.18,0,0,0,0.0,0.0,6,6,1.5
22746,Mail,2026-07-15,7,5,MMR,2,69,6,heavy_rain,True,0.43,3,0,0,1.5,1.5,6,5,8.3
22746,Mail,2026-07-15,7,5,BSL,3,252,9,heavy_rain,True,0.43,4,1,0,9.8,8.3,6,4,26.8
22746,Mail,2026-07-15,7,5,AK,4,391,10,heavy_rain,True,0.4,2,1,0,36.6,26.8,6,3,37.8
22746,Mail,2026-07-15,7,5,BD,5,470,11,heavy_rain,True,0.54,1,1,0,74.4,37.8,6,2,43.4
22746,Mail,2026-07-15,7,5,WR,6,565,13,heavy_rain,True,0.23,0,1,0,117.8,43.4,6,1,43.6
22746,Mail,2026-07-15,7,5,NGP,7,645,14,heavy_rain,True,0.07,1,1,0,161.4,43.6,0,0,48.0
17401,Intercity,2026-07-15,7,5,NGP,0,0,6,heavy_rain,True,0.0,1,0,0,0.0,0.0,0,7,0.0
17401,Intercity,2026-07-15,7,5,WR,1,80,7,heavy_rain,True,0.61,2,0,1,0.0,0.0,4,6,2.2
17401,Intercity,2026-07-15,7,5,BD,2,175,8,heavy_rain,True,0.35,2,0,1,2.2,2.2,4,5,11.3
17401,Intercity,2026-07-15,7,5,AK,3,254,9,heavy_rain,True,0.6,1,0,0,13.5,11.3,4,4,14.5
17401,Intercity,2026-07-15,7,5,BSL,4,393,10,heavy_rain,True,0.52,0,0,0,28.0,14.5,4,3,16.8
17401,Intercity,2026-07-15,7,5,MMR,5,576,13,heavy_rain,True,0.49,2,1,1,44.8,16.8,4,2,30.7
17401,Intercity,2026-07-15,7,5,DD,6,569,13,heavy_rain,True,0.59,1,1,0,75.5,30.7,4,1,34.2
17401,Intercity,2026-07-15,7,5,PUNE,7,645,14,heavy_rain,True,0.61,1,1,0,109.7,34.2,0,0,40.7
19076,Mail,2026-07-15,7,5,NGP,0,0,11,heavy_rain,True,0.0,1,0,0,0.0,0.0,0,9,0.0
19076,Mail,2026-07-15,7,5,WR,1,80,12,heavy_rain,True,0.28,2,1,0,0.0,0.0,6,8,5.1
19076,Mail,2026-07-15,7,5,BD,2,175,13,heavy_rain,True,0.25,0,0,0,5.1,5.1,6,7,5.7
19076,Mail,2026-07-15,7,5,AK,3,254,14,heavy_rain,True,0.52,1,1,0,10.8,5.7,6,6,11.8
19076,Mail,2026-07-15,7,5,BSL,4,393,16,heavy_rain,True,0.39,2,0,0,22.6,11.8,6,5,11.3
19076,Mail,2026-07-15,7,5,MMR,5,576,18,heavy_rain,True,0.31,3,0,0,33.9,11.3,6,4,20.0
19076,Mail,2026-07-15,7,5,DD,6,569,18,heavy_rain,True,0.4,3,1,0,53.9,20.0,6,3,33.1
19076,Mail,2026-07-15,7,5,PUNE,7,645,19,heavy_rain,True,0.16,0,1,0,87.0,33.1,6,2,42.7
19076,Mail,2026-07-15,7,5,MRJ,8,366,16,heavy_rain,True,0.64,3,1,2,129.7,42.7,6,1,52.4
19076,Mail,2026-07-15,7,5,KOP,9,319,15,heavy_rain,True,0.26,1,1,0,182.1,52.4,0,0,54.4
21746,Superfast,2026-07-15,7,5,KOP,0,0,7,heavy_rain,True,0.0,1,0,0,0.0,0.0,0,9,0.0
21746,Superfast,2026-07-15,7,5,MRJ,1,47,8,heavy_rain,True,0.49,0,0,0,0.0,0.0,2,8,5.9
21746,Superfast,2026-07-15,7,5,PUNE,2,326,11,heavy_rain,True,0.95,2,0,0,5.9,5.9,2,7,17.9
21746,Superfast,2026-07-15,7,5,DD,3,250,10,heavy_rain,True,0.81,2,1,3,23.8,17.9,2,6,37.1
21746,Superfast,2026-07-15,7,5,MMR,4,257,10,heavy_rain,True,0.53,1,1,0,60.9,37.1,2,5,46.1
21746,Superfast,2026-07-15,7,5,BSL,5,74,8,heavy_rain,True,0.84,2,1,1,107.0,46.1,2,4,58.8
21746,Superfast,2026-07-15,7,5,AK,6,65,8,heavy_rain,True,0.79,1,1,0,165.8,58.8,2,3,71.2
21746,Superfast,2026-07-15,7,5,BD,7,144,9,heavy_rain,True,0.66,1,1,0,237.0,71.2,2,2,77.6
21746,Superfast,2026-07-15,7,5,WR,8,239,10,heavy_rain,True,0.68,1,1,0,314.6,77.6,2,1,78.5
21746,Superfast,2026-07-15,7,5,NGP,9,319,11,heavy_rain,True,0.4,0,1,0,393.1,78.5,0,0,83.0
21899,Vande Bharat,2026-12-08,12,1,CSMT,0,0,6,clear,False,0.0,1,0,0,0.0,0.0,0,10,0.0
21899,Vande Bharat,2026-12-08,12,1,DR,1,9,7,clear,False,0.32,2,0,0,0.0,0.0,2,9,2.3
21899,Vande Bharat,2026-12-08,12,1,TNA,2,34,7,clear,False,0.23,3,1,2,2.3,2.3,2,8,16.4
21899,Vande Bharat,2026-12-08,12,1,KYN,3,54,7,clear,False,0.73,2,1,0,18.7,16.4,2,7,23.5
21899,Vande Bharat,2026-12-08,12,1,KJT,4,100,8,clear,False,0.33,1,1,0,42.2,23.5,2,6,29.7
21899,Vande Bharat,2026-12-08,12,1,LNL,5,128,8,clear,False,0.53,2,1,1,71.9,29.7,2,5,42.8
21899,Vande Bharat,2026-12-08,12,1,SVJR,6,190,9,clear,False,0.14,1,1,0,114.7,42.8,2,4,52.7
21899,Vande Bharat,2026-12-08,12,1,PUNE,7,192,9,clear,False,0.59,3,1,1,167.4,52.7,2,3,61.3
21899,Vande Bharat,2026-12-08,12,1,DD,8,268,10,clear,False,0.53,1,1,0,228.7,61.3,2,2,64.9
21899,Vande Bharat,2026-12-08,12,1,KWV,9,377,11,clear,False,0.27,1,1,0,293.6,64.9,2,1,68.6
21899,Vande Bharat,2026-12-08,12,1,SUR,10,455,12,clear,False,0.28,1,1,0,362.2,68.6,0,0,65.7
14694,Express,2026-12-08,12,1,SUR,0,0,8,clear,False,0.0,2,0,0,0.0,0.0,0,10,0.0
14694,Express,2026-12-08,12,1,KWV,1,78,9,clear,False,0.48,1,0,0,0.0,0.0,4,9,5.0
14694,Express,2026-12-08,12,1,DD,2,187,10,clear,False,0.31,0,0,0,5.0,5.0,4,8,9.3
14694,Express,2026-12-08,12,1,PUNE,3,263,11,clear,False,0.83,3,0,0,14.3,9.3,4,7,20.7
14694,Express,2026-12-08,12,1,SVJR,4,265,11,clear,False,0.3,1,1,0,35.0,20.7,4,6,26.1
14694,Express,2026-12-08,12,1,LNL,5,327,12,clear,False,0.11,0,1,0,61.1,26.1,4,5,28.8
14694,Express,2026-12-08,12,1,KJT,6,355,13,clear,False,0.44,3,1,0,89.9,28.8,4,4,37.2
14694,Express,2026-12-08,12,1,KYN,7,401,13,clear,False,0.04,2,1,0,127.1,37.2,4,3,40.6
14694,Express,2026-12-08,12,1,TNA,8,421,13,clear,False,0.15,1,1,0,167.7,40.6,4,2,42.2
14694,Express,2026-12-08,12,1,DR,9,446,14,clear,False,0.25,1,1,0,209.9,42.2,4,1,42.2
14694,Express,2026-12-08,12,1,CSMT,10,455,14,clear,False,0.21,0,1,0,252.1,42.2,0,0,42.7
12161,Intercity,2026-12-08,12,1,CSMT,0,0,15,clear,False,0.0,1,1,0,0.0,0.0,0,8,0.0
12161,Intercity,2026-12-08,12,1,DR,1,9,15,clear,False,0.61,0,0,0,0.0,0.0,4,7,0.8
12161,Intercity,2026-12-08,12,1,TNA,2,34,15,clear,False,0.57,0,0,0,0.8,0.8,4,6,2.7
12161,Intercity,2026-12-08,12,1,KYN,3,54,15,clear,False,0.63,1,0,0,3.5,2.7,4,5,5.3
12161,Intercity,2026-12-08,12,1,LNL,4,128,16,clear,False,0.5,1,0,0,8.8,5.3,4,4,5.2
12161,Intercity,2026-12-08,12,1,PUNE,5,192,17,clear,False,0.56,3,1,0,14.0,5.2,4,3,14.7
12161,Intercity,2026-12-08,12,1,MRJ,6,471,21,clear,False,0.17,1,0,0,28.7,14.7,4,2,18.7
12161,Intercity,2026-12-08,12,1,SLI,7,478,21,clear,False,0.77,1,1,0,47.4,18.7,4,1,32.6
12161,Intercity,2026-12-08,12,1,KOP,8,518,21,clear,False,0.68,1,1,0,80.0,32.6,0,0,36.5
22428,Mail,2026-12-08,12,1,KOP,0,0,21,clear,False,0.0,3,0,1,0.0,0.0,0,8,3.9
22428,Mail,2026-12-08,12,1,SLI,1,40,21,clear,False,1.0,1,1,0,3.9,3.9,6,7,20.1
22428,Mail,2026-12-08,12,1,MRJ,2,47,21,clear,False,0.39,3,1,0,24.0,20.1,6,6,35.9
22428,Mail,2026-12-08,12,1,PUNE,3,326,1,clear,False,0.33,2,1,1,59.9,35.9,6,5,44.7
22428,Mail,2026-12-08,12,1,LNL,4,390,1,clear,False,0.41,3,1,0,104.6,44.7,6,4,48.4
22428,Mail,2026-12-08,12,1,KYN,5,464,2,clear,False,0.55,2,1,1,153.0,48.4,6,3,50.3
22428,Mail,2026-12-08,12,1,TNA,6,484,3,clear,False,0.23,2,1,0,203.3,50.3,6,2,51.4
22428,Mail,2026-12-08,12,1,DR,7,509,3,clear,False,0.3,0,1,0,254.7,51.4,6,1,56.2
22428,Mail,2026-12-08,12,1,CSMT,8,518,3,clear,False,0.33,2,1,2,310.9,56.2,0,0,58.5
13121,Intercity,2026-12-08,12,1,CSMT,0,0,9,clear,False,0.0,1,0,0,0.0,0.0,0,15,0.0
13121,Intercity,2026-12-08,12,1,DR,1,9,9,clear,False,0.82,1,0,0,0.0,0.0,4,14,24.3
13121,Intercity,2026-12-08,12,1,TNA,2,34,10,clear,False,0.51,3,1,2,24.3,24.3,4,13,42.0
13121,Intercity,2026-12-08,12,1,KYN,3,54,10,clear,False,0.49,0,1,0,66.3,42.0,4,12,51.7
13121,Intercity,2026-12-08,12,1,IGP,4,137,11,clear,False,0.92,0,1,0,118.0,51.7,4,11,57.5
13121,Intercity,2026-12-08,12,1,NK,5,188,12,clear,False,0.37,1,1,0,175.5,57.5,4,10,62.6
13121,Intercity,2026-12-08,12,1,MMR,6,261,13,clear,False,0.27,0,1,0,238.1,62.6,4,9,66.0
13121,Intercity,2026-12-08,12,1,CSN,7,328,13,clear,False,0.63,1,1,0,304.1,66.0,4,8,69.2
13121,Intercity,2026-12-08,12,1,JL,8,420,15,clear,False,0.56,0,1,0,373.3,69.2,4,7,65.5
13121,Intercity,2026-12-08,12,1,BSL,9,444,15,clear,False,0.31,1,1,0,438.8,65.5,4,6,63.0
13121,Intercity,2026-12-08,12,1,MKU,10,494,16,clear,False,0.51,0,1,0,501.8,63.0,4,5,66.7
13121,Intercity,2026-12-08,12,1,AK,11,583,17,clear,False,0.65,3,1,0,568.5,66.7,4,4,70.3
13121,Intercity,2026-12-08,12,1,BD,12,662,18,clear,False,0.24,3,1,0,638.8,70.3,4,3,81.6
13121,Intercity,2026-12-08,12,1,WR,13,757,19,clear,False,0.47,0,1,0,720.4,81.6,4,2,87.2
13121,Intercity,2026-12-08,12,1,NGP,14,837,20,clear,False,0.52,2,1,0,807.6,87.2,4,1,87.1
13121,Intercity,2026-12-08,12,1,G,15,967,21,clear,False,0.43,0,1,0,894.7,87.1,0,0,85.1
11931,Superfast,2026-12-08,12,1,G,0,0,6,clear,False,0.0,0,1,0,0.0,0.0,0,15,0.0
11931,Superfast,2026-12-08,12,1,NGP,1,130,8,clear,False,0.68,2,0,0,0.0,0.0,2,14,5.0
11931,Superfast,2026-12-08,12,1,WR,2,210,9,clear,False,0.62,1,0,0,5.0,5.0,2,13,9.8
11931,Superfast,2026-12-08,12,1,BD,3,305,10,clear,False,0.85,0,1,0,14.8,9.8,2,12,22.9
11931,Superfast,2026-12-08,12,1,AK,4,384,11,clear,False,0.57,1,1,0,37.7,22.9,2,11,32.3
11931,Superfast,2026-12-08,12,1,MKU,5,473,12,clear,False,0.18,1,1,0,70.0,32.3,2,10,35.7
11931,Superfast,2026-12-08,12,1,BSL,6,523,12,clear,False,0.35,1,1,0,105.7,35.7,2,9,40.3
11931,Superfast,2026-12-08,12,1,JL,7,547,13,clear,False,0.12,0,1,0,146.0,40.3,2,8,41.9
11931,Superfast,2026-12-08,12,1,CSN,8,639,14,clear,False,0.58,3,1,0,187.9,41.9,2,7,48.8
11931,Superfast,2026-12-08,12,1,MMR,9,706,15,clear,False,0.45,2,1,0,236.7,48.8,2,6,51.5
11931,Superfast,2026-12-08,12,1,NK,10,779,16,clear,False,0.54,2,1,0,288.2,51.5,2,5,58.0
11931,Superfast,2026-12-08,12,1,IGP,11,830,16,clear,False,0.49,3,1,1,346.2,58.0,2,4,67.7
11931,Superfast,2026-12-08,12,1,KYN,12,913,17,clear,False,0.42,1,1,0,413.9,67.7,2,3,68.3
11931,Superfast,2026-12-08,12,1,TNA,13,933,18,clear,False,0.91,0,1,0,482.2,68.3,2,2,74.5
11931,Superfast,2026-12-08,12,1,DR,14,958,18,clear,False,0.17,0,1,0,556.7,74.5,2,1,75.3
11931,Superfast,2026-12-08,12,1,CSMT,15,967,18,clear,False,0.17,0,1,0,632.0,75.3,0,0,78.2
11587,Superfast,2026-12-08,12,1,CSMT,0,0,22,clear,False,0.0,1,0,0,0.0,0.0,0,9,6.9
11587,Superfast,2026-12-08,12,1,DR,1,9,22,clear,False,0.51,1,1,0,6.9,6.9,2,8,14.4
11587,Superfast,2026-12-08,12,1,TNA,2,34,23,clear,False,0.54,1,0,0,21.3,14.4,2,7,13.5
11587,Superfast,2026-12-08,12,1,KYN,3,54,23,clear,False,0.27,2,1,0,34.8,13.5,2,6,22.3
11587,Superfast,2026-12-08,12,1,IGP,4,137,0,clear,False,0.38,1,1,0,57.1,22.3,2,5,27.8
11587,Superfast,2026-12-08,12,1,NK,5,188,0,clear,False,0.24,3,1,0,84.9,27.8,2,4,37.0
11587,Superfast,2026-12-08,12,1,MMR,6,261,1,clear,False,0.33,0,1,0,121.9,37.0,2,3,43.8
11587,Superfast,2026-12-08,12,1,AWB,7,375,3,clear,False,0.54,1,1,0,165.7,43.8,2,2,46.1
11587,Superfast,2026-12-08,12,1,J,8,438,4,clear,False,0.65,1,1,0,211.8,46.1,2,1,48.0
11587,Superfast,2026-12-08,12,1,NED,9,609,6,clear,False,0.19,1,1,0,259.8,48.0,0,0,47.8
16508,Mail,2026-12-08,12,1,NED,0,0,21,clear,False,0.0,2,0,1,0.0,0.0,0,9,0.0
16508,Mail,2026-12-08,12,1,J,1,171,23,clear,False,0.12,2,0,0,0.0,0.0,6,8,0.2
16508,Mail,2026-12-08,12,1,AWB,2,234,0,clear,False,0.12,2,0,0,0.2,0.2,6,7,2.0
16508,Mail,2026-12-08,12,1,MMR,3,348,1,clear,False,0.54,0,0,0,2.2,2.0,6,6,2.5
16508,Mail,2026-12-08,12,1,NK,4,421,2,clear,False,0.53,2,0,2,4.7,2.5,6,5,8.8
16508,Mail,2026-12-08,12,1,IGP,5,472,3,clear,False,0.21,3,0,0,13.5,8.8,6,4,11.7
16508,Mail,2026-12-08,12,1,KYN,6,555,4,clear,False,0.36,1,0,0,25.2,11.7,6,3,10.9
16508,Mail,2026-12-08,12,1,TNA,7,575,4,clear,False,0.26,0,0,0,36.1,10.9,6,2,11.0
16508,Mail,2026-12-08,12,1,DR,8,600,5,clear,False,0.38,2,0,0,47.1,11.0,6,1,17.8
16508,Mail,2026-12-08,12,1,CSMT,9,609,5,clear,False,0.11,0,1,0,64.9,17.8,0,0,21.1
12401,Express,2026-12-08,12,1,CSMT,0,0,22,clear,False,0.0,1,0,0,0.0,0.0,0,5,13.7
12401,Express,2026-12-08,12,1,DR,1,9,23,clear,False,0.33,1,0,0,13.7,13.7,4,4,15.2
12401,Express,2026-12-08,12,1,TNA,2,34,23,clear,False,0.41,1,1,0,28.9,15.2,4,3,18.6
12401,Express,2026-12-08,12,1,PNVL,3,69,23,clear,False,0.23,2,1,0,47.5,18.6,4,2,29.3
12401,Express,2026-12-08,12,1,RN,4,307,2,clear,False,0.35,2,1,1,76.8,29.3,4,1,34.6
12401,Express,2026-12-08,12,1,SWV,5,495,5,clear,False,0.43,1,1,0,111.4,34.6,0,0,35.5
18642,Vande Bharat,2026-12-08,12,1,SWV,0,0,5,clear,False,0.0,1,0,0,0.0,0.0,0,5,0.0
18642,Vande Bharat,2026-12-08,12,1,RN,1,188,8,clear,False,1.0,1,1,0,0.0,0.0,2,4,17.2
18642,Vande Bharat,2026-12-08,12,1,PNVL,2,426,10,clear,False,0.36,3,1,3,17.2,17.2,2,3,36.2
18642,Vande Bharat,2026-12-08,12,1,TNA,3,461,11,clear,False,0.25,1,1,0,53.4,36.2,2,2,41.3
18642,Vande Bharat,2026-12-08,12,1,DR,4,486,11,clear,False,0.39,2,1,0,94.7,41.3,2,1,43.8
18642,Vande Bharat,2026-12-08,12,1,CSMT,5,495,11,clear,False,0.41,0,1,0,138.5,43.8,0,0,48.6
21747,Mail,2026-12-08,12,1,PUNE,0,0,5,clear,False,0.0,0,0,0,0.0,0.0,0,7,0.0
21747,Mail,2026-12-08,12,1,DD,1,76,6,clear,False,0.11,1,1,0,0.0,0.0,6,6,4.1
21747,Mail,2026-12-08,12,1,MMR,2,69,6,clear,False,0.14,2,1,1,4.1,4.1,6,5,14.9
21747,Mail,2026-12-08,12,1,BSL,3,252,9,clear,False,0.89,1,0,0,19.0,14.9,6,4,23.2
21747,Mail,2026-12-08,12,1,AK,4,391,10,clear,False,0.73,2,1,0,42.2,23.2,6,3,43.5
21747,Mail,2026-12-08,12,1,BD,5,470,11,clear,False,0.4,2,1,0,85.7,43.5,6,2,45.5
21747,Mail,2026-12-08,12,1,WR,6,565,12,clear,False,0.6,0,1,0,131.2,45.5,6,1,46.9
21747,Mail,2026-12-08,12,1,NGP,7,645,13,clear,False,0.78,1,1,0,178.1,46.9,0,0,48.8
20344,Express,2026-12-08,12,1,NGP,0,0,11,clear,False,0.0,1,0,0,0.0,0.0,0,7,0.0
20344,Express,2026-12-08,12,1,WR,1,80,12,clear,False,0.22,0,0,0,0.0,0.0,4,6,1.0
20344,Express,2026-12-08,12,1,BD,2,175,13,clear,False,0.22,2,0,0,1.0,1.0,4,5,1.9
20344,Express,2026-12-08,12,1,AK,3,254,14,clear,False,0.17,2,0,3,2.9,1.9,4,4,11.5
20344,Express,2026-12-08,12,1,BSL,4,393,16,clear,False,0.35,1,1,0,14.4,11.5,4,3,19.4
20344,Express,2026-12-08,12,1,MMR,5,576,18,clear,False,0.18,0,1,0,33.8,19.4,4,2,24.8
20344,Express,2026-12-08,12,1,DD,6,569,18,clear,False,0.32,3,1,1,58.6,24.8,4,1,39.9
20344,Express,2026-12-08,12,1,PUNE,7,645,19,clear,False,0.41,2,1,1,98.5,39.9,0,0,48.7
20527,Mail,2026-12-08,12,1,NGP,0,0,17,clear,False,0.0,1,0,0,0.0,0.0,0,9,0.0
20527,Mail,2026-12-08,12,1,WR,1,80,18,clear,False,0.18,0,0,0,0.0,0.0,6,8,5.3
20527,Mail,2026-12-08,12,1,BD,2,175,20,clear,False,0.26,1,0,0,5.3,5.3,6,7,7.9
20527,Mail,2026-12-08,12,1,AK,3,254,21,clear,False,0.08,4,0,0,13.2,7.9,6,6,18.5
20527,Mail,2026-12-08,12,1,BSL,4,393,22,clear,False,0.32,4,1,1,31.7,18.5,6,5,35.6
20527,Mail,2026-12-08,12,1,MMR,5,576,1,clear,False,0.4,1,1,0,67.3,35.6,6,4,40.6
20527,Mail,2026-12-08,12,1,DD,6,569,0,clear,False,0.51,3,1,1,107.9,40.6,6,3,53.7
20527,Mail,2026-12-08,12,1,PUNE,7,645,1,clear,False,0.43,2,1,0,161.6,53.7,6,2,52.6
20527,Mail,2026-12-08,12,1,MRJ,8,366,22,clear,False,0.22,0,1,0,214.2,52.6,6,1,55.4
20527,Mail,2026-12-08,12,1,KOP,9,319,21,clear,False,0.29,3,1,1,269.6,55.4,0,0,67.1
14782,Express,2026-12-08,12,1,KOP,0,0,13,clear,False,0.0,0,0,0,0.0,0.0,0,9,0.0
14782,Express,2026-12-08,12,1,MRJ,1,47,13,clear,False,0.19,3,0,0,0.0,0.0,4,8,6.3
14782,Express,2026-12-08,12,1,PUNE,2,326,17,clear,False,0.58,1,0,0,6.3,6.3,4,7,10.5
14782,Express,2026-12-08,12,1,DD,3,250,16,clear,False,0.48,2,0,0,16.8,10.5,4,6,9.8
14782,Express,2026-12-08,12,1,MMR,4,257,16,clear,False,0.34,1,0,0,26.6,9.8,4,5,10.9
14782,Express,2026-12-08,12,1,BSL,5,74,14,clear,False,0.68,2,1,0,37.5,10.9,4,4,15.8
14782,Express,2026-12-08,12,1,AK,6,65,14,clear,False,0.63,2,1,0,53.3,15.8,4,3,22.4
14782,Express,2026-12-08,12,1,BD,7,144,15,clear,False,0.3,0,1,0,75.7,22.4,4,2,28.6
14782,Express,2026-12-08,12,1,WR,8,239,16,clear,False,0.43,1,1,0,104.3,28.6,4,1,31.9
14782,Express,2026-12-08,12,1,NGP,9,319,17,clear,False,0.4,0,1,0,136.2,31.9,0,0,39.0
13947,Superfast,2026-03-16,3,4,CSMT,0,0,20,clear,False,0.0,1,0,0,0.0,0.0,0,10,0.0
13947,Superfast,2026-03-16,3,4,DR,1,9,20,clear,False,0.2,1,1,0,0.0,0.0,2,9,11.7
13947,Superfast,2026-03-16,3,4,TNA,2,34,21,clear,False,0.8,3,0,0,11.7,11.7,2,8,43.5
13947,Superfast,2026-03-16,3,4,KYN,3,54,21,clear,False,0.43,0,1,0,55.2,43.5,2,7,50.2
13947,Superfast,2026-03-16,3,4,KJT,4,100,22,clear,False,0.38,1,1,0,105.4,50.2,2,6,53.2
13947,Superfast,2026-03-16,3,4,LNL,5,128,22,clear,False,0.53,1,1,0,158.6,53.2,2,5,63.1
13947,Superfast,2026-03-16,3,4,SVJR,6,190,23,clear,False,0.31,0,1,0,221.7,63.1,2,4,59.8
13947,Superfast,2026-03-16,3,4,PUNE,7,192,23,clear,False,0.53,0,1,0,281.5,59.8,2,3,62.5
13947,Superfast,2026-03-16,3,4,DD,8,268,0,clear,False,0.3,1,1,0,344.0,62.5,2,2,59.6
13947,Superfast,2026-03-16,3,4,KWV,9,377,1,clear,False,0.2,1,1,0,403.6,59.6,2,1,59.7
13947,Superfast,2026-03-16,3,4,SUR,10,455,2,clear,False,0.38,0,1,0,463.3,59.7,0,0,58.2
16815,Vande Bharat,2026-03-16,3,4,SUR,0,0,22,clear,False,0.0,1,0,0,0.0,0.0,0,10,0.0
16815,Vande Bharat,2026-03-16,3,4,KWV,1,78,23,clear,False,0.14,2,0,1,0.0,0.0,2,9,6.7
16815,Vande Bharat,2026-03-16,3,4,DD,2,187,0,clear,False,0.43,2,0,1,6.7,6.7,2,8,9.1
16815,Vande Bharat,2026-03-16,3,4,PUNE,3,263,1,clear,False,0.55,1,1,0,15.8,9.1,2,7,13.8
16815,Vande Bharat,2026-03-16,3,4,SVJR,4,265,1,clear,False,0.57,0,0,0,29.6,13.8,2,6,16.4
16815,Vande Bharat,2026-03-16,3,4,LNL,5,327,2,clear,False,0.35,2,1,0,46.0,16.4,2,5,21.0
16815,Vande Bharat,2026-03-16,3,4,KJT,6,355,2,clear,False,0.12,0,1,0,67.0,21.0,2,4,28.1
16815,Vande Bharat,2026-03-16,3,4,KYN,7,401,3,clear,False,0.04,1,1,0,95.1,28.1,2,3,33.7
16815,Vande Bharat,2026-03-16,3,4,TNA,8,421,3,clear,False,0.2,0,1,0,128.8,33.7,2,2,35.2
16815,Vande Bharat,2026-03-16,3,4,DR,9,446,3,clear,False,0.22,0,1,0,164.0,35.2,2,1,40.5
16815,Vande Bharat,2026-03-16,3,4,CSMT,10,455,3,clear,False,0.63,1,1,0,204.5,40.5,0,0,44.4
15673,Intercity,2026-03-16,3,4,CSMT,0,0,10,clear,False,0.0,0,1,0,0.0,0.0,0,8,0.0
15673,Intercity,2026-03-16,3,4,DR,1,9,10,clear,False,0.41,2,0,0,0.0,0.0,4,7,4.4
15673,Intercity,2026-03-16,3,4,TNA,2,34,11,clear,False,0.67,1,0,0,4.4,4.4,4,6,5.3
15673,Intercity,2026-03-16,3,4,KYN,3,54,11,clear,False,0.54,1,1,0,9.7,5.3,4,5,19.1
15673,Intercity,2026-03-16,3,4,LNL,4,128,12,clear,False,0.11,1,1,0,28.8,19.1,4,4,22.5
15673,Intercity,2026-03-16,3,4,PUNE,5,192,13,clear,False,0.2,1,1,0,51.3,22.5,4,3,26.8
15673,Intercity,2026-03-16,3,4,MRJ,6,471,16,clear,False,0.26,3,1,2,78.1,26.8,4,2,45.0
15673,Intercity,2026-03-16,3,4,SLI,7,478,16,clear,False,0.24,4,1,2,123.1,45.0,4,1,56.8
15673,Intercity,2026-03-16,3,4,KOP,8,518,17,clear,False,0.49,2,1,0,179.9,56.8,0,0,59.7
13766,Mail,2026-03-16,3,4,KOP,0,0,5,clear,False,0.0,4,0,1,0.0,0.0,0,8,13.7
13766,Mail,2026-03-16,3,4,SLI,1,40,5,clear,False,0.24,2,1,0,13.7,13.7,6,7,22.7
13766,Mail,2026-03-16,3,4,MRJ,2,47,6,clear,False,0.31,3,1,1,36.4,22.7,6,6,32.8
13766,Mail,2026-03-16,3,4,PUNE,3,326,9,clear,False,0.67,1,1,0,69.2,32.8,6,5,40.5
13766,Mail,2026-03-16,3,4,LNL,4,390,10,clear,False,0.13,1,1,0,109.7,40.5,6,4,45.5
13766,Mail,2026-03-16,3,4,KYN,5,464,11,clear,False,0.4,2,1,0,155.2,45.5,6,3,50.1
13766,Mail,2026-03-16,3,4,TNA,6,484,11,clear,False,0.49,1,1,0,205.3,50.1,6,2,52.2
13766,Mail,2026-03-16,3,4,DR,7,509,11,clear,False,0.28,3,1,1,257.5,52.2,6,1,66.5
13766,Mail,2026-03-16,3,4,CSMT,8,518,11,clear,False,0.11,0,1,0,324.0,66.5,0,0,67.3
14644,Vande Bharat,2026-03-16,3,4,CSMT,0,0,18,clear,False,0.0,1,0,0,0.0,0.0,0,15,0.0
14644,Vande Bharat,2026-03-16,3,4,DR,1,9,18,clear,False,0.36,1,0,0,0.0,0.0,2,14,6.9
14644,Vande Bharat,2026-03-16,3,4,TNA,2,34,18,clear,False,0.69,2,0,2,6.9,6.9,2,13,16.7
14644,Vande Bharat,2026-03-16,3,4,KYN,3,54,18,clear,False,0.64,1,1,0,23.6,16.7,2,12,24.0
14644,Vande Bharat,2026-03-16,3,4,IGP,4,137,19,clear,False,0.66,2,1,1,47.6,24.0,2,11,36.3
14644,Vande Bharat,2026-03-16,3,4,NK,5,188,20,clear,False,0.44,2,1,0,83.9,36.3,2,10,50.0
14644,Vande Bharat,2026-03-16,3,4,MMR,6,261,21,clear,False,0.85,1,1,0,133.9,50.0,2,9,56.3
14644,Vande Bharat,2026-03-16,3,4,CSN,7,328,22,clear,False,0.32,0,1,0,190.2,56.3,2,8,57.5
14644,Vande Bharat,2026-03-16,3,4,JL,8,420,23,clear,False,0.38,3,1,0,247.7,57.5,2,7,63.3
14644,Vande Bharat,2026-03-16,3,4,BSL,9,444,23,clear,False,0.73,0,1,0,311.0,63.3,2,6,68.6
14644,Vande Bharat,2026-03-16,3,4,MKU,10,494,0,clear,False,0.76,2,1,0,379.6,68.6,2,5,73.0
14644,Vande Bharat,2026-03-16,3,4,AK,11,583,1,clear,False,0.54,3,1,2,452.6,73.0,2,4,80.4
14644,Vande Bharat,2026-03-16,3,4,BD,12,662,2,clear,False,0.38,2,1,0,533.0,80.4,2,3,79.1
14644,Vande Bharat,2026-03-16,3,4,WR,13,757,3,clear,False,0.31,1,1,0,612.1,79.1,2,2,79.6
14644,Vande Bharat,2026-03-16,3,4,NGP,14,837,4,clear,False,0.41,0,1,0,691.7,79.6,2,1,74.5
14644,Vande Bharat,2026-03-16,3,4,G,15,967,6,clear,False,0.37,1,1,0,766.2,74.5,0,0,72.1
14845,Mail,2026-03-16,3,4,G,0,0,16,clear,False,0.0,2,1,0,0.0,0.0,0,15,0.0
14845,Mail,2026-03-16,3,4,NGP,1,130,18,clear,False,0.84,1,0,0,0.0,0.0,6,14,8.2
14845,Mail,2026-03-16,3,4,WR,2,210,19,clear,False,0.78,2,0,0,8.2,8.2,6,13,12.6
14845,Mail,2026-03-16,3,4,BD,3,305,20,clear,False,0.65,1,1,0,20.8,12.6,6,12,20.6
14845,Mail,2026-03-16,3,4,AK,4,384,21,clear,False,0.54,0,1,0,41.4,20.6,6,11,30.1
14845,Mail,2026-03-16,3,4,MKU,5,473,22,clear,False,0.23,2,1,3,71.5,30.1,6,10,37.8
14845,Mail,2026-03-16,3,4,BSL,6,523,23,clear,False,0.44,1,1,0,109.3,37.8,6,9,45.0
14845,Mail,2026-03-16,3,4,JL,7,547,23,clear,False,0.35,0,1,0,154.3,45.0,6,8,48.0
14845,Mail,2026-03-16,3,4,CSN,8,639,0,clear,False,0.17,1,1,0,202.3,48.0,6,7,50.0
14845,Mail,2026-03-16,3,4,MMR,9,706,1,clear,False,0.2,2,1,1,252.3,50.0,6,6,58.1
14845,Mail,2026-03-16,3,4,NK,10,779,2,clear,False,0.07,1,1,0,310.4,58.1,6,5,60.6
14845,Mail,2026-03-16,3,4,IGP,11,830,2,clear,False,0.52,1,1,0,371.0,60.6,6,4,63.3
14845,Mail,2026-03-16,3,4,KYN,12,913,3,clear,False,0.56,0,1,0,434.3,63.3,6,3,62.5
14845,Mail,2026-03-16,3,4,TNA,13,933,4,clear,False,0.32,1,1,0,496.8,62.5,6,2,63.6
14845,Mail,2026-03-16,3,4,DR,14,958,4,clear,False,0.48,2,1,1,560.4,63.6,6,1,65.9
14845,Mail,2026-03-16,3,4,CSMT,15,967,4,clear,False,0.39,1,1,0,626.3,65.9,0,0,66.4
18240,Intercity,2026-03-16,3,4,CSMT,0,0,12,clear,False,0.0,0,0,0,0.0,0.0,0,9,0.0
18240,Intercity,2026-03-16,3,4,DR,1,9,12,clear,False,0.27,1,1,0,0.0,0.0,4,8,7.7
18240,Intercity,2026-03-16,3,4,TNA,2,34,13,clear,False,0.32,1,0,0,7.7,7.7,4,7,9.2
18240,Intercity,2026-03-16,3,4,KYN,3,54,13,clear,False,0.22,3,0,1,16.9,9.2,4,6,14.7
18240,Intercity,2026-03-16,3,4,IGP,4,137,14,clear,False,0.31,0,0,0,31.6,14.7,4,5,20.2
18240,Intercity,2026-03-16,3,4,NK,5,188,15,clear,False,0.43,1,1,0,51.8,20.2,4,4,26.5
18240,Intercity,2026-03-16,3,4,MMR,6,261,15,clear,False,0.53,1,1,0,78.3,26.5,4,3,30.5
18240,Intercity,2026-03-16,3,4,AWB,7,375,17,clear,False,0.12,0,1,0,108.8,30.5,4,2,34.4
18240,Intercity,2026-03-16,3,4,J,8,438,18,clear,False,0.55,2,1,0,143.2,34.4,4,1,37.9
18240,Intercity,2026-03-16,3,4,NED,9,609,20,clear,False,0.36,2,1,0,181.1,37.9,0,0,48.1
16932,Superfast,2026-03-16,3,4,NED,0,0,14,clear,False,0.0,2,0,1,0.0,0.0,0,9,0.0
16932,Superfast,2026-03-16,3,4,J,1,171,16,clear,False,0.25,0,0,0,0.0,0.0,2,8,0.7
16932,Superfast,2026-03-16,3,4,AWB,2,234,17,clear,False,0.3,1,0,0,0.7,0.7,2,7,6.1
16932,Superfast,2026-03-16,3,4,MMR,3,348,18,clear,False,0.61,0,1,0,6.8,6.1,2,6,14.5
16932,Superfast,2026-03-16,3,4,NK,4,421,19,clear,False,0.51,2,0,0,21.3,14.5,2,5,17.1
16932,Superfast,2026-03-16,3,4,IGP,5,472,20,clear,False,0.34,1,1,0,38.4,17.1,2,4,22.7
16932,Superfast,2026-03-16,3,4,KYN,6,555,21,clear,False,0.72,0,1,0,61.1,22.7,2,3,34.5
16932,Superfast,2026-03-16,3,4,TNA,7,575,21,clear,False,0.12,0,1,0,95.6,34.5,2,2,40.3
16932,Superfast,2026-03-16,3,4,DR,8,600,22,clear,False,0.48,2,1,1,135.9,40.3,2,1,41.0
16932,Superfast,2026-03-16,3,4,CSMT,9,609,22,clear,False,0.6,2,1,0,176.9,41.0,0,0,42.9
12391,Express,2026-03-16,3,4,CSMT,0,0,6,clear,False,0.0,2,0,0,0.0,0.0,0,5,0.0
12391,Express,2026-03-16,3,4,DR,1,9,6,clear,False,0.23,1,0,0,0.0,0.0,4,4,1.8
12391,Express,2026-03-16,3,4,TNA,2,34,6,clear,False,0.3,0,0,0,1.8,1.8,4,3,2.1
12391,Express,2026-03-16,3,4,PNVL,3,69,7,clear,False,0.13,1,0,0,3.9,2.1,4,2,4.3
12391,Express,2026-03-16,3,4,RN,4,307,10,clear,False,0.49,3,0,0,8.2,4.3,4,1,17.1
12391,Express,2026-03-16,3,4,SWV,5,495,12,clear,False,0.74,2,1,0,25.3,17.1,0,0,25.5
15329,Vande Bharat,2026-03-16,3,4,SWV,0,0,22,clear,False,0.0,1,0,0,0.0,0.0,0,5,0.0
15329,Vande Bharat,2026-03-16,3,4,RN,1,188,0,clear,False,0.39,1,0,0,0.0,0.0,2,4,7.3
15329,Vande Bharat,2026-03-16,3,4,PNVL,2,426,3,clear,False,0.39,1,0,0,7.3,7.3,2,3,8.3
15329,Vande Bharat,2026-03-16,3,4,TNA,3,461,4,clear,False,0.52,1,0,0,15.6,8.3,2,2,7.6
15329,Vande Bharat,2026-03-16,3,4,DR,4,486,4,clear,False,0.18,4,0,3,23.2,7.6,2,1,20.1
15329,Vande Bharat,2026-03-16,3,4,CSMT,5,495,4,clear,False,0.41,2,1,0,43.3,20.1,0,0,27.1
11407,Mail,2026-03-16,3,4,PUNE,0,0,12,clear,False,0.0,1,0,0,0.0,0.0,0,7,0.0
11407,Mail,2026-03-16,3,4,DD,1,76,13,clear,False,0.18,1,0,0,0.0,0.0,6,6,1.0
11407,Mail,2026-03-16,3,4,MMR,2,69,13,clear,False,0.34,4,1,0,1.0,1.0,6,5,8.9
11407,Mail,2026-03-16,3,4,BSL,3,252,15,clear,False,0.22,3,0,0,9.9,8.9,6,4,13.1
11407,Mail,2026-03-16,3,4,AK,4,391,17,clear,False,0.37,0,0,0,23.0,13.1,6,3,15.9
11407,Mail,2026-03-16,3,4,BD,5,470,18,clear,False,0.16,1,1,0,38.9,15.9,6,2,26.7
11407,Mail,2026-03-16,3,4,WR,6,565,19,clear,False,0.62,1,1,0,65.6,26.7,6,1,31.2
11407,Mail,2026-03-16,3,4,NGP,7,645,20,clear,False,0.82,2,1,0,96.8,31.2,0,0,38.2
13467,Express,2026-03-16,3,4,NGP,0,0,5,clear,False,0.0,1,0,0,0.0,0.0,0,7,0.0
13467,Express,2026-03-16,3,4,WR,1,80,6,clear,False,0.43,0,0,0,0.0,0.0,4,6,0.3
13467,Express,2026-03-16,3,4,BD,2,175,7,clear,False,0.28,1,0,0,0.3,0.3,4,5,3.2
13467,Express,2026-03-16,3,4,AK,3,254,8,clear,False,0.73,4,0,0,3.5,3.2,4,4,15.8
13467,Express,2026-03-16,3,4,BSL,4,393,10,clear,False,0.23,1,1,0,19.3,15.8,4,3,22.5
13467,Express,2026-03-16,3,4,MMR,5,576,12,clear,False,0.15,2,1,2,41.8,22.5,4,2,31.0
13467,Express,2026-03-16,3,4,DD,6,569,12,clear,False,0.28,1,1,0,72.8,31.0,4,1,36.0
13467,Express,2026-03-16,3,4,PUNE,7,645,13,clear,False,0.54,0,1,0,108.8,36.0,0,0,37.4
12990,Mail,2026-03-16,3,4,NGP,0,0,7,clear,False,0.0,4,1,0,0.0,0.0,0,9,2.9
12990,Mail,2026-03-16,3,4,WR,1,80,8,clear,False,0.44,2,0,1,2.9,2.9,6,8,10.7
12990,Mail,2026-03-16,3,4,BD,2,175,10,clear,False,0.86,1,0,0,13.6,10.7,6,7,18.8
12990,Mail,2026-03-16,3,4,AK,3,254,11,clear,False,0.21,1,1,0,32.4,18.8,6,6,25.7
12990,Mail,2026-03-16,3,4,BSL,4,393,12,clear,False,0.46,1,1,0,58.1,25.7,6,5,32.9
12990,Mail,2026-03-16,3,4,MMR,5,576,15,clear,False,0.38,2,1,1,91.0,32.9,6,4,44.2
12990,Mail,2026-03-16,3,4,DD,6,569,15,clear,False,0.51,1,1,0,135.2,44.2,6,3,51.4
12990,Mail,2026-03-16,3,4,PUNE,7,645,16,clear,False,0.61,0,1,0,186.6,51.4,6,2,55.5
12990,Mail,2026-03-16,3,4,MRJ,8,366,12,clear,False,0.18,0,1,0,242.1,55.5,6,1,63.6
12990,Mail,2026-03-16,3,4,KOP,9,319,11,clear,False,0.81,2,1,0,305.7,63.6,0,0,67.8
14450,Intercity,2026-03-16,3,4,KOP,0,0,21,clear,False,0.0,2,0,0,0.0,0.0,0,9,0.0
14450,Intercity,2026-03-16,3,4,MRJ,1,47,22,clear,False,0.46,2,1,0,0.0,0.0,4,8,13.1
14450,Intercity,2026-03-16,3,4,PUNE,2,326,1,clear,False,0.4,0,1,0,13.1,13.1,4,7,18.5
14450,Intercity,2026-03-16,3,4,DD,3,250,0,clear,False,0.49,4,1,0,31.6,18.5,4,6,35.6
14450,Intercity,2026-03-16,3,4,MMR,4,257,1,clear,False,0.19,2,1,0,67.2,35.6,4,5,38.8
14450,Intercity,2026-03-16,3,4,BSL,5,74,22,clear,False,0.16,0,1,0,106.0,38.8,4,4,43.8
14450,Intercity,2026-03-16,3,4,AK,6,65,22,clear,False,0.22,0,1,0,149.8,43.8,4,3,47.4
14450,Intercity,2026-03-16,3,4,BD,7,144,23,clear,False,0.48,1,1,0,197.2,47.4,4,2,49.9
14450,Intercity,2026-03-16,3,4,WR,8,239,0,clear,False,0.26,1,1,0,247.1,49.9,4,1,54.5
14450,Intercity,2026-03-16,3,4,NGP,9,319,1,clear,False,0.41,1,1,0,301.6,54.5,0,0,59.4
17017,Express,2026-07-24,7,4,CSMT,0,0,16,rain,True,0.0,1,0,0,0.0,0.0,0,10,0.0
17017,Express,2026-07-24,7,4,DR,1,9,16,rain,True,0.5,0,1,0,0.0,0.0,4,9,8.3
17017,Express,2026-07-24,7,4,TNA,2,34,16,rain,True,0.54,2,0,0,8.3,8.3,4,8,8.2
17017,Express,2026-07-24,7,4,KYN,3,54,16,rain,True,0.41,0,0,0,16.5,8.2,4,7,10.1
17017,Express,2026-07-24,7,4,KJT,4,100,17,rain,True,0.53,1,0,0,26.6,10.1,4,6,20.9
17017,Express,2026-07-24,7,4,LNL,5,128,17,rain,True,0.32,1,1,0,47.5,20.9,4,5,37.9
17017,Express,2026-07-24,7,4,SVJR,6,190,18,rain,True,0.63,1,1,0,85.4,37.9,4,4,44.8
17017,Express,2026-07-24,7,4,PUNE,7,192,18,rain,True,0.24,2,1,1,130.2,44.8,4,3,54.3
17017,Express,2026-07-24,7,4,DD,8,268,19,rain,True,0.8,1,1,0,184.5,54.3,4,2,63.2
17017,Express,2026-07-24,7,4,KWV,9,377,20,rain,True,0.67,2,1,0,247.7,63.2,4,1,69.0
17017,Express,2026-07-24,7,4,SUR,10,455,21,rain,True,0.3,2,1,0,316.7,69.0,0,0,73.8
16297,Vande Bharat,2026-07-24,7,4,SUR,0,0,6,rain,True,0.0,0,0,0,0.0,0.0,0,10,0.0
16297,Vande Bharat,2026-07-24,7,4,KWV,1,78,7,rain,True,0.52,1,0,0,0.0,0.0,2,9,4.0
16297,Vande Bharat,2026-07-24,7,4,DD,2,187,8,rain,True,0.48,2,0,0,4.0,4.0,2,8,7.3
16297,Vande Bharat,2026-07-24,7,4,PUNE,3,263,9,rain,True,0.39,2,0,0,11.3,7.3,2,7,10.6
16297,Vande Bharat,2026-07-24,7,4,SVJR,4,265,9,rain,True,0.24,2,0,0,21.9,10.6,2,6,13.5
16297,Vande Bharat,2026-07-24,7,4,LNL,5,327,10,rain,True,0.29,1,1,0,35.4,13.5,2,5,40.1
16297,Vande Bharat,2026-07-24,7,4,KJT,6,355,10,rain,True,0.45,0,1,0,75.5,40.1,2,4,61.2
16297,Vande Bharat,2026-07-24,7,4,KYN,7,401,11,rain,True,0.37,1,1,0,136.7,61.2,2,3,66.4
16297,Vande Bharat,2026-07-24,7,4,TNA,8,421,11,rain,True,0.41,1,1,0,203.1,66.4,2,2,64.6
16297,Vande Bharat,2026-07-24,7,4,DR,9,446,11,rain,True,0.34,2,1,0,267.7,64.6,2,1,70.4
16297,Vande Bharat,2026-07-24,7,4,CSMT,10,455,12,rain,True,0.6,3,1,0,338.1,70.4,0,0,77.6
18636,Express,2026-07-24,7,4,CSMT,0,0,18,rain,True,0.0,1,0,0,0.0,0.0,0,8,0.0
18636,Express,2026-07-24,7,4,DR,1,9,18,rain,True,0.71,3,1,0,0.0,0.0,4,7,27.4
18636,Express,2026-07-24,7,4,TNA,2,34,19,rain,True,0.51,3,1,0,27.4,27.4,4,6,35.2
18636,Express,2026-07-24,7,4,KYN,3,54,19,rain,True,0.57,1,1,0,62.6,35.2,4,5,44.0
18636,Express,2026-07-24,7,4,LNL,4,128,20,rain,True,0.26,1,1,0,106.6,44.0,4,4,56.3
18636,Express,2026-07-24,7,4,PUNE,5,192,21,rain,True,0.2,3,1,0,162.9,56.3,4,3,63.0
18636,Express,2026-07-24,7,4,MRJ,6,471,0,rain,True,0.64,0,1,0,225.9,63.0,4,2,63.9
18636,Express,2026-07-24,7,4,SLI,7,478,0,rain,True,0.13,1,1,0,289.8,63.9,4,1,60.1
18636,Express,2026-07-24,7,4,KOP,8,518,1,rain,True,0.2,1,1,0,349.9,60.1,0,0,58.9
15492,Express,2026-07-24,7,4,KOP,0,0,16,rain,True,0.0,2,0,2,0.0,0.0,0,8,0.0
15492,Express,2026-07-24,7,4,SLI,1,40,16,rain,True,0.41,1,0,0,0.0,0.0,4,7,1.8
15492,Express,2026-07-24,7,4,MRJ,2,47,16,rain,True,0.4,1,0,0,1.8,1.8,4,6,4.0
15492,Express,2026-07-24,7,4,PUNE,3,326,20,rain,True,0.37,2,0,0,5.8,4.0,4,5,8.5
15492,Express,2026-07-24,7,4,LNL,4,390,21,rain,True,0.41,0,0,0,14.3,8.5,4,4,20.8
15492,Express,2026-07-24,7,4,KYN,5,464,22,rain,True,0.08,0,1,0,35.1,20.8,4,3,29.3
15492,Express,2026-07-24,7,4,TNA,6,484,22,rain,True,0.39,3,1,0,64.4,29.3,4,2,36.3
15492,Express,2026-07-24,7,4,DR,7,509,22,rain,True,0.65,2,1,1,100.7,36.3,4,1,42.5
15492,Express,2026-07-24,7,4,CSMT,8,518,22,rain,True,0.36,0,1,0,143.2,42.5,0,0,44.4
15546,Mail,2026-07-24,7,4,CSMT,0,0,22,rain,True,0.0,1,1,0,0.0,0.0,0,15,0.0
15546,Mail,2026-07-24,7,4,DR,1,9,22,rain,True,0.37,2,0,1,0.0,0.0,6,14,3.5
15546,Mail,2026-07-24,7,4,TNA,2,34,23,rain,True,0.27,3,0,2,3.5,3.5,6,13,14.6
15546,Mail,2026-07-24,7,4,KYN,3,54,23,rain,True,0.33,1,0,0,18.1,14.6,6,12,14.5
15546,Mail,2026-07-24,7,4,IGP,4,137,0,rain,True,0.33,1,0,0,32.6,14.5,6,11,18.0
15546,Mail,2026-07-24,7,4,NK,5,188,1,rain,True,0.54,2,1,1,50.6,18.0,6,10,30.4
15546,Mail,2026-07-24,7,4,MMR,6,261,1,rain,True,0.23,1,1,0,81.0,30.4,6,9,33.9
15546,Mail,2026-07-24,7,4,CSN,7,328,2,rain,True,0.13,0,1,0,114.9,33.9,6,8,34.5
15546,Mail,2026-07-24,7,4,JL,8,420,3,rain,True,0.54,1,1,0,149.4,34.5,6,7,34.7
15546,Mail,2026-07-24,7,4,BSL,9,444,4,rain,True,0.14,1,1,0,184.1,34.7,6,6,36.3
15546,Mail,2026-07-24,7,4,MKU,10,494,4,rain,True,0.49,2,1,0,220.4,36.3,6,5,42.3
15546,Mail,2026-07-24,7,4,AK,11,583,5,rain,True,0.43,1,1,0,262.7,42.3,6,4,46.8
15546,Mail,2026-07-24,7,4,BD,12,662,6,rain,True,0.42,1,1,0,309.5,46.8,6,3,52.4
15546,Mail,2026-07-24,7,4,WR,13,757,8,rain,True,0.51,2,1,0,361.9,52.4,6,2,52.4
15546,Mail,2026-07-24,7,4,NGP,14,837,9,rain,True,0.4,0,1,0,414.3,52.4,6,1,57.4
15546,Mail,2026-07-24,7,4,G,15,967,10,rain,True,0.44,2,1,0,471.7,57.4,0,0,64.3
13774,Vande Bharat,2026-07-24,7,4,G,0,0,19,rain,True,0.0,1,1,0,0.0,0.0,0,15,0.0
13774,Vande Bharat,2026-07-24,7,4,NGP,1,130,20,rain,True,0.58,0,0,0,0.0,0.0,2,14,7.9
13774,Vande Bharat,2026-07-24,7,4,WR,2,210,21,rain,True,0.77,1,0,0,7.9,7.9,2,13,15.8
13774,Vande Bharat,2026-07-24,7,4,BD,3,305,23,rain,True,0.13,0,1,0,23.7,15.8,2,12,20.9
13774,Vande Bharat,2026-07-24,7,4,AK,4,384,23,rain,True,0.28,0,1,0,44.6,20.9,2,11,27.9
13774,Vande Bharat,2026-07-24,7,4,MKU,5,473,1,rain,True,0.45,2,1,0,72.5,27.9,2,10,33.4
13774,Vande Bharat,2026-07-24,7,4,BSL,6,523,1,rain,True,0.25,1,1,0,105.9,33.4,2,9,39.4
13774,Vande Bharat,2026-07-24,7,4,JL,7,547,2,rain,True,0.03,0,1,0,145.3,39.4,2,8,42.2
13774,Vande Bharat,2026-07-24,7,4,CSN,8,639,3,rain,True,0.43,0,1,0,187.5,42.2,2,7,42.9
13774,Vande Bharat,2026-07-24,7,4,MMR,9,706,4,rain,True,0.18,2,1,0,230.4,42.9,2,6,49.8
13774,Vande Bharat,2026-07-24,7,4,NK,10,779,4,rain,True,0.28,1,1,0,280.2,49.8,2,5,55.2
13774,Vande Bharat,2026-07-24,7,4,IGP,11,830,5,rain,True,0.46,1,1,0,335.4,55.2,2,4,62.6
13774,Vande Bharat,2026-07-24,7,4,KYN,12,913,6,rain,True,0.36,1,1,0,398.0,62.6,2,3,63.1
13774,Vande Bharat,2026-07-24,7,4,TNA,13,933,6,rain,True,0.45,0,1,0,461.1,63.1,2,2,64.4
13774,Vande Bharat,2026-07-24,7,4,DR,14,958,7,rain,True,0.15,1,1,0,525.5,64.4,2,1,67.2
13774,Vande Bharat,2026-07-24,7,4,CSMT,15,967,7,rain,True,0.06,0,1,0,592.7,67.2,0,0,65.7
21584,Express,2026-07-24,7,4,CSMT,0,0,19,rain,True,0.0,0,0,0,0.0,0.0,0,9,0.0
21584,Express,2026-07-24,7,4,DR,1,9,19,rain,True,0.11,2,0,0,0.0,0.0,4,8,9.3
21584,Express,2026-07-24,7,4,TNA,2,34,20,rain,True,0.8,2,0,0,9.3,9.3,4,7,20.8
21584,Express,2026-07-24,7,4,KYN,3,54,20,rain,True,0.5,0,1,0,30.1,20.8,4,6,34.2
21584,Express,2026-07-24,7,4,IGP,4,137,21,rain,True,0.27,2,1,0,64.3,34.2,4,5,52.5
21584,Express,2026-07-24,7,4,NK,5,188,21,rain,True,0.37,1,1,0,116.8,52.5,4,4,55.9
21584,Express,2026-07-24,7,4,MMR,6,261,22,rain,True,0.18,1,1,0,172.7,55.9,4,3,58.8
21584,Express,2026-07-24,7,4,AWB,7,375,0,rain,True,0.12,0,1,0,231.5,58.8,4,2,62.5
21584,Express,2026-07-24,7,4,J,8,438,1,rain,True,0.38,1,1,0,294.0,62.5,4,1,64.3
21584,Express,2026-07-24,7,4,NED,9,609,3,rain,True,0.26,0,1,0,358.3,64.3,0,0,64.2
16516,Express,2026-07-24,7,4,NED,0,0,16,rain,True,0.0,3,0,0,0.0,0.0,0,9,0.0
16516,Express,2026-07-24,7,4,J,1,171,18,rain,True,0.49,0,0,0,0.0,0.0,4,8,5.5
16516,Express,2026-07-24,7,4,AWB,2,234,19,rain,True,0.86,1,0,0,5.5,5.5,4,7,12.2
16516,Express,2026-07-24,7,4,MMR,3,348,21,rain,True,0.67,1,0,0,17.7,12.2,4,6,16.4
16516,Express,2026-07-24,7,4,NK,4,421,21,rain,True,0.16,2,1,0,34.1,16.4,4,5,25.3
16516,Express,2026-07-24,7,4,IGP,5,472,22,rain,True,0.57,1,1,0,59.4,25.3,4,4,43.3
16516,Express,2026-07-24,7,4,KYN,6,555,23,rain,True,0.41,1,1,0,102.7,43.3,4,3,43.7
16516,Express,2026-07-24,7,4,TNA,7,575,23,rain,True,0.41,3,1,2,146.4,43.7,4,2,58.5
16516,Express,2026-07-24,7,4,DR,8,600,0,rain,True,0.32,1,1,0,204.9,58.5,4,1,61.0
16516,Express,2026-07-24,7,4,CSMT,9,609,0,rain,True,0.25,2,1,0,265.9,61.0,0,0,59.7
13687,Vande Bharat,2026-07-24,7,4,CSMT,0,0,14,rain,True,0.0,3,0,2,0.0,0.0,0,5,0.0
13687,Vande Bharat,2026-07-24,7,4,DR,1,9,14,rain,True,0.16,4,0,0,0.0,0.0,2,4,6.8
13687,Vande Bharat,2026-07-24,7,4,TNA,2,34,14,rain,True,0.32,1,0,0,6.8,6.8,2,3,9.1
13687,Vande Bharat,2026-07-24,7,4,PNVL,3,69,15,rain,True,0.6,4,0,1,15.9,9.1,2,2,16.0
13687,Vande Bharat,2026-07-24,7,4,RN,4,307,18,rain,True,0.8,2,1,0,31.9,16.0,2,1,25.5
13687,Vande Bharat,2026-07-24,7,4,SWV,5,495,20,rain,True,0.53,0,1,0,57.4,25.5,0,0,35.1
15936,Superfast,2026-07-24,7,4,SWV,0,0,10,rain,True,0.0,3,0,1,0.0,0.0,0,5,24.6
15936,Superfast,2026-07-24,7,4,RN,1,188,12,rain,True,0.66,1,1,0,24.6,24.6,2,4,27.2
15936,Superfast,2026-07-24,7,4,PNVL,2,426,15,rain,True,0.41,0,1,0,51.8,27.2,2,3,31.6
15936,Superfast,2026-07-24,7,4,TNA,3,461,16,rain,True,0.34,0,1,0,83.4,31.6,2,2,34.9
15936,Superfast,2026-07-24,7,4,DR,4,486,16,rain,True,0.45,1,1,0,118.3,34.9,2,1,39.4
15936,Superfast,2026-07-24,7,4,CSMT,5,495,16,rain,True,0.26,1,1,0,157.7,39.4,0,0,43.2
22570,Intercity,2026-07-24,7,4,PUNE,0,0,9,rain,True,0.0,1,0,0,0.0,0.0,0,7,0.0
22570,Intercity,2026-07-24,7,4,DD,1,76,10,rain,True,0.45,1,0,0,0.0,0.0,4,6,5.1
22570,Intercity,2026-07-24,7,4,MMR,2,69,10,rain,True,0.29,1,0,0,5.1,5.1,4,5,10.7
22570,Intercity,2026-07-24,7,4,BSL,3,252,12,rain,True,0.45,3,0,0,15.8,10.7,4,4,19.2
22570,Intercity,2026-07-24,7,4,AK,4,391,14,rain,True,0.12,1,1,0,35.0,19.2,4,3,21.5
22570,Intercity,2026-07-24,7,4,BD,5,470,15,rain,True,0.38,4,1,2,56.5,21.5,4,2,41.2
22570,Intercity,2026-07-24,7,4,WR,6,565,16,rain,True,0.29,0,1,0,97.7,41.2,4,1,44.4
22570,Intercity,2026-07-24,7,4,NGP,7,645,17,rain,True,0.32,1,1,0,142.1,44.4,0,0,47.3
21003,Vande Bharat,2026-07-24,7,4,NGP,0,0,15,rain,True,0.0,0,0,0,0.0,0.0,0,7,0.0
21003,Vande Bharat,2026-07-24,7,4,WR,1,80,16,rain,True,0.5,0,0,0,0.0,0.0,2,6,2.6
21003,Vande Bharat,2026-07-24,7,4,BD,2,175,17,rain,True,0.16,0,0,0,2.6,2.6,2,5,7.6
21003,Vande Bharat,2026-07-24,7,4,AK,3,254,18,rain,True,0.71,0,1,0,10.2,7.6,2,4,20.6
21003,Vande Bharat,2026-07-24,7,4,BSL,4,393,20,rain,True,0.89,1,1,0,30.8,20.6,2,3,32.4
21003,Vande Bharat,2026-07-24,7,4,MMR,5,576,22,rain,True,0.26,1,1,0,63.2,32.4,2,2,42.0
21003,Vande Bharat,2026-07-24,7,4,DD,6,569,22,rain,True,0.49,4,1,0,105.2,42.0,2,1,53.4
21003,Vande Bharat,2026-07-24,7,4,PUNE,7,645,23,rain,True,0.42,1,1,0,158.6,53.4,0,0,56.9
16673,Vande Bharat,2026-07-24,7,4,NGP,0,0,17,rain,True,0.0,3,0,0,0.0,0.0,0,9,0.0
16673,Vande Bharat,2026-07-24,7,4,WR,1,80,18,rain,True,0.53,1,0,0,0.0,0.0,2,8,4.5
16673,Vande Bharat,2026-07-24,7,4,BD,2,175,19,rain,True,0.26,1,0,0,4.5,4.5,2,7,8.1
16673,Vande Bharat,2026-07-24,7,4,AK,3,254,20,rain,True,0.28,4,0,1,12.6,8.1,2,6,20.0
16673,Vande Bharat,2026-07-24,7,4,BSL,4,393,22,rain,True,0.53,1,1,0,32.6,20.0,2,5,28.2
16673,Vande Bharat,2026-07-24,7,4,MMR,5,576,0,rain,True,0.4,1,1,0,60.8,28.2,2,4,33.6
16673,Vande Bharat,2026-07-24,7,4,DD,6,569,0,rain,True,0.34,2,1,0,94.4,33.6,2,3,39.0
16673,Vande Bharat,2026-07-24,7,4,PUNE,7,645,1,rain,True,0.42,1,1,0,133.4,39.0,2,2,41.1
16673,Vande Bharat,2026-07-24,7,4,MRJ,8,366,21,rain,True,0.16,1,1,0,174.5,41.1,2,1,45.2
16673,Vande Bharat,2026-07-24,7,4,KOP,9,319,21,rain,True,0.49,2,1,0,219.7,45.2,0,0,49.1
22054,Intercity,2026-07-24,7,4,KOP,0,0,6,rain,True,0.0,0,0,0,0.0,0.0,0,9,0.0
22054,Intercity,2026-07-24,7,4,MRJ,1,47,7,rain,True,0.23,1,1,0,0.0,0.0,4,8,5.5
22054,Intercity,2026-07-24,7,4,PUNE,2,326,10,rain,True,0.7,1,1,0,5.5,5.5,4,7,22.6
22054,Intercity,2026-07-24,7,4,DD,3,250,9,rain,True,0.61,1,1,0,28.1,22.6,4,6,29.3
22054,Intercity,2026-07-24,7,4,MMR,4,257,9,rain,True,0.43,3,1,0,57.4,29.3,4,5,39.5
22054,Intercity,2026-07-24,7,4,BSL,5,74,7,rain,True,0.59,1,1,0,96.9,39.5,4,4,61.6
22054,Intercity,2026-07-24,7,4,AK,6,65,7,rain,True,0.19,2,1,0,158.5,61.6,4,3,61.1
22054,Intercity,2026-07-24,7,4,BD,7,144,8,rain,True,0.43,1,1,0,219.6,61.1,4,2,59.6
22054,Intercity,2026-07-24,7,4,WR,8,239,9,rain,True,0.52,1,1,0,279.2,59.6,4,1,66.2
22054,Intercity,2026-07-24,7,4,NGP,9,319,10,rain,True,0.2,1,1,0,345.4,66.2,0,0,70.7
15073,Intercity,2026-01-24,1,4,CSMT,0,0,8,clear,False,0.0,0,1,0,0.0,0.0,0,10,0.0
15073,Intercity,2026-01-24,1,4,DR,1,9,8,clear,False,0.92,3,0,0,0.0,0.0,4,9,15.1
15073,Intercity,2026-01-24,1,4,TNA,2,34,8,clear,False,0.83,1,1,0,15.1,15.1,4,8,28.7
15073,Intercity,2026-01-24,1,4,KYN,3,54,8,clear,False,0.56,3,1,1,43.8,28.7,4,7,46.4
15073,Intercity,2026-01-24,1,4,KJT,4,100,9,clear,False,0.07,1,1,0,90.2,46.4,4,6,52.5
15073,Intercity,2026-01-24,1,4,LNL,5,128,9,clear,False,0.62,1,1,0,142.7,52.5,4,5,57.8
15073,Intercity,2026-01-24,1,4,SVJR,6,190,10,clear,False,0.09,1,1,0,200.5,57.8,4,4,58.3
15073,Intercity,2026-01-24,1,4,PUNE,7,192,10,clear,False,0.86,2,1,0,258.8,58.3,4,3,65.0
15073,Intercity,2026-01-24,1,4,DD,8,268,11,clear,False,0.36,2,1,1,323.8,65.0,4,2,70.5
15073,Intercity,2026-01-24,1,4,KWV,9,377,12,clear,False,0.36,1,1,0,394.3,70.5,4,1,69.2
15073,Intercity,2026-01-24,1,4,SUR,10,455,13,clear,False,0.34,0,1,0,463.5,69.2,0,0,70.8
18101,Vande Bharat,2026-01-24,1,4,SUR,0,0,22,clear,False,0.0,1,0,0,0.0,0.0,0,10,0.0
18101,Vande Bharat,2026-01-24,1,4,KWV,1,78,23,clear,False,0.51,1,0,0,0.0,0.0,2,9,5.1
18101,Vande Bharat,2026-01-24,1,4,DD,2,187,0,clear,False,0.25,2,1,0,5.1,5.1,2,8,10.2
18101,Vande Bharat,2026-01-24,1,4,PUNE,3,263,1,clear,False,0.2,0,0,0,15.3,10.2,2,7,11.3
18101,Vande Bharat,2026-01-24,1,4,SVJR,4,265,1,clear,False,0.15,1,0,0,26.6,11.3,2,6,10.9
18101,Vande Bharat,2026-01-24,1,4,LNL,5,327,2,clear,False,0.18,0,0,0,37.5,10.9,2,5,11.8
18101,Vande Bharat,2026-01-24,1,4,KJT,6,355,2,clear,False,0.47,0,0,0,49.3,11.8,2,4,11.9
18101,Vande Bharat,2026-01-24,1,4,KYN,7,401,3,clear,False,0.11,0,0,0,61.2,11.9,2,3,18.1
18101,Vande Bharat,2026-01-24,1,4,TNA,8,421,3,clear,False,0.69,0,1,0,79.3,18.1,2,2,20.6
18101,Vande Bharat,2026-01-24,1,4,DR,9,446,3,clear,False,0.2,2,1,0,99.9,20.6,2,1,25.9
18101,Vande Bharat,2026-01-24,1,4,CSMT,10,455,4,clear,False,0.39,1,1,0,125.8,25.9,0,0,32.3
12591,Express,2026-01-24,1,4,CSMT,0,0,8,clear,False,0.0,0,0,0,0.0,0.0,0,8,0.0
12591,Express,2026-01-24,1,4,DR,1,9,9,clear,False,0.48,1,0,0,0.0,0.0,4,7,10.5
12591,Express,2026-01-24,1,4,TNA,2,34,9,clear,False,0.57,1,0,0,10.5,10.5,4,6,16.2
12591,Express,2026-01-24,1,4,KYN,3,54,9,clear,False,0.77,1,1,0,26.7,16.2,4,5,63.5
12591,Express,2026-01-24,1,4,LNL,4,128,10,clear,False,0.71,1,1,0,90.2,63.5,4,4,71.6
12591,Express,2026-01-24,1,4,PUNE,5,192,11,clear,False,0.49,1,1,0,161.8,71.6,4,3,77.7
12591,Express,2026-01-24,1,4,MRJ,6,471,14,clear,False,0.14,0,1,0,239.5,77.7,4,2,76.7
12591,Express,2026-01-24,1,4,SLI,7,478,14,clear,False,0.36,1,1,0,316.2,76.7,4,1,75.5
12591,Express,2026-01-24,1,4,KOP,8,518,15,clear,False,0.36,0,1,0,391.7,75.5,0,0,74.6
11528,Intercity,2026-01-24,1,4,KOP,0,0,16,clear,False,0.0,0,0,0,0.0,0.0,0,8,0.0
11528,Intercity,2026-01-24,1,4,SLI,1,40,17,clear,False,0.71,0,0,0,0.0,0.0,4,7,8.3
11528,Intercity,2026-01-24,1,4,MRJ,2,47,17,clear,False,0.53,1,0,0,8.3,8.3,4,6,12.8
11528,Intercity,2026-01-24,1,4,PUNE,3,326,20,clear,False,0.24,2,0,0,21.1,12.8,4,5,17.2
11528,Intercity,2026-01-24,1,4,LNL,4,390,21,clear,False,0.46,0,1,0,38.3,17.2,4,4,29.7
11528,Intercity,2026-01-24,1,4,KYN,5,464,22,clear,False,0.38,1,1,0,68.0,29.7,4,3,35.4
11528,Intercity,2026-01-24,1,4,TNA,6,484,22,clear,False,0.51,1,1,0,103.4,35.4,4,2,36.0
11528,Intercity,2026-01-24,1,4,DR,7,509,23,clear,False,0.36,2,1,1,139.4,36.0,4,1,42.1
11528,Intercity,2026-01-24,1,4,CSMT,8,518,23,clear,False,0.11,4,1,0,181.5,42.1,0,0,52.9
20947,Intercity,2026-01-24,1,4,CSMT,0,0,22,clear,False,0.0,1,1,0,0.0,0.0,0,15,9.9
20947,Intercity,2026-01-24,1,4,DR,1,9,22,clear,False,0.47,1,0,0,9.9,9.9,4,14,9.3
20947,Intercity,2026-01-24,1,4,TNA,2,34,22,clear,False,0.15,2,0,3,19.2,9.3,4,13,14.1
20947,Intercity,2026-01-24,1,4,KYN,3,54,22,clear,False,0.54,1,0,0,33.3,14.1,4,12,21.2
20947,Intercity,2026-01-24,1,4,IGP,4,137,23,clear,False,0.65,0,1,0,54.5,21.2,4,11,26.0
20947,Intercity,2026-01-24,1,4,NK,5,188,0,clear,False,0.47,1,1,0,80.5,26.0,4,10,29.8
20947,Intercity,2026-01-24,1,4,MMR,6,261,1,clear,False,0.54,1,1,0,110.3,29.8,4,9,36.4
20947,Intercity,2026-01-24,1,4,CSN,7,328,2,clear,False,0.51,2,1,1,146.7,36.4,4,8,46.4
20947,Intercity,2026-01-24,1,4,JL,8,420,3,clear,False,0.15,1,1,0,193.1,46.4,4,7,46.3
20947,Intercity,2026-01-24,1,4,BSL,9,444,3,clear,False,0.5,0,1,0,239.4,46.3,4,6,49.8
20947,Intercity,2026-01-24,1,4,MKU,10,494,4,clear,False,0.28,2,1,2,289.2,49.8,4,5,56.9
20947,Intercity,2026-01-24,1,4,AK,11,583,5,clear,False,0.48,0,1,0,346.1,56.9,4,4,56.1
20947,Intercity,2026-01-24,1,4,BD,12,662,6,clear,False,0.24,1,1,0,402.2,56.1,4,3,54.7
20947,Intercity,2026-01-24,1,4,WR,13,757,7,clear,False,0.24,2,1,1,456.9,54.7,4,2,65.2
20947,Intercity,2026-01-24,1,4,NGP,14,837,8,clear,False,0.77,2,1,0,522.1,65.2,4,1,72.7
20947,Intercity,2026-01-24,1,4,G,15,967,10,clear,False,0.56,1,1,0,594.8,72.7,0,0,70.6
21427,Superfast,2026-01-24,1,4,G,0,0,5,clear,False,0.0,1,0,0,0.0,0.0,0,15,13.6
21427,Superfast,2026-01-24,1,4,NGP,1,130,7,clear,False,0.24,1,0,0,13.6,13.6,2,14,18.7
21427,Superfast,2026-01-24,1,4,WR,2,210,8,clear,False,0.2,0,1,0,32.3,18.7,2,13,25.9
21427,Superfast,2026-01-24,1,4,BD,3,305,9,clear,False,0.23,0,1,0,58.2,25.9,2,12,27.3
21427,Superfast,2026-01-24,1,4,AK,4,384,10,clear,False,0.45,2,1,0,85.5,27.3,2,11,32.9
21427,Superfast,2026-01-24,1,4,MKU,5,473,11,clear,False,0.52,1,1,0,118.4,32.9,2,10,44.8
21427,Superfast,2026-01-24,1,4,BSL,6,523,12,clear,False,0.48,1,1,0,163.2,44.8,2,9,47.1
21427,Superfast,2026-01-24,1,4,JL,7,547,12,clear,False,0.32,0,1,0,210.3,47.1,2,8,47.4
21427,Superfast,2026-01-24,1,4,CSN,8,639,13,clear,False,0.25,1,1,0,257.7,47.4,2,7,48.0
21427,Superfast,2026-01-24,1,4,MMR,9,706,14,clear,False,0.67,0,1,0,305.7,48.0,2,6,53.3
21427,Superfast,2026-01-24,1,4,NK,10,779,15,clear,False,0.3,2,1,0,359.0,53.3,2,5,54.9
21427,Superfast,2026-01-24,1,4,IGP,11,830,15,clear,False,0.42,0,1,0,413.9,54.9,2,4,53.1
21427,Superfast,2026-01-24,1,4,KYN,12,913,16,clear,False,0.33,1,1,0,467.0,53.1,2,3,51.7
21427,Superfast,2026-01-24,1,4,TNA,13,933,17,clear,False,0.6,2,1,0,518.7,51.7,2,2,57.5
21427,Superfast,2026-01-24,1,4,DR,14,958,17,clear,False,0.51,0,1,0,576.2,57.5,2,1,64.6
21427,Superfast,2026-01-24,1,4,CSMT,15,967,17,clear,False,0.48,1,1,0,640.8,64.6,0,0,68.9
13609,Express,2026-01-24,1,4,CSMT,0,0,9,clear,False,0.0,0,0,0,0.0,0.0,0,9,0.0
13609,Express,2026-01-24,1,4,DR,1,9,9,clear,False,0.38,1,0,0,0.0,0.0,4,8,6.6
13609,Express,2026-01-24,1,4,TNA,2,34,9,clear,False,0.92,1,0,0,6.6,6.6,4,7,15.3
13609,Express,2026-01-24,1,4,KYN,3,54,10,clear,False,0.34,2,1,2,21.9,15.3,4,6,22.1
13609,Express,2026-01-24,1,4,IGP,4,137,11,clear,False,0.23,1,1,0,44.0,22.1,4,5,30.1
13609,Express,2026-01-24,1,4,NK,5,188,11,clear,False,0.56,1,1,0,74.1,30.1,4,4,38.6
13609,Express,2026-01-24,1,4,MMR,6,261,12,clear,False,0.47,2,1,1,112.7,38.6,4,3,40.9
13609,Express,2026-01-24,1,4,AWB,7,375,14,clear,False,0.6,0,1,0,153.6,40.9,4,2,43.9
13609,Express,2026-01-24,1,4,J,8,438,14,clear,False,0.36,2,1,0,197.5,43.9,4,1,44.1
13609,Express,2026-01-24,1,4,NED,9,609,17,clear,False,0.38,1,1,0,241.6,44.1,0,0,49.4
18021,Intercity,2026-01-24,1,4,NED,0,0,19,clear,False,0.0,2,0,0,0.0,0.0,0,9,0.0
18021,Intercity,2026-01-24,1,4,J,1,171,21,clear,False,0.71,2,0,1,0.0,0.0,4,8,9.1
18021,Intercity,2026-01-24,1,4,AWB,2,234,22,clear,False,0.23,0,0,0,9.1,9.1,4,7,10.9
18021,Intercity,2026-01-24,1,4,MMR,3,348,23,clear,False,0.34,1,0,0,20.0,10.9,4,6,11.9
18021,Intercity,2026-01-24,1,4,NK,4,421,0,clear,False,0.23,1,0,0,31.9,11.9,4,5,11.1
18021,Intercity,2026-01-24,1,4,IGP,5,472,1,clear,False,0.3,1,0,0,43.0,11.1,4,4,12.6
18021,Intercity,2026-01-24,1,4,KYN,6,555,2,clear,False,0.58,2,0,0,55.6,12.6,4,3,13.1
18021,Intercity,2026-01-24,1,4,TNA,7,575,2,clear,False,0.25,2,0,0,68.7,13.1,4,2,14.3
18021,Intercity,2026-01-24,1,4,DR,8,600,2,clear,False,0.43,1,0,0,83.0,14.3,4,1,16.4
18021,Intercity,2026-01-24,1,4,CSMT,9,609,2,clear,False,0.51,0,1,0,99.4,16.4,0,0,23.9
15725,Mail,2026-01-24,1,4,CSMT,0,0,5,clear,False,0.0,1,0,0,0.0,0.0,0,5,0.0
15725,Mail,2026-01-24,1,4,DR,1,9,5,clear,False,0.05,2,0,0,0.0,0.0,6,4,1.5
15725,Mail,2026-01-24,1,4,TNA,2,34,5,clear,False,0.49,2,0,0,1.5,1.5,6,3,4.2
15725,Mail,2026-01-24,1,4,PNVL,3,69,6,clear,False,0.1,2,1,1,5.7,4.2,6,2,9.5
15725,Mail,2026-01-24,1,4,RN,4,307,9,clear,False,0.9,3,0,0,15.2,9.5,6,1,24.4
15725,Mail,2026-01-24,1,4,SWV,5,495,11,clear,False,0.31,3,1,0,39.6,24.4,0,0,38.8
15250,Vande Bharat,2026-01-24,1,4,SWV,0,0,11,clear,False,0.0,3,0,0,0.0,0.0,0,5,0.0
15250,Vande Bharat,2026-01-24,1,4,RN,1,188,13,clear,False,0.28,4,0,0,0.0,0.0,2,4,3.6
15250,Vande Bharat,2026-01-24,1,4,PNVL,2,426,16,clear,False,0.14,1,0,0,3.6,3.6,2,3,6.0
15250,Vande Bharat,2026-01-24,1,4,TNA,3,461,17,clear,False,0.45,1,0,0,9.6,6.0,2,2,7.7
15250,Vande Bharat,2026-01-24,1,4,DR,4,486,17,clear,False,0.71,1,0,0,17.3,7.7,2,1,15.5
15250,Vande Bharat,2026-01-24,1,4,CSMT,5,495,17,clear,False,0.9,1,1,0,32.8,15.5,0,0,31.2
11233,Intercity,2026-01-24,1,4,PUNE,0,0,17,clear,False,0.0,1,0,0,0.0,0.0,0,7,0.0
11233,Intercity,2026-01-24,1,4,DD,1,76,17,clear,False,0.91,2,0,1,0.0,0.0,4,6,10.1
11233,Intercity,2026-01-24,1,4,MMR,2,69,17,clear,False,0.89,1,0,0,10.1,10.1,4,5,50.3
11233,Intercity,2026-01-24,1,4,BSL,3,252,20,clear,False,0.18,3,1,1,60.4,50.3,4,4,62.3
11233,Intercity,2026-01-24,1,4,AK,4,391,21,clear,False,0.16,2,1,0,122.7,62.3,4,3,72.7
11233,Intercity,2026-01-24,1,4,BD,5,470,22,clear,False,0.29,0,1,0,195.4,72.7,4,2,71.3
11233,Intercity,2026-01-24,1,4,WR,6,565,0,clear,False,0.47,2,1,0,266.7,71.3,4,1,72.5
11233,Intercity,2026-01-24,1,4,NGP,7,645,1,clear,False,0.34,1,1,0,339.2,72.5,0,0,73.6
19761,Mail,2026-01-24,1,4,NGP,0,0,20,clear,False,0.0,0,0,0,0.0,0.0,0,7,0.0
19761,Mail,2026-01-24,1,4,WR,1,80,21,clear,False,0.4,1,0,0,0.0,0.0,6,6,3.4
19761,Mail,2026-01-24,1,4,BD,2,175,22,clear,False,0.24,2,1,2,3.4,3.4,6,5,12.9
19761,Mail,2026-01-24,1,4,AK,3,254,23,clear,False,0.15,3,0,1,16.3,12.9,6,4,24.5
19761,Mail,2026-01-24,1,4,BSL,4,393,1,clear,False,0.51,0,1,0,40.8,24.5,6,3,35.2
19761,Mail,2026-01-24,1,4,MMR,5,576,3,clear,False,0.51,1,1,0,76.0,35.2,6,2,36.7
19761,Mail,2026-01-24,1,4,DD,6,569,3,clear,False,0.17,2,1,2,112.7,36.7,6,1,48.6
19761,Mail,2026-01-24,1,4,PUNE,7,645,4,clear,False,0.57,3,1,0,161.3,48.6,0,0,49.1
14728,Superfast,2026-01-24,1,4,NGP,0,0,9,clear,False,0.0,1,1,0,0.0,0.0,0,9,0.0
14728,Superfast,2026-01-24,1,4,WR,1,80,10,clear,False,0.25,0,0,0,0.0,0.0,2,8,3.3
14728,Superfast,2026-01-24,1,4,BD,2,175,11,clear,False,0.51,0,0,0,3.3,3.3,2,7,5.1
14728,Superfast,2026-01-24,1,4,AK,3,254,12,clear,False,0.29,1,0,0,8.4,5.1,2,6,5.7
14728,Superfast,2026-01-24,1,4,BSL,4,393,14,clear,False,0.33,0,0,0,14.1,5.7,2,5,6.6
14728,Superfast,2026-01-24,1,4,MMR,5,576,16,clear,False,0.24,1,0,0,20.7,6.6,2,4,8.8
14728,Superfast,2026-01-24,1,4,DD,6,569,16,clear,False,0.45,0,0,0,29.5,8.8,2,3,8.1
14728,Superfast,2026-01-24,1,4,PUNE,7,645,17,clear,False,0.12,3,0,0,37.6,8.1,2,2,18.1
14728,Superfast,2026-01-24,1,4,MRJ,8,366,13,clear,False,0.1,1,1,0,55.7,18.1,2,1,24.3
14728,Superfast,2026-01-24,1,4,KOP,9,319,13,clear,False,0.23,1,1,0,80.0,24.3,0,0,26.5
15124,Vande Bharat,2026-01-24,1,4,KOP,0,0,18,clear,False,0.0,1,1,0,0.0,0.0,0,9,0.0
15124,Vande Bharat,2026-01-24,1,4,MRJ,1,47,19,clear,False,0.3,1,0,0,0.0,0.0,2,8,11.1
15124,Vande Bharat,2026-01-24,1,4,PUNE,2,326,22,clear,False,0.16,1,0,0,11.1,11.1,2,7,11.4
15124,Vande Bharat,2026-01-24,1,4,DD,3,250,21,clear,False,0.24,0,0,0,22.5,11.4,2,6,15.9
15124,Vande Bharat,2026-01-24,1,4,MMR,4,257,21,clear,False,0.38,1,1,0,38.4,15.9,2,5,30.1
15124,Vande Bharat,2026-01-24,1,4,BSL,5,74,19,clear,False,0.7,1,1,0,68.5,30.1,2,4,36.4
15124,Vande Bharat,2026-01-24,1,4,AK,6,65,19,clear,False,0.65,3,1,0,104.9,36.4,2,3,45.2
15124,Vande Bharat,2026-01-24,1,4,BD,7,144,20,clear,False,0.37,4,1,0,150.1,45.2,2,2,57.0
15124,Vande Bharat,2026-01-24,1,4,WR,8,239,21,clear,False,0.66,0,1,0,207.1,57.0,2,1,61.9
15124,Vande Bharat,2026-01-24,1,4,NGP,9,319,22,clear,False,0.22,1,1,0,269.0,61.9,0,0,63.5
13992,Mail,2026-08-21,8,2,CSMT,0,0,8,clear,True,0.0,0,0,0,0.0,0.0,0,10,0.0
13992,Mail,2026-08-21,8,2,DR,1,9,8,clear,True,0.55,2,0,1,0.0,0.0,6,9,8.1
13992,Mail,2026-08-21,8,2,TNA,2,34,8,clear,True,0.9,3,1,1,8.1,8.1,6,8,37.3
13992,Mail,2026-08-21,8,2,KYN,3,54,9,clear,True,0.26,1,1,0,45.4,37.3,6,7,38.1
13992,Mail,2026-08-21,8,2,KJT,4,100,9,clear,True,0.5,1,1,0,83.5,38.1,6,6,54.1
13992,Mail,2026-08-21,8,2,LNL,5,128,10,clear,True,0.9,0,1,0,137.6,54.1,6,5,68.2
13992,Mail,2026-08-21,8,2,SVJR,6,190,10,clear,True,0.47,1,1,0,205.8,68.2,6,4,70.5
13992,Mail,2026-08-21,8,2,PUNE,7,192,10,clear,True,0.34,1,1,0,276.3,70.5,6,3,72.2
13992,Mail,2026-08-21,8,2,DD,8,268,11,clear,True,0.71,1,1,0,348.5,72.2,6,2,80.1
13992,Mail,2026-08-21,8,2,KWV,9,377,13,clear,True,0.44,0,1,0,428.6,80.1,6,1,81.1
13992,Mail,2026-08-21,8,2,SUR,10,455,14,clear,True,0.29,3,1,0,509.7,81.1,0,0,79.8
16467,Express,2026-08-21,8,2,SUR,0,0,18,clear,True,0.0,1,0,0,0.0,0.0,0,10,0.0
16467,Express,2026-08-21,8,2,KWV,1,78,19,clear,True,0.34,2,1,2,0.0,0.0,4,9,18.4
16467,Express,2026-08-21,8,2,DD,2,187,20,clear,True,0.65,0,1,0,18.4,18.4,4,8,25.5
16467,Express,2026-08-21,8,2,PUNE,3,263,21,clear,True,0.08,1,1,0,43.9,25.5,4,7,32.8
16467,Express,2026-08-21,8,2,SVJR,4,265,21,clear,True,0.71,1,1,0,76.7,32.8,4,6,40.4
16467,Express,2026-08-21,8,2,LNL,5,327,22,clear,True,0.22,2,1,1,117.1,40.4,4,5,56.0
16467,Express,2026-08-21,8,2,KJT,6,355,22,clear,True,0.48,1,1,0,173.1,56.0,4,4,61.5
16467,Express,2026-08-21,8,2,KYN,7,401,23,clear,True,0.15,0,1,0,234.6,61.5,4,3,65.1
16467,Express,2026-08-21,8,2,TNA,8,421,23,clear,True,0.05,1,1,0,299.7,65.1,4,2,66.7
16467,Express,2026-08-21,8,2,DR,9,446,23,clear,True,0.11,2,1,1,366.4,66.7,4,1,64.2
16467,Express,2026-08-21,8,2,CSMT,10,455,23,clear,True,0.36,1,1,0,430.6,64.2,0,0,66.9
14983,Vande Bharat,2026-08-21,8,2,CSMT,0,0,7,clear,True,0.0,3,0,3,0.0,0.0,0,8,0.0
14983,Vande Bharat,2026-08-21,8,2,DR,1,9,8,clear,True,0.27,2,0,3,0.0,0.0,2,7,12.9
14983,Vande Bharat,2026-08-21,8,2,TNA,2,34,8,clear,True,1.0,2,0,3,12.9,12.9,2,6,22.9
14983,Vande Bharat,2026-08-21,8,2,KYN,3,54,8,clear,True,0.73,1,1,0,35.8,22.9,2,5,38.4
14983,Vande Bharat,2026-08-21,8,2,LNL,4,128,9,clear,True,1.0,0,1,0,74.2,38.4,2,4,60.9
14983,Vande Bharat,2026-08-21,8,2,PUNE,5,192,10,clear,True,0.12,1,1,0,135.1,60.9,2,3,62.8
14983,Vande Bharat,2026-08-21,8,2,MRJ,6,471,13,clear,True,0.34,1,1,0,197.9,62.8,2,2,61.9
14983,Vande Bharat,2026-08-21,8,2,SLI,7,478,13,clear,True,0.49,3,1,3,259.8,61.9,2,1,71.8
14983,Vande Bharat,2026-08-21,8,2,KOP,8,518,14,clear,True,0.39,2,1,2,331.6,71.8,0,0,80.9
15896,Mail,2026-08-21,8,2,KOP,0,0,15,clear,True,0.0,1,0,0,0.0,0.0,0,8,0.0
15896,Mail,2026-08-21,8,2,SLI,1,40,15,clear,True,0.33,2,0,1,0.0,0.0,6,7,4.8
15896,Mail,2026-08-21,8,2,MRJ,2,47,15,clear,True,0.66,2,1,1,4.8,4.8,6,6,15.4
15896,Mail,2026-08-21,8,2,PUNE,3,326,19,clear,True,1.0,3,1,1,20.2,15.4,6,5,31.9
15896,Mail,2026-08-21,8,2,LNL,4,390,20,clear,True,0.46,4,1,1,52.1,31.9,6,4,50.9
15896,Mail,2026-08-21,8,2,KYN,5,464,21,clear,True,0.18,2,1,0,103.0,50.9,6,3,54.7
15896,Mail,2026-08-21,8,2,TNA,6,484,21,clear,True,0.53,0,1,0,157.7,54.7,6,2,55.5
15896,Mail,2026-08-21,8,2,DR,7,509,21,clear,True,0.75,0,1,0,213.2,55.5,6,1,61.4
15896,Mail,2026-08-21,8,2,CSMT,8,518,21,clear,True,0.37,1,1,0,274.6,61.4,0,0,65.4
13298,Vande Bharat,2026-08-21,8,2,CSMT,0,0,7,clear,True,0.0,1,0,0,0.0,0.0,0,15,6.9
13298,Vande Bharat,2026-08-21,8,2,DR,1,9,7,clear,True,0.46,1,0,0,6.9,6.9,2,14,9.9
13298,Vande Bharat,2026-08-21,8,2,TNA,2,34,7,clear,True,0.43,1,1,0,16.8,9.9,2,13,12.9
13298,Vande Bharat,2026-08-21,8,2,KYN,3,54,7,clear,True,0.06,1,1,0,29.7,12.9,2,12,14.8
13298,Vande Bharat,2026-08-21,8,2,IGP,4,137,8,clear,True,0.42,1,0,0,44.5,14.8,2,11,26.0
13298,Vande Bharat,2026-08-21,8,2,NK,5,188,9,clear,True,0.49,2,1,0,70.5,26.0,2,10,33.4
13298,Vande Bharat,2026-08-21,8,2,MMR,6,261,10,clear,True,0.54,1,1,0,103.9,33.4,2,9,43.3
13298,Vande Bharat,2026-08-21,8,2,CSN,7,328,11,clear,True,0.84,1,1,0,147.2,43.3,2,8,56.4
13298,Vande Bharat,2026-08-21,8,2,JL,8,420,12,clear,True,0.24,2,1,1,203.6,56.4,2,7,57.9
13298,Vande Bharat,2026-08-21,8,2,BSL,9,444,12,clear,True,0.41,2,1,2,261.5,57.9,2,6,63.2
13298,Vande Bharat,2026-08-21,8,2,MKU,10,494,13,clear,True,0.49,1,1,0,324.7,63.2,2,5,65.7
13298,Vande Bharat,2026-08-21,8,2,AK,11,583,14,clear,True,0.19,2,1,0,390.4,65.7,2,4,64.9
13298,Vande Bharat,2026-08-21,8,2,BD,12,662,15,clear,True,0.12,1,1,0,455.3,64.9,2,3,68.3
13298,Vande Bharat,2026-08-21,8,2,WR,13,757,16,clear,True,0.25,3,1,1,523.6,68.3,2,2,72.1
13298,Vande Bharat,2026-08-21,8,2,NGP,14,837,17,clear,True,0.3,0,1,0,595.7,72.1,2,1,74.5
13298,Vande Bharat,2026-08-21,8,2,G,15,967,19,clear,True,0.46,1,1,0,670.2,74.5,0,0,87.3
11351,Intercity,2026-08-21,8,2,G,0,0,12,clear,True,0.0,1,0,0,0.0,0.0,0,15,14.4
11351,Intercity,2026-08-21,8,2,NGP,1,130,13,clear,True,0.32,1,1,0,14.4,14.4,4,14,24.7
11351,Intercity,2026-08-21,8,2,WR,2,210,14,clear,True,0.27,3,1,1,39.1,24.7,4,13,34.0
11351,Intercity,2026-08-21,8,2,BD,3,305,16,clear,True,0.46,1,1,0,73.1,34.0,4,12,41.9
11351,Intercity,2026-08-21,8,2,AK,4,384,17,clear,True,0.19,0,1,0,115.0,41.9,4,11,48.4
11351,Intercity,2026-08-21,8,2,MKU,5,473,18,clear,True,0.51,3,1,1,163.4,48.4,4,10,61.9
11351,Intercity,2026-08-21,8,2,BSL,6,523,18,clear,True,0.32,1,1,0,225.3,61.9,4,9,65.0
11351,Intercity,2026-08-21,8,2,JL,7,547,19,clear,True,0.41,0,1,0,290.3,65.0,4,8,75.9
11351,Intercity,2026-08-21,8,2,CSN,8,639,20,clear,True,0.39,0,1,0,366.2,75.9,4,7,74.9
11351,Intercity,2026-08-21,8,2,MMR,9,706,21,clear,True,0.57,3,1,0,441.1,74.9,4,6,81.2
11351,Intercity,2026-08-21,8,2,NK,10,779,21,clear,True,0.3,1,1,0,522.3,81.2,4,5,84.5
11351,Intercity,2026-08-21,8,2,IGP,11,830,22,clear,True,0.29,3,1,1,606.8,84.5,4,4,101.5
11351,Intercity,2026-08-21,8,2,KYN,12,913,23,clear,True,0.51,0,1,0,708.3,101.5,4,3,98.1
11351,Intercity,2026-08-21,8,2,TNA,13,933,23,clear,True,0.37,4,1,2,806.4,98.1,4,2,104.1
11351,Intercity,2026-08-21,8,2,DR,14,958,0,clear,True,0.44,2,1,2,910.5,104.1,4,1,104.0
11351,Intercity,2026-08-21,8,2,CSMT,15,967,0,clear,True,0.26,3,1,2,1014.5,104.0,0,0,109.1
18273,Vande Bharat,2026-08-21,8,2,CSMT,0,0,20,clear,True,0.0,0,1,0,0.0,0.0,0,9,0.0
18273,Vande Bharat,2026-08-21,8,2,DR,1,9,20,clear,True,0.52,0,0,0,0.0,0.0,2,8,1.9
18273,Vande Bharat,2026-08-21,8,2,TNA,2,34,21,clear,True,0.25,1,1,0,1.9,1.9,2,7,9.9
18273,Vande Bharat,2026-08-21,8,2,KYN,3,54,21,clear,True,0.3,4,0,0,11.8,9.9,2,6,19.8
18273,Vande Bharat,2026-08-21,8,2,IGP,4,137,22,clear,True,0.29,1,1,0,31.6,19.8,2,5,27.8
18273,Vande Bharat,2026-08-21,8,2,NK,5,188,22,clear,True,0.64,0,1,0,59.4,27.8,2,4,33.3
18273,Vande Bharat,2026-08-21,8,2,MMR,6,261,23,clear,True,0.27,2,1,3,92.7,33.3,2,3,45.4
18273,Vande Bharat,2026-08-21,8,2,AWB,7,375,1,clear,True,0.54,1,1,0,138.1,45.4,2,2,46.9
18273,Vande Bharat,2026-08-21,8,2,J,8,438,2,clear,True,0.3,0,1,0,185.0,46.9,2,1,49.8
18273,Vande Bharat,2026-08-21,8,2,NED,9,609,4,clear,True,0.53,1,1,0,234.8,49.8,0,0,52.1
11264,Intercity,2026-08-21,8,2,NED,0,0,5,clear,True,0.0,1,0,0,0.0,0.0,0,9,0.0
11264,Intercity,2026-08-21,8,2,J,1,171,7,clear,True,0.44,3,0,0,0.0,0.0,4,8,13.3
11264,Intercity,2026-08-21,8,2,AWB,2,234,8,clear,True,0.45,2,0,3,13.3,13.3,4,7,21.4
11264,Intercity,2026-08-21,8,2,MMR,3,348,9,clear,True,0.4,0,1,0,34.7,21.4,4,6,30.3
11264,Intercity,2026-08-21,8,2,NK,4,421,10,clear,True,0.32,1,1,0,65.0,30.3,4,5,37.6
11264,Intercity,2026-08-21,8,2,IGP,5,472,11,clear,True,0.22,4,1,1,102.6,37.6,4,4,58.6
11264,Intercity,2026-08-21,8,2,KYN,6,555,12,clear,True,0.49,1,1,0,161.2,58.6,4,3,63.9
11264,Intercity,2026-08-21,8,2,TNA,7,575,12,clear,True,0.21,0,1,0,225.1,63.9,4,2,64.2
11264,Intercity,2026-08-21,8,2,DR,8,600,12,clear,True,0.54,0,1,0,289.3,64.2,4,1,65.6
11264,Intercity,2026-08-21,8,2,CSMT,9,609,12,clear,True,0.12,2,1,0,354.9,65.6,0,0,64.8
21829,Superfast,2026-08-21,8,2,CSMT,0,0,10,clear,True,0.0,2,0,0,0.0,0.0,0,5,0.0
21829,Superfast,2026-08-21,8,2,DR,1,9,10,clear,True,0.52,0,0,0,0.0,0.0,2,4,4.3
21829,Superfast,2026-08-21,8,2,TNA,2,34,10,clear,True,0.26,2,0,2,4.3,4.3,2,3,11.9
21829,Superfast,2026-08-21,8,2,PNVL,3,69,11,clear,True,1.0,2,1,0,16.2,11.9,2,2,20.9
21829,Superfast,2026-08-21,8,2,RN,4,307,14,clear,True,0.69,1,1,0,37.1,20.9,2,1,28.1
21829,Superfast,2026-08-21,8,2,SWV,5,495,16,clear,True,0.58,2,1,0,65.2,28.1,0,0,35.2
16432,Vande Bharat,2026-08-21,8,2,SWV,0,0,5,clear,True,0.0,2,1,0,0.0,0.0,0,5,0.0
16432,Vande Bharat,2026-08-21,8,2,RN,1,188,7,clear,True,0.14,2,0,0,0.0,0.0,2,4,1.4
16432,Vande Bharat,2026-08-21,8,2,PNVL,2,426,10,clear,True,0.62,0,0,0,1.4,1.4,2,3,4.5
16432,Vande Bharat,2026-08-21,8,2,TNA,3,461,11,clear,True,0.73,0,0,0,5.9,4.5,2,2,15.4
16432,Vande Bharat,2026-08-21,8,2,DR,4,486,11,clear,True,0.62,0,1,0,21.3,15.4,2,1,26.0
16432,Vande Bharat,2026-08-21,8,2,CSMT,5,495,11,clear,True,0.49,1,1,0,47.3,26.0,0,0,32.4
18215,Mail,2026-08-21,8,2,PUNE,0,0,7,clear,True,0.0,1,0,0,0.0,0.0,0,7,0.0
18215,Mail,2026-08-21,8,2,DD,1,76,8,clear,True,0.32,3,1,1,0.0,0.0,6,6,15.8
18215,Mail,2026-08-21,8,2,MMR,2,69,8,clear,True,1.0,1,1,0,15.8,15.8,6,5,34.0
18215,Mail,2026-08-21,8,2,BSL,3,252,10,clear,True,0.59,2,1,1,49.8,34.0,6,4,42.2
18215,Mail,2026-08-21,8,2,AK,4,391,12,clear,True,0.48,3,1,0,92.0,42.2,6,3,46.5
18215,Mail,2026-08-21,8,2,BD,5,470,13,clear,True,0.1,0,1,0,138.5,46.5,6,2,48.6
18215,Mail,2026-08-21,8,2,WR,6,565,14,clear,True,0.2,0,1,0,187.1,48.6,6,1,47.8
18215,Mail,2026-08-21,8,2,NGP,7,645,15,clear,True,0.25,0,1,0,234.9,47.8,0,0,51.1
12724,Mail,2026-08-21,8,2,NGP,0,0,9,clear,True,0.0,2,0,1,0.0,0.0,0,7,0.0
12724,Mail,2026-08-21,8,2,WR,1,80,10,clear,True,0.71,1,0,0,0.0,0.0,6,6,4.6
12724,Mail,2026-08-21,8,2,BD,2,175,11,clear,True,0.48,4,0,2,4.6,4.6,6,5,20.4
12724,Mail,2026-08-21,8,2,AK,3,254,12,clear,True,0.34,1,1,0,25.0,20.4,6,4,22.1
12724,Mail,2026-08-21,8,2,BSL,4,393,14,clear,True,0.36,0,1,0,47.1,22.1,6,3,26.7
12724,Mail,2026-08-21,8,2,MMR,5,576,16,clear,True,0.31,3,1,1,73.8,26.7,6,2,41.0
12724,Mail,2026-08-21,8,2,DD,6,569,16,clear,True,0.29,1,1,0,114.8,41.0,6,1,43.5
12724,Mail,2026-08-21,8,2,PUNE,7,645,17,clear,True,0.25,4,1,1,158.3,43.5,0,0,51.1
13652,Superfast,2026-08-21,8,2,NGP,0,0,12,clear,True,0.0,1,0,0,0.0,0.0,0,9,0.0
13652,Superfast,2026-08-21,8,2,WR,1,80,13,clear,True,0.45,2,0,0,0.0,0.0,2,8,0.6
13652,Superfast,2026-08-21,8,2,BD,2,175,14,clear,True,0.54,0,0,0,0.6,0.6,2,7,2.3
13652,Superfast,2026-08-21,8,2,AK,3,254,15,clear,True,0.1,1,1,0,2.9,2.3,2,6,11.0
13652,Superfast,2026-08-21,8,2,BSL,4,393,17,clear,True,0.73,1,0,0,13.9,11.0,2,5,13.9
13652,Superfast,2026-08-21,8,2,MMR,5,576,19,clear,True,0.46,3,0,2,27.8,13.9,2,4,27.0
13652,Superfast,2026-08-21,8,2,DD,6,569,19,clear,True,0.51,1,1,0,54.8,27.0,2,3,36.8
13652,Superfast,2026-08-21,8,2,PUNE,7,645,20,clear,True,1.0,1,1,0,91.6,36.8,2,2,44.5
13652,Superfast,2026-08-21,8,2,MRJ,8,366,16,clear,True,0.49,2,1,0,136.1,44.5,2,1,63.4
13652,Superfast,2026-08-21,8,2,KOP,9,319,16,clear,True,0.59,1,1,0,199.5,63.4,0,0,60.4
17988,Express,2026-08-21,8,2,KOP,0,0,16,clear,True,0.0,0,0,0,0.0,0.0,0,9,0.0
17988,Express,2026-08-21,8,2,MRJ,1,47,17,clear,True,0.62,0,0,0,0.0,0.0,4,8,4.8
17988,Express,2026-08-21,8,2,PUNE,2,326,20,clear,True,0.4,1,0,0,4.8,4.8,4,7,7.3
17988,Express,2026-08-21,8,2,DD,3,250,19,clear,True,0.77,1,0,0,12.1,7.3,4,6,13.5
17988,Express,2026-08-21,8,2,MMR,4,257,19,clear,True,0.46,4,1,2,25.6,13.5,4,5,39.2
17988,Express,2026-08-21,8,2,BSL,5,74,17,clear,True,0.21,1,1,0,64.8,39.2,4,4,48.9
17988,Express,2026-08-21,8,2,AK,6,65,17,clear,True,0.59,3,1,0,113.7,48.9,4,3,60.7
17988,Express,2026-08-21,8,2,BD,7,144,18,clear,True,0.48,2,1,0,174.4,60.7,4,2,65.1
17988,Express,2026-08-21,8,2,WR,8,239,19,clear,True,0.15,2,1,1,239.5,65.1,4,1,74.8
17988,Express,2026-08-21,8,2,NGP,9,319,20,clear,True,0.37,0,1,0,314.3,74.8,0,0,80.9
16941,Mail,2026-09-26,9,0,CSMT,0,0,14,heavy_rain,True,0.0,4,1,0,0.0,0.0,0,10,0.0
16941,Mail,2026-09-26,9,0,DR,1,9,14,heavy_rain,True,0.6,1,0,0,0.0,0.0,6,9,0.2
16941,Mail,2026-09-26,9,0,TNA,2,34,15,heavy_rain,True,0.02,0,0,0,0.2,0.2,6,8,2.7
16941,Mail,2026-09-26,9,0,KYN,3,54,15,heavy_rain,True,0.26,2,0,3,2.9,2.7,6,7,13.9
16941,Mail,2026-09-26,9,0,KJT,4,100,15,heavy_rain,True,0.11,1,1,0,16.8,13.9,6,6,25.9
16941,Mail,2026-09-26,9,0,LNL,5,128,16,heavy_rain,True,0.31,0,1,0,42.7,25.9,6,5,35.7
16941,Mail,2026-09-26,9,0,SVJR,6,190,17,heavy_rain,True,0.52,1,1,0,78.4,35.7,6,4,42.2
16941,Mail,2026-09-26,9,0,PUNE,7,192,17,heavy_rain,True,0.99,1,1,0,120.6,42.2,6,3,50.5
16941,Mail,2026-09-26,9,0,DD,8,268,18,heavy_rain,True,0.69,1,1,0,171.1,50.5,6,2,54.9
16941,Mail,2026-09-26,9,0,KWV,9,377,19,heavy_rain,True,0.36,2,1,0,226.0,54.9,6,1,58.5
16941,Mail,2026-09-26,9,0,SUR,10,455,20,heavy_rain,True,0.42,2,1,0,284.5,58.5,0,0,66.9
20731,Mail,2026-09-26,9,0,SUR,0,0,22,heavy_rain,True,0.0,0,0,0,0.0,0.0,0,10,0.8
20731,Mail,2026-09-26,9,0,KWV,1,78,23,heavy_rain,True,0.11,4,0,3,0.8,0.8,6,9,14.7
20731,Mail,2026-09-26,9,0,DD,2,187,0,heavy_rain,True,0.09,1,1,0,15.5,14.7,6,8,17.8
20731,Mail,2026-09-26,9,0,PUNE,3,263,1,heavy_rain,True,0.39,1,1,0,33.3,17.8,6,7,22.6
20731,Mail,2026-09-26,9,0,SVJR,4,265,1,heavy_rain,True,0.58,0,1,0,55.9,22.6,6,6,28.5
20731,Mail,2026-09-26,9,0,LNL,5,327,2,heavy_rain,True,0.58,0,1,0,84.4,28.5,6,5,42.1
20731,Mail,2026-09-26,9,0,KJT,6,355,2,heavy_rain,True,0.3,0,1,0,126.5,42.1,6,4,56.7
20731,Mail,2026-09-26,9,0,KYN,7,401,3,heavy_rain,True,0.44,2,1,1,183.2,56.7,6,3,91.9
20731,Mail,2026-09-26,9,0,TNA,8,421,3,heavy_rain,True,0.2,0,1,0,275.1,91.9,6,2,88.4
20731,Mail,2026-09-26,9,0,DR,9,446,3,heavy_rain,True,0.23,1,1,0,363.5,88.4,6,1,87.6
20731,Mail,2026-09-26,9,0,CSMT,10,455,3,heavy_rain,True,0.64,1,1,0,451.1,87.6,0,0,80.7
12681,Mail,2026-09-26,9,0,CSMT,0,0,18,heavy_rain,True,0.0,0,0,0,0.0,0.0,0,8,0.0
12681,Mail,2026-09-26,9,0,DR,1,9,19,heavy_rain,True,0.24,1,0,0,0.0,0.0,6,7,4.9
12681,Mail,2026-09-26,9,0,TNA,2,34,19,heavy_rain,True,0.98,0,0,0,4.9,4.9,6,6,14.2
12681,Mail,2026-09-26,9,0,KYN,3,54,19,heavy_rain,True,0.36,2,0,2,19.1,14.2,6,5,18.7
12681,Mail,2026-09-26,9,0,LNL,4,128,20,heavy_rain,True,0.4,3,1,1,37.8,18.7,6,4,42.9
12681,Mail,2026-09-26,9,0,PUNE,5,192,21,heavy_rain,True,0.28,1,1,0,80.7,42.9,6,3,46.6
12681,Mail,2026-09-26,9,0,MRJ,6,471,0,heavy_rain,True,0.41,1,1,0,127.3,46.6,6,2,51.3
12681,Mail,2026-09-26,9,0,SLI,7,478,0,heavy_rain,True,0.14,2,1,0,178.6,51.3,6,1,55.3
12681,Mail,2026-09-26,9,0,KOP,8,518,1,heavy_rain,True,0.29,1,1,0,233.9,55.3,0,0,55.5
22989,Vande Bharat,2026-09-26,9,0,KOP,0,0,15,heavy_rain,True,0.0,1,0,0,0.0,0.0,0,8,0.0
22989,Vande Bharat,2026-09-26,9,0,SLI,1,40,16,heavy_rain,True,0.55,2,0,0,0.0,0.0,2,7,1.1
22989,Vande Bharat,2026-09-26,9,0,MRJ,2,47,16,heavy_rain,True,0.13,1,0,0,1.1,1.1,2,6,5.4
22989,Vande Bharat,2026-09-26,9,0,PUNE,3,326,19,heavy_rain,True,0.52,1,0,0,6.5,5.4,2,5,6.7
22989,Vande Bharat,2026-09-26,9,0,LNL,4,390,20,heavy_rain,True,0.46,1,0,0,13.2,6.7,2,4,17.0
22989,Vande Bharat,2026-09-26,9,0,KYN,5,464,21,heavy_rain,True,0.09,1,1,0,30.2,17.0,2,3,23.5
22989,Vande Bharat,2026-09-26,9,0,TNA,6,484,21,heavy_rain,True,0.19,2,1,0,53.7,23.5,2,2,37.0
22989,Vande Bharat,2026-09-26,9,0,DR,7,509,22,heavy_rain,True,0.28,0,1,0,90.7,37.0,2,1,41.1
22989,Vande Bharat,2026-09-26,9,0,CSMT,8,518,22,heavy_rain,True,0.53,0,1,0,131.8,41.1,0,0,47.3
18106,Mail,2026-09-26,9,0,CSMT,0,0,16,heavy_rain,True,0.0,2,0,0,0.0,0.0,0,15,0.0
18106,Mail,2026-09-26,9,0,DR,1,9,17,heavy_rain,True,0.59,1,0,0,0.0,0.0,6,14,4.4
18106,Mail,2026-09-26,9,0,TNA,2,34,17,heavy_rain,True,0.44,3,0,1,4.4,4.4,6,13,14.1
18106,Mail,2026-09-26,9,0,KYN,3,54,17,heavy_rain,True,0.58,1,0,0,18.5,14.1,6,12,17.8
18106,Mail,2026-09-26,9,0,IGP,4,137,18,heavy_rain,True,0.26,4,1,0,36.3,17.8,6,11,39.6
18106,Mail,2026-09-26,9,0,NK,5,188,19,heavy_rain,True,0.55,2,1,1,75.9,39.6,6,10,47.8
18106,Mail,2026-09-26,9,0,MMR,6,261,20,heavy_rain,True,0.6,3,1,0,123.7,47.8,6,9,56.9
18106,Mail,2026-09-26,9,0,CSN,7,328,21,heavy_rain,True,0.79,2,1,1,180.6,56.9,6,8,66.1
18106,Mail,2026-09-26,9,0,JL,8,420,22,heavy_rain,True,0.33,3,1,0,246.7,66.1,6,7,75.3
18106,Mail,2026-09-26,9,0,BSL,9,444,22,heavy_rain,True,0.32,3,1,1,322.0,75.3,6,6,85.6
18106,Mail,2026-09-26,9,0,MKU,10,494,23,heavy_rain,True,0.45,2,1,0,407.6,85.6,6,5,83.5
18106,Mail,2026-09-26,9,0,AK,11,583,0,heavy_rain,True,0.27,1,1,0,491.1,83.5,6,4,84.3
18106,Mail,2026-09-26,9,0,BD,12,662,1,heavy_rain,True,0.31,3,1,2,575.4,84.3,6,3,95.0
18106,Mail,2026-09-26,9,0,WR,13,757,2,heavy_rain,True,0.21,2,1,1,670.4,95.0,6,2,94.0
18106,Mail,2026-09-26,9,0,NGP,14,837,3,heavy_rain,True,0.51,1,1,0,764.4,94.0,6,1,87.2
18106,Mail,2026-09-26,9,0,G,15,967,5,heavy_rain,True,0.38,1,1,0,851.6,87.2,0,0,86.8
15532,Superfast,2026-09-26,9,0,G,0,0,13,heavy_rain,True,0.0,2,0,1,0.0,0.0,0,15,7.9
15532,Superfast,2026-09-26,9,0,NGP,1,130,14,heavy_rain,True,0.14,1,0,0,7.9,7.9,2,14,16.0
15532,Superfast,2026-09-26,9,0,WR,2,210,15,heavy_rain,True,0.68,1,1,0,23.9,16.0,2,13,24.8
15532,Superfast,2026-09-26,9,0,BD,3,305,16,heavy_rain,True,0.32,2,1,0,48.7,24.8,2,12,30.6
15532,Superfast,2026-09-26,9,0,AK,4,384,17,heavy_rain,True,0.39,1,1,0,79.3,30.6,2,11,34.6
15532,Superfast,2026-09-26,9,0,MKU,5,473,18,heavy_rain,True,0.2,1,1,0,113.9,34.6,2,10,40.5
15532,Superfast,2026-09-26,9,0,BSL,6,523,19,heavy_rain,True,0.48,2,1,0,154.4,40.5,2,9,42.3
15532,Superfast,2026-09-26,9,0,JL,7,547,19,heavy_rain,True,0.33,1,1,0,196.7,42.3,2,8,46.0
15532,Superfast,2026-09-26,9,0,CSN,8,639,21,heavy_rain,True,0.41,0,1,0,242.7,46.0,2,7,78.5
15532,Superfast,2026-09-26,9,0,MMR,9,706,21,heavy_rain,True,0.78,1,1,0,321.2,78.5,2,6,80.7
15532,Superfast,2026-09-26,9,0,NK,10,779,22,heavy_rain,True,0.43,2,1,2,401.9,80.7,2,5,84.4
15532,Superfast,2026-09-26,9,0,IGP,11,830,23,heavy_rain,True,0.13,1,1,0,486.3,84.4,2,4,91.1
15532,Superfast,2026-09-26,9,0,KYN,12,913,0,heavy_rain,True,0.17,1,1,0,577.4,91.1,2,3,86.3
15532,Superfast,2026-09-26,9,0,TNA,13,933,0,heavy_rain,True,0.8,0,1,0,663.7,86.3,2,2,83.1
15532,Superfast,2026-09-26,9,0,DR,14,958,1,heavy_rain,True,0.57,0,1,0,746.8,83.1,2,1,78.8
15532,Superfast,2026-09-26,9,0,CSMT,15,967,1,heavy_rain,True,0.37,1,1,0,825.6,78.8,0,0,76.8
15853,Mail,2026-09-26,9,0,CSMT,0,0,18,heavy_rain,True,0.0,1,0,0,0.0,0.0,0,9,0.0
15853,Mail,2026-09-26,9,0,DR,1,9,18,heavy_rain,True,0.31,0,0,0,0.0,0.0,6,8,4.2
15853,Mail,2026-09-26,9,0,TNA,2,34,19,heavy_rain,True,0.65,3,0,0,4.2,4.2,6,7,19.0
15853,Mail,2026-09-26,9,0,KYN,3,54,19,heavy_rain,True,0.56,2,1,0,23.2,19.0,6,6,29.6
15853,Mail,2026-09-26,9,0,IGP,4,137,20,heavy_rain,True,1.0,3,1,3,52.8,29.6,6,5,55.5
15853,Mail,2026-09-26,9,0,NK,5,188,20,heavy_rain,True,0.54,2,1,0,108.3,55.5,6,4,63.1
15853,Mail,2026-09-26,9,0,MMR,6,261,21,heavy_rain,True,0.45,1,1,0,171.4,63.1,6,3,67.9
15853,Mail,2026-09-26,9,0,AWB,7,375,23,heavy_rain,True,0.32,4,1,0,239.3,67.9,6,2,67.1
15853,Mail,2026-09-26,9,0,J,8,438,0,heavy_rain,True,0.46,1,1,0,306.4,67.1,6,1,70.2
15853,Mail,2026-09-26,9,0,NED,9,609,2,heavy_rain,True,0.39,1,1,0,376.6,70.2,0,0,72.5
15019,Superfast,2026-09-26,9,0,NED,0,0,20,heavy_rain,True,0.0,2,1,0,0.0,0.0,0,9,0.0
15019,Superfast,2026-09-26,9,0,J,1,171,22,heavy_rain,True,0.55,3,0,0,0.0,0.0,2,8,3.8
15019,Superfast,2026-09-26,9,0,AWB,2,234,23,heavy_rain,True,0.21,1,0,0,3.8,3.8,2,7,3.9
15019,Superfast,2026-09-26,9,0,MMR,3,348,1,heavy_rain,True,0.44,0,1,0,7.7,3.9,2,6,14.6
15019,Superfast,2026-09-26,9,0,NK,4,421,2,heavy_rain,True,0.35,1,0,0,22.3,14.6,2,5,14.4
15019,Superfast,2026-09-26,9,0,IGP,5,472,2,heavy_rain,True,0.51,1,0,0,36.7,14.4,2,4,21.6
15019,Superfast,2026-09-26,9,0,KYN,6,555,3,heavy_rain,True,0.31,1,1,0,58.3,21.6,2,3,23.9
15019,Superfast,2026-09-26,9,0,TNA,7,575,3,heavy_rain,True,0.4,2,1,1,82.2,23.9,2,2,31.8
15019,Superfast,2026-09-26,9,0,DR,8,600,4,heavy_rain,True,0.47,1,1,0,114.0,31.8,2,1,40.3
15019,Superfast,2026-09-26,9,0,CSMT,9,609,4,heavy_rain,True,0.46,3,1,0,154.3,40.3,0,0,51.6
22357,Vande Bharat,2026-09-26,9,0,CSMT,0,0,7,heavy_rain,True,0.0,4,0,0,0.0,0.0,0,5,8.8
22357,Vande Bharat,2026-09-26,9,0,DR,1,9,7,heavy_rain,True,0.69,4,0,0,8.8,8.8,2,4,13.1
22357,Vande Bharat,2026-09-26,9,0,TNA,2,34,7,heavy_rain,True,0.34,1,0,0,21.9,13.1,2,3,12.0
22357,Vande Bharat,2026-09-26,9,0,PNVL,3,69,8,heavy_rain,True,0.17,2,0,1,33.9,12.0,2,2,19.5
22357,Vande Bharat,2026-09-26,9,0,RN,4,307,11,heavy_rain,True,0.66,2,1,0,53.4,19.5,2,1,26.8
22357,Vande Bharat,2026-09-26,9,0,SWV,5,495,13,heavy_rain,True,0.18,4,1,0,80.2,26.8,0,0,39.3
18540,Vande Bharat,2026-09-26,9,0,SWV,0,0,16,heavy_rain,True,0.0,1,0,0,0.0,0.0,0,5,6.5
18540,Vande Bharat,2026-09-26,9,0,RN,1,188,18,heavy_rain,True,0.52,1,0,0,6.5,6.5,2,4,8.2
18540,Vande Bharat,2026-09-26,9,0,PNVL,2,426,21,heavy_rain,True,0.18,0,0,0,14.7,8.2,2,3,11.8
18540,Vande Bharat,2026-09-26,9,0,TNA,3,461,21,heavy_rain,True,0.77,3,1,1,26.5,11.8,2,2,31.3
18540,Vande Bharat,2026-09-26,9,0,DR,4,486,22,heavy_rain,True,0.5,0,1,0,57.8,31.3,2,1,36.1
18540,Vande Bharat,2026-09-26,9,0,CSMT,5,495,22,heavy_rain,True,0.16,1,1,0,93.9,36.1,0,0,40.0
22691,Vande Bharat,2026-09-26,9,0,PUNE,0,0,15,heavy_rain,True,0.0,2,1,0,0.0,0.0,0,7,0.0
22691,Vande Bharat,2026-09-26,9,0,DD,1,76,16,heavy_rain,True,0.45,1,0,0,0.0,0.0,2,6,2.6
22691,Vande Bharat,2026-09-26,9,0,MMR,2,69,16,heavy_rain,True,0.34,1,0,0,2.6,2.6,2,5,6.5
22691,Vande Bharat,2026-09-26,9,0,BSL,3,252,18,heavy_rain,True,0.08,2,0,0,9.1,6.5,2,4,12.2
22691,Vande Bharat,2026-09-26,9,0,AK,4,391,20,heavy_rain,True,0.48,2,0,0,21.3,12.2,2,3,19.7
22691,Vande Bharat,2026-09-26,9,0,BD,5,470,21,heavy_rain,True,0.2,3,1,0,41.0,19.7,2,2,27.3
22691,Vande Bharat,2026-09-26,9,0,WR,6,565,22,heavy_rain,True,0.33,2,1,1,68.3,27.3,2,1,36.4
22691,Vande Bharat,2026-09-26,9,0,NGP,7,645,23,heavy_rain,True,0.31,0,1,0,104.7,36.4,0,0,37.0
22966,Intercity,2026-09-26,9,0,NGP,0,0,7,heavy_rain,True,0.0,4,0,3,0.0,0.0,0,7,0.0
22966,Intercity,2026-09-26,9,0,WR,1,80,8,heavy_rain,True,0.15,0,0,0,0.0,0.0,4,6,5.5
22966,Intercity,2026-09-26,9,0,BD,2,175,10,heavy_rain,True,0.19,2,0,0,5.5,5.5,4,5,10.0
22966,Intercity,2026-09-26,9,0,AK,3,254,11,heavy_rain,True,0.57,1,0,0,15.5,10.0,4,4,19.1
22966,Intercity,2026-09-26,9,0,BSL,4,393,12,heavy_rain,True,0.57,2,1,0,34.6,19.1,4,3,26.0
22966,Intercity,2026-09-26,9,0,MMR,5,576,15,heavy_rain,True,0.56,1,1,0,60.6,26.0,4,2,31.5
22966,Intercity,2026-09-26,9,0,DD,6,569,15,heavy_rain,True,0.39,0,1,0,92.1,31.5,4,1,33.6
22966,Intercity,2026-09-26,9,0,PUNE,7,645,15,heavy_rain,True,0.25,0,1,0,125.7,33.6,0,0,40.6
19186,Express,2026-09-26,9,0,NGP,0,0,6,heavy_rain,True,0.0,0,0,0,0.0,0.0,0,9,0.0
19186,Express,2026-09-26,9,0,WR,1,80,7,heavy_rain,True,0.29,0,0,0,0.0,0.0,4,8,2.4
19186,Express,2026-09-26,9,0,BD,2,175,8,heavy_rain,True,0.22,0,0,0,2.4,2.4,4,7,8.8
19186,Express,2026-09-26,9,0,AK,3,254,9,heavy_rain,True,0.36,3,1,0,11.2,8.8,4,6,26.1
19186,Express,2026-09-26,9,0,BSL,4,393,11,heavy_rain,True,0.13,2,1,0,37.3,26.1,4,5,33.1
19186,Express,2026-09-26,9,0,MMR,5,576,13,heavy_rain,True,0.52,4,1,0,70.4,33.1,4,4,38.3
19186,Express,2026-09-26,9,0,DD,6,569,13,heavy_rain,True,0.23,1,1,0,108.7,38.3,4,3,45.1
19186,Express,2026-09-26,9,0,PUNE,7,645,14,heavy_rain,True,0.41,1,1,0,153.8,45.1,4,2,50.0
19186,Express,2026-09-26,9,0,MRJ,8,366,11,heavy_rain,True,0.25,0,1,0,203.8,50.0,4,1,56.1
19186,Express,2026-09-26,9,0,KOP,9,319,10,heavy_rain,True,0.86,1,1,0,259.9,56.1,0,0,62.0
14577,Mail,2026-09-26,9,0,KOP,0,0,22,heavy_rain,True,0.0,2,1,0,0.0,0.0,0,9,2.4
14577,Mail,2026-09-26,9,0,MRJ,1,47,23,heavy_rain,True,0.4,1,0,0,2.4,2.4,6,8,2.5
14577,Mail,2026-09-26,9,0,PUNE,2,326,2,heavy_rain,True,0.37,2,0,1,4.9,2.5,6,7,8.4
14577,Mail,2026-09-26,9,0,DD,3,250,1,heavy_rain,True,0.58,1,0,0,13.3,8.4,6,6,10.1
14577,Mail,2026-09-26,9,0,MMR,4,257,1,heavy_rain,True,0.26,3,0,1,23.4,10.1,6,5,21.6
14577,Mail,2026-09-26,9,0,BSL,5,74,23,heavy_rain,True,0.36,0,1,0,45.0,21.6,6,4,24.7
14577,Mail,2026-09-26,9,0,AK,6,65,23,heavy_rain,True,0.35,3,1,1,69.7,24.7,6,3,32.5
14577,Mail,2026-09-26,9,0,BD,7,144,0,heavy_rain,True,0.05,1,1,0,102.2,32.5,6,2,36.6
14577,Mail,2026-09-26,9,0,WR,8,239,1,heavy_rain,True,0.79,0,1,0,138.8,36.6,6,1,45.1
14577,Mail,2026-09-26,9,0,NGP,9,319,2,heavy_rain,True,0.25,0,1,0,183.9,45.1,0,0,50.1
17370,Mail,2026-06-22,6,3,CSMT,0,0,19,heavy_rain,True,0.0,2,1,0,0.0,0.0,0,10,2.9
17370,Mail,2026-06-22,6,3,DR,1,9,19,heavy_rain,True,0.92,4,0,1,2.9,2.9,6,9,20.2
17370,Mail,2026-06-22,6,3,TNA,2,34,19,heavy_rain,True,0.26,0,1,0,23.1,20.2,6,8,31.2
17370,Mail,2026-06-22,6,3,KYN,3,54,19,heavy_rain,True,1.0,4,1,1,54.3,31.2,6,7,49.8
17370,Mail,2026-06-22,6,3,KJT,4,100,20,heavy_rain,True,0.41,2,1,0,104.1,49.8,6,6,59.9
17370,Mail,2026-06-22,6,3,LNL,5,128,20,heavy_rain,True,0.43,2,1,1,164.0,59.9,6,5,70.1
17370,Mail,2026-06-22,6,3,SVJR,6,190,21,heavy_rain,True,0.75,3,1,1,234.1,70.1,6,4,85.2
17370,Mail,2026-06-22,6,3,PUNE,7,192,21,heavy_rain,True,0.56,1,1,0,319.3,85.2,6,3,88.4
17370,Mail,2026-06-22,6,3,DD,8,268,22,heavy_rain,True,0.33,1,1,0,407.7,88.4,6,2,85.2
17370,Mail,2026-06-22,6,3,KWV,9,377,23,heavy_rain,True,0.44,0,1,0,492.9,85.2,6,1,82.5
17370,Mail,2026-06-22,6,3,SUR,10,455,0,heavy_rain,True,0.19,1,1,0,575.4,82.5,0,0,83.2
18129,Intercity,2026-06-22,6,3,SUR,0,0,11,heavy_rain,True,0.0,1,0,0,0.0,0.0,0,10,0.0
18129,Intercity,2026-06-22,6,3,KWV,1,78,12,heavy_rain,True,0.61,1,0,0,0.0,0.0,4,9,5.0
18129,Intercity,2026-06-22,6,3,DD,2,187,14,heavy_rain,True,0.45,2,0,1,5.0,5.0,4,8,6.5
18129,Intercity,2026-06-22,6,3,PUNE,3,263,15,heavy_rain,True,0.39,0,0,0,11.5,6.5,4,7,12.1
18129,Intercity,2026-06-22,6,3,SVJR,4,265,15,heavy_rain,True,0.62,0,1,0,23.6,12.1,4,6,21.5
18129,Intercity,2026-06-22,6,3,LNL,5,327,15,heavy_rain,True,0.29,3,1,0,45.1,21.5,4,5,44.6
18129,Intercity,2026-06-22,6,3,KJT,6,355,16,heavy_rain,True,0.68,0,1,0,89.7,44.6,4,4,54.0
18129,Intercity,2026-06-22,6,3,KYN,7,401,16,heavy_rain,True,0.19,0,1,0,143.7,54.0,4,3,59.1
18129,Intercity,2026-06-22,6,3,TNA,8,421,17,heavy_rain,True,0.41,4,1,0,202.8,59.1,4,2,65.7
18129,Intercity,2026-06-22,6,3,DR,9,446,17,heavy_rain,True,0.53,1,1,0,268.5,65.7,4,1,71.6
18129,Intercity,2026-06-22,6,3,CSMT,10,455,17,heavy_rain,True,0.64,2,1,0,340.1,71.6,0,0,76.7
19335,Superfast,2026-06-22,6,3,CSMT,0,0,11,heavy_rain,True,0.0,3,1,2,0.0,0.0,0,8,0.0
19335,Superfast,2026-06-22,6,3,DR,1,9,11,heavy_rain,True,0.3,2,1,0,0.0,0.0,2,7,10.4
19335,Superfast,2026-06-22,6,3,TNA,2,34,12,heavy_rain,True,0.2,0,0,0,10.4,10.4,2,6,11.7
19335,Superfast,2026-06-22,6,3,KYN,3,54,12,heavy_rain,True,0.18,0,0,0,22.1,11.7,2,5,10.9
19335,Superfast,2026-06-22,6,3,LNL,4,128,13,heavy_rain,True,0.12,0,0,0,33.0,10.9,2,4,20.4
19335,Superfast,2026-06-22,6,3,PUNE,5,192,14,heavy_rain,True,0.47,3,1,0,53.4,20.4,2,3,29.5
19335,Superfast,2026-06-22,6,3,MRJ,6,471,17,heavy_rain,True,0.65,2,1,3,82.9,29.5,2,2,44.4
19335,Superfast,2026-06-22,6,3,SLI,7,478,17,heavy_rain,True,0.26,4,1,0,127.3,44.4,2,1,55.2
19335,Superfast,2026-06-22,6,3,KOP,8,518,18,heavy_rain,True,0.64,2,1,0,182.5,55.2,0,0,56.4
21186,Superfast,2026-06-22,6,3,KOP,0,0,17,heavy_rain,True,0.0,1,0,0,0.0,0.0,0,8,0.0
21186,Superfast,2026-06-22,6,3,SLI,1,40,17,heavy_rain,True,0.36,1,1,0,0.0,0.0,2,7,11.7
21186,Superfast,2026-06-22,6,3,MRJ,2,47,17,heavy_rain,True,0.15,3,0,0,11.7,11.7,2,6,20.9
21186,Superfast,2026-06-22,6,3,PUNE,3,326,21,heavy_rain,True,0.51,2,1,0,32.6,20.9,2,5,32.8
21186,Superfast,2026-06-22,6,3,LNL,4,390,21,heavy_rain,True,0.42,1,1,0,65.4,32.8,2,4,45.7
21186,Superfast,2026-06-22,6,3,KYN,5,464,22,heavy_rain,True,0.21,2,1,1,111.1,45.7,2,3,48.9
21186,Superfast,2026-06-22,6,3,TNA,6,484,23,heavy_rain,True,0.53,1,1,0,160.0,48.9,2,2,51.3
21186,Superfast,2026-06-22,6,3,DR,7,509,23,heavy_rain,True,0.19,2,1,1,211.3,51.3,2,1,57.9
21186,Superfast,2026-06-22,6,3,CSMT,8,518,23,heavy_rain,True,0.14,0,1,0,269.2,57.9,0,0,57.1
13603,Vande Bharat,2026-06-22,6,3,CSMT,0,0,21,heavy_rain,True,0.0,0,0,0,0.0,0.0,0,15,0.0
13603,Vande Bharat,2026-06-22,6,3,DR,1,9,21,heavy_rain,True,0.26,1,0,0,0.0,0.0,2,14,5.6
13603,Vande Bharat,2026-06-22,6,3,TNA,2,34,21,heavy_rain,True,0.39,3,0,0,5.6,5.6,2,13,13.0
13603,Vande Bharat,2026-06-22,6,3,KYN,3,54,21,heavy_rain,True,0.42,1,0,0,18.6,13.0,2,12,18.6
13603,Vande Bharat,2026-06-22,6,3,IGP,4,137,22,heavy_rain,True,0.34,0,1,0,37.2,18.6,2,11,31.1
13603,Vande Bharat,2026-06-22,6,3,NK,5,188,23,heavy_rain,True,0.4,2,1,3,68.3,31.1,2,10,43.1
13603,Vande Bharat,2026-06-22,6,3,MMR,6,261,0,heavy_rain,True,0.12,1,1,0,111.4,43.1,2,9,45.6
13603,Vande Bharat,2026-06-22,6,3,CSN,7,328,1,heavy_rain,True,0.44,0,1,0,157.0,45.6,2,8,49.4
13603,Vande Bharat,2026-06-22,6,3,JL,8,420,2,heavy_rain,True,0.32,1,1,0,206.4,49.4,2,7,52.5
13603,Vande Bharat,2026-06-22,6,3,BSL,9,444,2,heavy_rain,True,0.61,0,1,0,258.9,52.5,2,6,54.7
13603,Vande Bharat,2026-06-22,6,3,MKU,10,494,3,heavy_rain,True,0.46,0,1,0,313.6,54.7,2,5,58.3
13603,Vande Bharat,2026-06-22,6,3,AK,11,583,4,heavy_rain,True,0.25,2,1,1,371.9,58.3,2,4,59.5
13603,Vande Bharat,2026-06-22,6,3,BD,12,662,5,heavy_rain,True,0.58,1,1,0,431.4,59.5,2,3,62.2
13603,Vande Bharat,2026-06-22,6,3,WR,13,757,6,heavy_rain,True,0.28,1,1,0,493.6,62.2,2,2,62.4
13603,Vande Bharat,2026-06-22,6,3,NGP,14,837,7,heavy_rain,True,0.72,3,1,0,556.0,62.4,2,1,68.3
13603,Vande Bharat,2026-06-22,6,3,G,15,967,9,heavy_rain,True,0.27,0,1,0,624.3,68.3,0,0,71.8
11232,Mail,2026-06-22,6,3,G,0,0,22,heavy_rain,True,0.0,4,0,0,0.0,0.0,0,15,0.0
11232,Mail,2026-06-22,6,3,NGP,1,130,23,heavy_rain,True,0.35,1,0,0,0.0,0.0,6,14,3.1
11232,Mail,2026-06-22,6,3,WR,2,210,0,heavy_rain,True,0.51,0,0,0,3.1,3.1,6,13,4.8
11232,Mail,2026-06-22,6,3,BD,3,305,1,heavy_rain,True,0.37,0,1,0,7.9,4.8,6,12,14.4
11232,Mail,2026-06-22,6,3,AK,4,384,2,heavy_rain,True,0.39,0,0,0,22.3,14.4,6,11,15.7
11232,Mail,2026-06-22,6,3,MKU,5,473,3,heavy_rain,True,0.14,1,1,0,38.0,15.7,6,10,23.3
11232,Mail,2026-06-22,6,3,BSL,6,523,4,heavy_rain,True,0.37,0,1,0,61.3,23.3,6,9,30.3
11232,Mail,2026-06-22,6,3,JL,7,547,4,heavy_rain,True,0.57,1,1,0,91.6,30.3,6,8,35.8
11232,Mail,2026-06-22,6,3,CSN,8,639,6,heavy_rain,True,0.34,0,1,0,127.4,35.8,6,7,40.1
11232,Mail,2026-06-22,6,3,MMR,9,706,6,heavy_rain,True,0.29,0,1,0,167.5,40.1,6,6,38.5
11232,Mail,2026-06-22,6,3,NK,10,779,7,heavy_rain,True,0.3,1,1,0,206.0,38.5,6,5,41.0
11232,Mail,2026-06-22,6,3,IGP,11,830,8,heavy_rain,True,0.67,1,1,0,247.0,41.0,6,4,49.3
11232,Mail,2026-06-22,6,3,KYN,12,913,9,heavy_rain,True,0.72,3,1,0,296.3,49.3,6,3,65.7
11232,Mail,2026-06-22,6,3,TNA,13,933,9,heavy_rain,True,0.21,0,1,0,362.0,65.7,6,2,66.8
11232,Mail,2026-06-22,6,3,DR,14,958,10,heavy_rain,True,0.41,1,1,0,428.8,66.8,6,1,68.4
11232,Mail,2026-06-22,6,3,CSMT,15,967,10,heavy_rain,True,0.27,2,1,0,497.2,68.4,0,0,75.3
21293,Superfast,2026-06-22,6,3,CSMT,0,0,5,heavy_rain,True,0.0,0,0,0,0.0,0.0,0,9,0.0
21293,Superfast,2026-06-22,6,3,DR,1,9,5,heavy_rain,True,0.4,1,0,0,0.0,0.0,2,8,0.2
21293,Superfast,2026-06-22,6,3,TNA,2,34,6,heavy_rain,True,0.5,2,0,2,0.2,0.2,2,7,9.2
21293,Superfast,2026-06-22,6,3,KYN,3,54,6,heavy_rain,True,0.53,0,0,0,9.4,9.2,2,6,10.1
21293,Superfast,2026-06-22,6,3,IGP,4,137,7,heavy_rain,True,0.58,1,0,0,19.5,10.1,2,5,14.6
21293,Superfast,2026-06-22,6,3,NK,5,188,7,heavy_rain,True,0.2,1,0,0,34.1,14.6,2,4,15.5
21293,Superfast,2026-06-22,6,3,MMR,6,261,8,heavy_rain,True,0.29,3,1,2,49.6,15.5,2,3,40.0
21293,Superfast,2026-06-22,6,3,AWB,7,375,10,heavy_rain,True,0.3,0,1,0,89.6,40.0,2,2,44.4
21293,Superfast,2026-06-22,6,3,J,8,438,11,heavy_rain,True,0.23,2,1,0,134.0,44.4,2,1,47.0
21293,Superfast,2026-06-22,6,3,NED,9,609,13,heavy_rain,True,0.27,1,1,0,181.0,47.0,0,0,50.4
18073,Vande Bharat,2026-06-22,6,3,NED,0,0,19,heavy_rain,True,0.0,1,0,0,0.0,0.0,0,9,0.0
18073,Vande Bharat,2026-06-22,6,3,J,1,171,21,heavy_rain,True,0.16,0,0,0,0.0,0.0,2,8,4.0
18073,Vande Bharat,2026-06-22,6,3,AWB,2,234,22,heavy_rain,True,0.12,2,0,2,4.0,4.0,2,7,8.2
18073,Vande Bharat,2026-06-22,6,3,MMR,3,348,23,heavy_rain,True,0.28,1,0,0,12.2,8.2,2,6,10.6
18073,Vande Bharat,2026-06-22,6,3,NK,4,421,0,heavy_rain,True,0.15,2,0,0,22.8,10.6,2,5,10.7
18073,Vande Bharat,2026-06-22,6,3,IGP,5,472,1,heavy_rain,True,0.48,1,0,0,33.5,10.7,2,4,20.1
18073,Vande Bharat,2026-06-22,6,3,KYN,6,555,2,heavy_rain,True,0.33,1,1,0,53.6,20.1,2,3,24.0
18073,Vande Bharat,2026-06-22,6,3,TNA,7,575,2,heavy_rain,True,0.22,0,1,0,77.6,24.0,2,2,29.0
18073,Vande Bharat,2026-06-22,6,3,DR,8,600,2,heavy_rain,True,0.04,0,1,0,106.6,29.0,2,1,38.0
18073,Vande Bharat,2026-06-22,6,3,CSMT,9,609,3,heavy_rain,True,0.57,3,1,1,144.6,38.0,0,0,45.9
19981,Intercity,2026-06-22,6,3,CSMT,0,0,20,heavy_rain,True,0.0,1,0,0,0.0,0.0,0,5,0.0
19981,Intercity,2026-06-22,6,3,DR,1,9,20,heavy_rain,True,0.1,1,0,0,0.0,0.0,4,4,4.6
19981,Intercity,2026-06-22,6,3,TNA,2,34,20,heavy_rain,True,0.43,1,0,0,4.6,4.6,4,3,8.7
19981,Intercity,2026-06-22,6,3,PNVL,3,69,21,heavy_rain,True,0.12,4,0,0,13.3,8.7,4,2,15.1
19981,Intercity,2026-06-22,6,3,RN,4,307,0,heavy_rain,True,0.47,0,1,0,28.4,15.1,4,1,20.9
19981,Intercity,2026-06-22,6,3,SWV,5,495,2,heavy_rain,True,0.19,3,1,2,49.3,20.9,0,0,39.4
13954,Intercity,2026-06-22,6,3,SWV,0,0,21,heavy_rain,True,0.0,1,0,0,0.0,0.0,0,5,0.0
13954,Intercity,2026-06-22,6,3,RN,1,188,0,heavy_rain,True,0.5,2,0,0,0.0,0.0,4,4,0.8
13954,Intercity,2026-06-22,6,3,PNVL,2,426,3,heavy_rain,True,0.3,1,0,0,0.8,0.8,4,3,20.8
13954,Intercity,2026-06-22,6,3,TNA,3,461,3,heavy_rain,True,0.66,0,1,0,21.6,20.8,4,2,29.0
13954,Intercity,2026-06-22,6,3,DR,4,486,4,heavy_rain,True,0.34,1,1,0,50.6,29.0,4,1,30.4
13954,Intercity,2026-06-22,6,3,CSMT,5,495,4,heavy_rain,True,0.21,0,1,0,81.0,30.4,0,0,37.4
21000,Express,2026-06-22,6,3,PUNE,0,0,21,heavy_rain,True,0.0,2,0,1,0.0,0.0,0,7,0.0
21000,Express,2026-06-22,6,3,DD,1,76,22,heavy_rain,True,0.17,0,1,0,0.0,0.0,4,6,7.2
21000,Express,2026-06-22,6,3,MMR,2,69,22,heavy_rain,True,0.26,3,1,2,7.2,7.2,4,5,21.1
21000,Express,2026-06-22,6,3,BSL,3,252,0,heavy_rain,True,0.63,1,1,0,28.3,21.1,4,4,23.7
21000,Express,2026-06-22,6,3,AK,4,391,2,heavy_rain,True,0.34,0,1,0,52.0,23.7,4,3,31.1
21000,Express,2026-06-22,6,3,BD,5,470,3,heavy_rain,True,0.32,0,1,0,83.1,31.1,4,2,35.0
21000,Express,2026-06-22,6,3,WR,6,565,4,heavy_rain,True,0.27,1,1,0,118.1,35.0,4,1,36.4
21000,Express,2026-06-22,6,3,NGP,7,645,5,heavy_rain,True,0.48,1,1,0,154.5,36.4,0,0,40.0
16547,Intercity,2026-06-22,6,3,NGP,0,0,17,heavy_rain,True,0.0,0,0,0,0.0,0.0,0,7,0.0
16547,Intercity,2026-06-22,6,3,WR,1,80,18,heavy_rain,True,0.74,0,0,0,0.0,0.0,4,6,15.1
16547,Intercity,2026-06-22,6,3,BD,2,175,19,heavy_rain,True,0.55,1,1,0,15.1,15.1,4,5,22.2
16547,Intercity,2026-06-22,6,3,AK,3,254,20,heavy_rain,True,0.3,0,1,0,37.3,22.2,4,4,33.5
16547,Intercity,2026-06-22,6,3,BSL,4,393,22,heavy_rain,True,0.14,1,1,0,70.8,33.5,4,3,37.4
16547,Intercity,2026-06-22,6,3,MMR,5,576,0,heavy_rain,True,0.63,2,1,3,108.2,37.4,4,2,48.3
16547,Intercity,2026-06-22,6,3,DD,6,569,0,heavy_rain,True,0.61,2,1,0,156.5,48.3,4,1,50.0
16547,Intercity,2026-06-22,6,3,PUNE,7,645,1,heavy_rain,True,0.36,2,1,0,206.5,50.0,0,0,52.1
18813,Intercity,2026-06-22,6,3,NGP,0,0,8,heavy_rain,True,0.0,3,0,0,0.0,0.0,0,9,0.0
18813,Intercity,2026-06-22,6,3,WR,1,80,9,heavy_rain,True,0.38,4,0,0,0.0,0.0,4,8,12.5
18813,Intercity,2026-06-22,6,3,BD,2,175,10,heavy_rain,True,0.43,3,0,2,12.5,12.5,4,7,25.1
18813,Intercity,2026-06-22,6,3,AK,3,254,11,heavy_rain,True,0.22,0,1,0,37.6,25.1,4,6,30.9
18813,Intercity,2026-06-22,6,3,BSL,4,393,12,heavy_rain,True,0.15,1,1,0,68.5,30.9,4,5,31.9
18813,Intercity,2026-06-22,6,3,MMR,5,576,15,heavy_rain,True,0.55,0,1,0,100.4,31.9,4,4,35.8
18813,Intercity,2026-06-22,6,3,DD,6,569,15,heavy_rain,True,0.5,2,1,3,136.2,35.8,4,3,70.5
18813,Intercity,2026-06-22,6,3,PUNE,7,645,16,heavy_rain,True,0.2,1,1,0,206.7,70.5,4,2,73.9
18813,Intercity,2026-06-22,6,3,MRJ,8,366,12,heavy_rain,True,0.6,3,1,1,280.6,73.9,4,1,75.5
18813,Intercity,2026-06-22,6,3,KOP,9,319,12,heavy_rain,True,0.41,2,1,2,356.1,75.5,0,0,82.6
13769,Intercity,2026-06-22,6,3,KOP,0,0,11,heavy_rain,True,0.0,1,0,0,0.0,0.0,0,9,0.0
13769,Intercity,2026-06-22,6,3,MRJ,1,47,12,heavy_rain,True,0.08,0,0,0,0.0,0.0,4,8,1.7
13769,Intercity,2026-06-22,6,3,PUNE,2,326,15,heavy_rain,True,0.33,0,0,0,1.7,1.7,4,7,3.1
13769,Intercity,2026-06-22,6,3,DD,3,250,14,heavy_rain,True,0.2,2,0,3,4.8,3.1,4,6,9.9
13769,Intercity,2026-06-22,6,3,MMR,4,257,14,heavy_rain,True,0.13,1,0,0,14.7,9.9,4,5,11.7
13769,Intercity,2026-06-22,6,3,BSL,5,74,12,heavy_rain,True,0.72,4,0,1,26.4,11.7,4,4,20.9
13769,Intercity,2026-06-22,6,3,AK,6,65,12,heavy_rain,True,0.56,1,1,0,47.3,20.9,4,3,27.4
13769,Intercity,2026-06-22,6,3,BD,7,144,13,heavy_rain,True,0.48,3,1,0,74.7,27.4,4,2,38.7
13769,Intercity,2026-06-22,6,3,WR,8,239,14,heavy_rain,True,0.34,1,1,0,113.4,38.7,4,1,44.8
13769,Intercity,2026-06-22,6,3,NGP,9,319,15,heavy_rain,True,0.22,0,1,0,158.2,44.8,0,0,47.3
22417,Express,2026-07-23,7,0,CSMT,0,0,11,clear,True,0.0,1,0,0,0.0,0.0,0,10,0.0
22417,Express,2026-07-23,7,0,DR,1,9,11,clear,True,0.85,2,1,0,0.0,0.0,4,9,13.8
22417,Express,2026-07-23,7,0,TNA,2,34,12,clear,True,0.11,1,1,0,13.8,13.8,4,8,22.2
22417,Express,2026-07-23,7,0,KYN,3,54,12,clear,True,0.45,1,1,0,36.0,22.2,4,7,29.6
22417,Express,2026-07-23,7,0,KJT,4,100,13,clear,True,0.09,1,1,0,65.6,29.6,4,6,50.0
22417,Express,2026-07-23,7,0,LNL,5,128,13,clear,True,0.33,2,1,2,115.6,50.0,4,5,67.7
22417,Express,2026-07-23,7,0,SVJR,6,190,14,clear,True,0.49,3,1,0,183.3,67.7,4,4,73.6
22417,Express,2026-07-23,7,0,PUNE,7,192,14,clear,True,0.51,2,1,0,256.9,73.6,4,3,70.7
22417,Express,2026-07-23,7,0,DD,8,268,15,clear,True,0.3,0,1,0,327.6,70.7,4,2,69.9
22417,Express,2026-07-23,7,0,KWV,9,377,16,clear,True,0.26,0,1,0,397.5,69.9,4,1,67.4
22417,Express,2026-07-23,7,0,SUR,10,455,17,clear,True,0.71,0,1,0,464.9,67.4,0,0,73.9
21116,Express,2026-07-23,7,0,SUR,0,0,6,clear,True,0.0,4,0,1,0.0,0.0,0,10,0.0
21116,Express,2026-07-23,7,0,KWV,1,78,7,clear,True,0.45,2,0,0,0.0,0.0,4,9,1.1
21116,Express,2026-07-23,7,0,DD,2,187,8,clear,True,0.22,0,0,0,1.1,1.1,4,8,5.0
21116,Express,2026-07-23,7,0,PUNE,3,263,9,clear,True,0.62,3,1,1,6.1,5.0,4,7,20.1
21116,Express,2026-07-23,7,0,SVJR,4,265,9,clear,True,0.35,0,1,0,26.2,20.1,4,6,29.7
21116,Express,2026-07-23,7,0,LNL,5,327,10,clear,True,0.21,2,1,1,55.9,29.7,4,5,43.0
21116,Express,2026-07-23,7,0,KJT,6,355,10,clear,True,0.52,1,1,0,98.9,43.0,4,4,55.0
21116,Express,2026-07-23,7,0,KYN,7,401,11,clear,True,0.29,0,1,0,153.9,55.0,4,3,61.1
21116,Express,2026-07-23,7,0,TNA,8,421,11,clear,True,0.39,2,1,1,215.0,61.1,4,2,66.5
21116,Express,2026-07-23,7,0,DR,9,446,11,clear,True,0.73,1,1,0,281.5,66.5,4,1,72.3
21116,Express,2026-07-23,7,0,CSMT,10,455,11,clear,True,0.57,1,1,0,353.8,72.3,0,0,77.3
14029,Intercity,2026-07-23,7,0,CSMT,0,0,14,clear,True,0.0,1,0,0,0.0,0.0,0,8,0.0
14029,Intercity,2026-07-23,7,0,DR,1,9,14,clear,True,0.24,0,1,0,0.0,0.0,4,7,3.7
14029,Intercity,2026-07-23,7,0,TNA,2,34,14,clear,True,0.13,2,1,1,3.7,3.7,4,6,33.0
14029,Intercity,2026-07-23,7,0,KYN,3,54,14,clear,True,0.32,2,1,0,36.7,33.0,4,5,33.2
14029,Intercity,2026-07-23,7,0,LNL,4,128,15,clear,True,0.2,2,1,0,69.9,33.2,4,4,43.5
14029,Intercity,2026-07-23,7,0,PUNE,5,192,16,clear,True,0.55,1,1,0,113.4,43.5,4,3,43.3
14029,Intercity,2026-07-23,7,0,MRJ,6,471,20,clear,True,0.58,1,1,0,156.7,43.3,4,2,48.0
14029,Intercity,2026-07-23,7,0,SLI,7,478,20,clear,True,0.76,0,1,0,204.7,48.0,4,1,51.6
14029,Intercity,2026-07-23,7,0,KOP,8,518,20,clear,True,0.43,3,1,0,256.3,51.6,0,0,63.4
12059,Superfast,2026-07-23,7,0,KOP,0,0,6,clear,True,0.0,3,1,1,0.0,0.0,0,8,0.0
12059,Superfast,2026-07-23,7,0,SLI,1,40,6,clear,True,0.39,2,0,0,0.0,0.0,2,7,2.0
12059,Superfast,2026-07-23,7,0,MRJ,2,47,6,clear,True,0.66,4,0,0,2.0,2.0,2,6,11.0
12059,Superfast,2026-07-23,7,0,PUNE,3,326,10,clear,True,0.26,2,0,1,13.0,11.0,2,5,17.4
12059,Superfast,2026-07-23,7,0,LNL,4,390,10,clear,True,0.63,1,1,0,30.4,17.4,2,4,30.7
12059,Superfast,2026-07-23,7,0,KYN,5,464,11,clear,True,0.8,1,1,0,61.1,30.7,2,3,36.5
12059,Superfast,2026-07-23,7,0,TNA,6,484,12,clear,True,0.48,1,1,0,97.6,36.5,2,2,39.0
12059,Superfast,2026-07-23,7,0,DR,7,509,12,clear,True,0.5,2,1,0,136.6,39.0,2,1,45.8
12059,Superfast,2026-07-23,7,0,CSMT,8,518,12,clear,True,0.21,1,1,0,182.4,45.8,0,0,46.7
14737,Superfast,2026-07-23,7,0,CSMT,0,0,15,clear,True,0.0,1,0,0,0.0,0.0,0,15,0.0
14737,Superfast,2026-07-23,7,0,DR,1,9,15,clear,True,0.3,2,0,0,0.0,0.0,2,14,1.9
14737,Superfast,2026-07-23,7,0,TNA,2,34,15,clear,True,0.65,3,0,0,1.9,1.9,2,13,7.5
14737,Superfast,2026-07-23,7,0,KYN,3,54,16,clear,True,0.24,2,0,2,9.4,7.5,2,12,16.9
14737,Superfast,2026-07-23,7,0,IGP,4,137,17,clear,True,0.78,3,1,0,26.3,16.9,2,11,39.5
14737,Superfast,2026-07-23,7,0,NK,5,188,17,clear,True,0.44,3,1,0,65.8,39.5,2,10,49.3
14737,Superfast,2026-07-23,7,0,MMR,6,261,18,clear,True,0.36,1,1,0,115.1,49.3,2,9,74.1
14737,Superfast,2026-07-23,7,0,CSN,7,328,19,clear,True,0.19,3,1,2,189.2,74.1,2,8,79.2
14737,Superfast,2026-07-23,7,0,JL,8,420,20,clear,True,0.26,0,1,0,268.4,79.2,2,7,82.7
14737,Superfast,2026-07-23,7,0,BSL,9,444,21,clear,True,0.75,1,1,0,351.1,82.7,2,6,93.0
14737,Superfast,2026-07-23,7,0,MKU,10,494,21,clear,True,0.33,0,1,0,444.1,93.0,2,5,92.3
14737,Superfast,2026-07-23,7,0,AK,11,583,22,clear,True,0.21,0,1,0,536.4,92.3,2,4,89.9
14737,Superfast,2026-07-23,7,0,BD,12,662,23,clear,True,0.13,3,1,0,626.3,89.9,2,3,90.1
14737,Superfast,2026-07-23,7,0,WR,13,757,1,clear,True,0.54,1,1,0,716.4,90.1,2,2,88.3
14737,Superfast,2026-07-23,7,0,NGP,14,837,2,clear,True,0.48,1,1,0,804.7,88.3,2,1,85.6
14737,Superfast,2026-07-23,7,0,G,15,967,3,clear,True,0.44,1,1,0,890.3,85.6,0,0,86.7
12736,Express,2026-07-23,7,0,G,0,0,6,clear,True,0.0,1,0,0,0.0,0.0,0,15,0.0
12736,Express,2026-07-23,7,0,NGP,1,130,7,clear,True,0.12,3,0,0,0.0,0.0,4,14,7.7
12736,Express,2026-07-23,7,0,WR,2,210,8,clear,True,0.93,0,0,0,7.7,7.7,4,13,13.0
12736,Express,2026-07-23,7,0,BD,3,305,10,clear,True,0.16,0,0,0,20.7,13.0,4,12,16.8
12736,Express,2026-07-23,7,0,AK,4,384,11,clear,True,0.99,2,1,0,37.5,16.8,4,11,34.3
12736,Express,2026-07-23,7,0,MKU,5,473,12,clear,True,0.27,0,1,0,71.8,34.3,4,10,39.4
12736,Express,2026-07-23,7,0,BSL,6,523,12,clear,True,0.45,2,1,2,111.2,39.4,4,9,46.9
12736,Express,2026-07-23,7,0,JL,7,547,13,clear,True,0.59,1,1,0,158.1,46.9,4,8,49.0
12736,Express,2026-07-23,7,0,CSN,8,639,14,clear,True,0.45,0,1,0,207.1,49.0,4,7,51.2
12736,Express,2026-07-23,7,0,MMR,9,706,15,clear,True,0.43,1,1,0,258.3,51.2,4,6,51.9
12736,Express,2026-07-23,7,0,NK,10,779,15,clear,True,0.16,1,1,0,310.2,51.9,4,5,55.6
12736,Express,2026-07-23,7,0,IGP,11,830,16,clear,True,0.21,3,1,2,365.8,55.6,4,4,71.1
12736,Express,2026-07-23,7,0,KYN,12,913,17,clear,True,1.0,4,1,0,436.9,71.1,4,3,80.6
12736,Express,2026-07-23,7,0,TNA,13,933,17,clear,True,1.0,1,1,0,517.5,80.6,4,2,83.1
12736,Express,2026-07-23,7,0,DR,14,958,18,clear,True,1.0,0,1,0,600.6,83.1,4,1,86.6
12736,Express,2026-07-23,7,0,CSMT,15,967,18,clear,True,0.47,1,1,0,687.2,86.6,0,0,85.2
22601,Superfast,2026-07-23,7,0,CSMT,0,0,15,clear,True,0.0,2,0,0,0.0,0.0,0,9,1.4
22601,Superfast,2026-07-23,7,0,DR,1,9,15,clear,True,0.3,1,1,0,1.4,1.4,2,8,9.4
22601,Superfast,2026-07-23,7,0,TNA,2,34,16,clear,True,0.27,2,0,0,10.8,9.4,2,7,9.6
22601,Superfast,2026-07-23,7,0,KYN,3,54,16,clear,True,0.26,1,0,0,20.4,9.6,2,6,10.8
22601,Superfast,2026-07-23,7,0,IGP,4,137,17,clear,True,0.32,3,0,0,31.2,10.8,2,5,29.0
22601,Superfast,2026-07-23,7,0,NK,5,188,18,clear,True,0.69,1,1,0,60.2,29.0,2,4,36.5
22601,Superfast,2026-07-23,7,0,MMR,6,261,18,clear,True,0.19,2,1,0,96.7,36.5,2,3,45.0
22601,Superfast,2026-07-23,7,0,AWB,7,375,20,clear,True,0.09,2,1,0,141.7,45.0,2,2,50.0
22601,Superfast,2026-07-23,7,0,J,8,438,21,clear,True,0.72,1,1,0,191.7,50.0,2,1,59.2
22601,Superfast,2026-07-23,7,0,NED,9,609,23,clear,True,0.23,2,1,0,250.9,59.2,0,0,62.3
16243,Express,2026-07-23,7,0,NED,0,0,13,clear,True,0.0,3,1,1,0.0,0.0,0,9,0.0
16243,Express,2026-07-23,7,0,J,1,171,15,clear,True,0.83,3,0,0,0.0,0.0,4,8,10.9
16243,Express,2026-07-23,7,0,AWB,2,234,16,clear,True,0.34,0,0,0,10.9,10.9,4,7,10.3
16243,Express,2026-07-23,7,0,MMR,3,348,18,clear,True,0.68,1,0,0,21.2,10.3,4,6,16.1
16243,Express,2026-07-23,7,0,NK,4,421,18,clear,True,0.45,0,1,0,37.3,16.1,4,5,26.5
16243,Express,2026-07-23,7,0,IGP,5,472,19,clear,True,0.89,2,1,0,63.8,26.5,4,4,43.8
16243,Express,2026-07-23,7,0,KYN,6,555,20,clear,True,0.65,0,1,0,107.6,43.8,4,3,53.2
16243,Express,2026-07-23,7,0,TNA,7,575,20,clear,True,0.56,0,1,0,160.8,53.2,4,2,59.5
16243,Express,2026-07-23,7,0,DR,8,600,21,clear,True,0.51,1,1,0,220.3,59.5,4,1,63.0
16243,Express,2026-07-23,7,0,CSMT,9,609,21,clear,True,0.79,2,1,0,283.3,63.0,0,0,74.5
20097,Intercity,2026-07-23,7,0,CSMT,0,0,7,clear,True,0.0,1,0,0,0.0,0.0,0,5,0.0
20097,Intercity,2026-07-23,7,0,DR,1,9,7,clear,True,0.1,0,0,0,0.0,0.0,4,4,0.7
20097,Intercity,2026-07-23,7,0,TNA,2,34,8,clear,True,0.88,1,0,0,0.7,0.7,4,3,10.0
20097,Intercity,2026-07-23,7,0,PNVL,3,69,8,clear,True,0.32,1,1,0,10.7,10.0,4,2,21.0
20097,Intercity,2026-07-23,7,0,RN,4,307,11,clear,True,0.25,0,1,0,31.7,21.0,4,1,30.0
20097,Intercity,2026-07-23,7,0,SWV,5,495,14,clear,True,0.21,1,1,0,61.7,30.0,0,0,31.0
20013,Intercity,2026-07-23,7,0,SWV,0,0,5,clear,True,0.0,1,1,0,0.0,0.0,0,5,0.0
20013,Intercity,2026-07-23,7,0,RN,1,188,7,clear,True,0.18,2,0,0,0.0,0.0,4,4,1.0
20013,Intercity,2026-07-23,7,0,PNVL,2,426,10,clear,True,0.64,2,1,0,1.0,1.0,4,3,9.4
20013,Intercity,2026-07-23,7,0,TNA,3,461,11,clear,True,0.55,2,0,0,10.4,9.4,4,2,11.4
20013,Intercity,2026-07-23,7,0,DR,4,486,11,clear,True,0.2,3,1,0,21.8,11.4,4,1,20.4
20013,Intercity,2026-07-23,7,0,CSMT,5,495,11,clear,True,0.44,0,1,0,42.2,20.4,0,0,27.0
16903,Vande Bharat,2026-07-23,7,0,PUNE,0,0,22,clear,True,0.0,1,0,0,0.0,0.0,0,7,0.0
16903,Vande Bharat,2026-07-23,7,0,DD,1,76,23,clear,True,0.52,1,0,0,0.0,0.0,2,6,4.9
16903,Vande Bharat,2026-07-23,7,0,MMR,2,69,23,clear,True,0.67,1,0,0,4.9,4.9,2,5,11.1
16903,Vande Bharat,2026-07-23,7,0,BSL,3,252,1,clear,True,0.21,0,0,0,16.0,11.1,2,4,15.0
16903,Vande Bharat,2026-07-23,7,0,AK,4,391,3,clear,True,0.62,2,0,0,31.0,15.0,2,3,15.3
16903,Vande Bharat,2026-07-23,7,0,BD,5,470,4,clear,True,0.78,3,1,0,46.3,15.3,2,2,31.1
16903,Vande Bharat,2026-07-23,7,0,WR,6,565,5,clear,True,0.44,1,1,0,77.4,31.1,2,1,33.1
16903,Vande Bharat,2026-07-23,7,0,NGP,7,645,6,clear,True,0.25,0,1,0,110.5,33.1,0,0,36.2
18842,Superfast,2026-07-23,7,0,NGP,0,0,5,clear,True,0.0,0,1,0,0.0,0.0,0,7,0.0
18842,Superfast,2026-07-23,7,0,WR,1,80,6,clear,True,0.2,1,0,0,0.0,0.0,2,6,2.6
18842,Superfast,2026-07-23,7,0,BD,2,175,7,clear,True,0.63,2,0,0,2.6,2.6,2,5,2.6
18842,Superfast,2026-07-23,7,0,AK,3,254,8,clear,True,0.69,2,0,1,5.2,2.6,2,4,10.9
18842,Superfast,2026-07-23,7,0,BSL,4,393,10,clear,True,0.56,2,0,0,16.1,10.9,2,3,18.8
18842,Superfast,2026-07-23,7,0,MMR,5,576,12,clear,True,0.53,1,1,0,34.9,18.8,2,2,23.2
18842,Superfast,2026-07-23,7,0,DD,6,569,12,clear,True,0.07,1,1,0,58.1,23.2,2,1,28.0
18842,Superfast,2026-07-23,7,0,PUNE,7,645,13,clear,True,0.4,2,1,0,86.1,28.0,0,0,31.5
17507,Superfast,2026-07-23,7,0,NGP,0,0,8,clear,True,0.0,3,0,0,0.0,0.0,0,9,0.0
17507,Superfast,2026-07-23,7,0,WR,1,80,9,clear,True,0.55,1,1,0,0.0,0.0,2,8,11.8
17507,Superfast,2026-07-23,7,0,BD,2,175,11,clear,True,0.46,0,0,0,11.8,11.8,2,7,13.8
17507,Superfast,2026-07-23,7,0,AK,3,254,12,clear,True,0.51,1,0,0,25.6,13.8,2,6,22.9
17507,Superfast,2026-07-23,7,0,BSL,4,393,13,clear,True,0.49,1,1,0,48.5,22.9,2,5,32.2
17507,Superfast,2026-07-23,7,0,MMR,5,576,16,clear,True,0.15,1,1,0,80.7,32.2,2,4,36.5
17507,Superfast,2026-07-23,7,0,DD,6,569,15,clear,True,0.35,1,1,0,117.2,36.5,2,3,39.1
17507,Superfast,2026-07-23,7,0,PUNE,7,645,16,clear,True,0.2,1,1,0,156.3,39.1,2,2,41.8
17507,Superfast,2026-07-23,7,0,MRJ,8,366,13,clear,True,0.52,0,1,0,198.1,41.8,2,1,42.6
17507,Superfast,2026-07-23,7,0,KOP,9,319,12,clear,True,0.46,2,1,2,240.7,42.6,0,0,49.0
20342,Superfast,2026-07-23,7,0,KOP,0,0,18,clear,True,0.0,2,1,0,0.0,0.0,0,9,0.0
20342,Superfast,2026-07-23,7,0,MRJ,1,47,18,clear,True,0.45,1,0,0,0.0,0.0,2,8,5.8
20342,Superfast,2026-07-23,7,0,PUNE,2,326,22,clear,True,0.25,0,0,0,5.8,5.8,2,7,5.2
20342,Superfast,2026-07-23,7,0,DD,3,250,21,clear,True,0.47,2,1,0,11.0,5.2,2,6,15.9
20342,Superfast,2026-07-23,7,0,MMR,4,257,21,clear,True,1.0,0,1,0,26.9,15.9,2,5,26.6
20342,Superfast,2026-07-23,7,0,BSL,5,74,19,clear,True,0.59,3,1,2,53.5,26.6,2,4,38.8
20342,Superfast,2026-07-23,7,0,AK,6,65,19,clear,True,0.53,1,1,0,92.3,38.8,2,3,46.3
20342,Superfast,2026-07-23,7,0,BD,7,144,20,clear,True,0.38,4,1,0,138.6,46.3,2,2,57.5
20342,Superfast,2026-07-23,7,0,WR,8,239,21,clear,True,0.68,1,1,0,196.1,57.5,2,1,58.9
20342,Superfast,2026-07-23,7,0,NGP,9,319,22,clear,True,0.35,1,1,0,255.0,58.9,0,0,58.9
11004,Vande Bharat,2026-04-20,4,0,CSMT,0,0,20,clear,False,0.0,3,0,2,0.0,0.0,0,10,0.0
11004,Vande Bharat,2026-04-20,4,0,DR,1,9,20,clear,False,0.24,1,0,0,0.0,0.0,2,9,4.8
11004,Vande Bharat,2026-04-20,4,0,TNA,2,34,20,clear,False,0.64,0,1,0,4.8,4.8,2,8,20.3
11004,Vande Bharat,2026-04-20,4,0,KYN,3,54,21,clear,False,0.18,0,1,0,25.1,20.3,2,7,28.9
11004,Vande Bharat,2026-04-20,4,0,KJT,4,100,21,clear,False,0.62,1,1,0,54.0,28.9,2,6,44.5
11004,Vande Bharat,2026-04-20,4,0,LNL,5,128,21,clear,False,0.35,0,1,0,98.5,44.5,2,5,46.9
11004,Vande Bharat,2026-04-20,4,0,SVJR,6,190,22,clear,False,0.23,0,1,0,145.4,46.9,2,4,51.0
11004,Vande Bharat,2026-04-20,4,0,PUNE,7,192,22,clear,False,0.48,3,1,0,196.4,51.0,2,3,59.3
11004,Vande Bharat,2026-04-20,4,0,DD,8,268,23,clear,False,0.18,3,1,1,255.7,59.3,2,2,69.9
11004,Vande Bharat,2026-04-20,4,0,KWV,9,377,1,clear,False,0.09,0,1,0,325.6,69.9,2,1,65.9
11004,Vande Bharat,2026-04-20,4,0,SUR,10,455,2,clear,False,0.19,2,1,0,391.5,65.9,0,0,66.6
13860,Intercity,2026-04-20,4,0,SUR,0,0,5,clear,False,0.0,0,0,0,0.0,0.0,0,10,0.0
13860,Intercity,2026-04-20,4,0,KWV,1,78,6,clear,False,0.4,1,0,0,0.0,0.0,4,9,1.7
13860,Intercity,2026-04-20,4,0,DD,2,187,7,clear,False,0.08,2,0,1,1.7,1.7,4,8,5.4
13860,Intercity,2026-04-20,4,0,PUNE,3,263,8,clear,False,0.36,0,1,0,7.1,5.4,4,7,13.3
13860,Intercity,2026-04-20,4,0,SVJR,4,265,8,clear,False,0.21,2,1,0,20.4,13.3,4,6,27.5
13860,Intercity,2026-04-20,4,0,LNL,5,327,9,clear,False,0.56,2,1,3,47.9,27.5,4,5,39.0
13860,Intercity,2026-04-20,4,0,KJT,6,355,9,clear,False,1.0,1,1,0,86.9,39.0,4,4,48.6
13860,Intercity,2026-04-20,4,0,KYN,7,401,10,clear,False,0.47,0,1,0,135.5,48.6,4,3,55.8
13860,Intercity,2026-04-20,4,0,TNA,8,421,10,clear,False,0.29,1,1,0,191.3,55.8,4,2,56.2
13860,Intercity,2026-04-20,4,0,DR,9,446,10,clear,False,0.67,1,1,0,247.5,56.2,4,1,60.6
13860,Intercity,2026-04-20,4,0,CSMT,10,455,10,clear,False,0.7,0,1,0,308.1,60.6,0,0,67.1
14847,Superfast,2026-04-20,4,0,CSMT,0,0,17,clear,False,0.0,4,1,0,0.0,0.0,0,8,0.0
14847,Superfast,2026-04-20,4,0,DR,1,9,17,clear,False,0.64,1,0,0,0.0,0.0,2,7,4.3
14847,Superfast,2026-04-20,4,0,TNA,2,34,17,clear,False,0.76,2,0,1,4.3,4.3,2,6,16.1
14847,Superfast,2026-04-20,4,0,KYN,3,54,18,clear,False,0.36,1,1,0,20.4,16.1,2,5,28.9
14847,Superfast,2026-04-20,4,0,LNL,4,128,19,clear,False,0.36,1,1,0,49.3,28.9,2,4,40.2
14847,Superfast,2026-04-20,4,0,PUNE,5,192,19,clear,False,1.0,1,1,0,89.5,40.2,2,3,46.7
14847,Superfast,2026-04-20,4,0,MRJ,6,471,23,clear,False,0.29,3,1,0,136.2,46.7,2,2,51.2
14847,Superfast,2026-04-20,4,0,SLI,7,478,23,clear,False,0.39,1,1,0,187.4,51.2,2,1,52.2
14847,Superfast,2026-04-20,4,0,KOP,8,518,23,clear,False,0.08,1,1,0,239.6,52.2,0,0,54.2
18659,Express,2026-04-20,4,0,KOP,0,0,22,clear,False,0.0,0,0,0,0.0,0.0,0,8,0.0
18659,Express,2026-04-20,4,0,SLI,1,40,23,clear,False,0.61,2,0,3,0.0,0.0,4,7,8.9
18659,Express,2026-04-20,4,0,MRJ,2,47,23,clear,False,0.12,0,0,0,8.9,8.9,4,6,9.0
18659,Express,2026-04-20,4,0,PUNE,3,326,2,clear,False,0.38,0,0,0,17.9,9.0,4,5,8.4
18659,Express,2026-04-20,4,0,LNL,4,390,3,clear,False,0.45,1,0,0,26.3,8.4,4,4,7.8
18659,Express,2026-04-20,4,0,KYN,5,464,4,clear,False,0.21,1,0,0,34.1,7.8,4,3,7.2
18659,Express,2026-04-20,4,0,TNA,6,484,4,clear,False,0.7,3,0,2,41.3,7.2,4,2,15.7
18659,Express,2026-04-20,4,0,DR,7,509,5,clear,False,0.37,4,1,0,57.0,15.7,4,1,26.0
18659,Express,2026-04-20,4,0,CSMT,8,518,5,clear,False,0.61,1,1,0,83.0,26.0,0,0,34.2
13285,Mail,2026-04-20,4,0,CSMT,0,0,22,clear,False,0.0,2,0,1,0.0,0.0,0,15,0.0
13285,Mail,2026-04-20,4,0,DR,1,9,22,clear,False,0.56,4,0,0,0.0,0.0,6,14,6.3
13285,Mail,2026-04-20,4,0,TNA,2,34,23,clear,False,0.29,1,0,0,6.3,6.3,6,13,6.6
13285,Mail,2026-04-20,4,0,KYN,3,54,23,clear,False,0.81,1,0,0,12.9,6.6,6,12,10.9
13285,Mail,2026-04-20,4,0,IGP,4,137,0,clear,False,0.57,2,0,1,23.8,10.9,6,11,14.1
13285,Mail,2026-04-20,4,0,NK,5,188,0,clear,False,0.1,1,0,0,37.9,14.1,6,10,13.9
13285,Mail,2026-04-20,4,0,MMR,6,261,1,clear,False,0.4,2,0,2,51.8,13.9,6,9,17.1
13285,Mail,2026-04-20,4,0,CSN,7,328,2,clear,False,0.44,1,1,0,68.9,17.1,6,8,21.9
13285,Mail,2026-04-20,4,0,JL,8,420,3,clear,False,0.67,0,1,0,90.8,21.9,6,7,29.6
13285,Mail,2026-04-20,4,0,BSL,9,444,4,clear,False,0.33,1,1,0,120.4,29.6,6,6,30.2
13285,Mail,2026-04-20,4,0,MKU,10,494,4,clear,False,0.48,0,1,0,150.6,30.2,6,5,35.7
13285,Mail,2026-04-20,4,0,AK,11,583,5,clear,False,0.47,1,1,0,186.3,35.7,6,4,41.5
13285,Mail,2026-04-20,4,0,BD,12,662,6,clear,False,0.43,3,1,0,227.8,41.5,6,3,54.2
13285,Mail,2026-04-20,4,0,WR,13,757,8,clear,False,0.36,2,1,0,282.0,54.2,6,2,58.9
13285,Mail,2026-04-20,4,0,NGP,14,837,9,clear,False,0.76,0,1,0,340.9,58.9,6,1,65.4
13285,Mail,2026-04-20,4,0,G,15,967,10,clear,False,0.73,4,1,0,406.3,65.4,0,0,80.2
19879,Superfast,2026-04-20,4,0,G,0,0,16,clear,False,0.0,0,1,0,0.0,0.0,0,15,0.0
19879,Superfast,2026-04-20,4,0,NGP,1,130,18,clear,False,0.87,0,0,0,0.0,0.0,2,14,8.0
19879,Superfast,2026-04-20,4,0,WR,2,210,19,clear,False,0.85,2,1,0,8.0,8.0,2,13,16.5
19879,Superfast,2026-04-20,4,0,BD,3,305,20,clear,False,0.3,0,1,0,24.5,16.5,2,12,29.4
19879,Superfast,2026-04-20,4,0,AK,4,384,21,clear,False,0.16,2,1,0,53.9,29.4,2,11,35.7
19879,Superfast,2026-04-20,4,0,MKU,5,473,22,clear,False,0.23,1,1,0,89.6,35.7,2,10,40.8
19879,Superfast,2026-04-20,4,0,BSL,6,523,23,clear,False,0.36,1,1,0,130.4,40.8,2,9,42.0
19879,Superfast,2026-04-20,4,0,JL,7,547,23,clear,False,0.18,3,1,0,172.4,42.0,2,8,48.5
19879,Superfast,2026-04-20,4,0,CSN,8,639,0,clear,False,0.24,2,1,0,220.9,48.5,2,7,54.0
19879,Superfast,2026-04-20,4,0,MMR,9,706,1,clear,False,0.18,1,1,0,274.9,54.0,2,6,51.2
19879,Superfast,2026-04-20,4,0,NK,10,779,2,clear,False,0.23,1,1,0,326.1,51.2,2,5,53.5
19879,Superfast,2026-04-20,4,0,IGP,11,830,2,clear,False,0.41,2,1,0,379.6,53.5,2,4,53.8
19879,Superfast,2026-04-20,4,0,KYN,12,913,3,clear,False,0.46,1,1,0,433.4,53.8,2,3,55.4
19879,Superfast,2026-04-20,4,0,TNA,13,933,4,clear,False,0.14,3,1,3,488.8,55.4,2,2,63.9
19879,Superfast,2026-04-20,4,0,DR,14,958,4,clear,False,0.1,1,1,0,552.7,63.9,2,1,65.7
19879,Superfast,2026-04-20,4,0,CSMT,15,967,4,clear,False,0.37,2,1,0,618.4,65.7,0,0,66.1
12359,Vande Bharat,2026-04-20,4,0,CSMT,0,0,9,clear,False,0.0,1,1,0,0.0,0.0,0,9,0.0
12359,Vande Bharat,2026-04-20,4,0,DR,1,9,9,clear,False,0.48,1,0,0,0.0,0.0,2,8,4.4
12359,Vande Bharat,2026-04-20,4,0,TNA,2,34,9,clear,False,0.42,1,0,0,4.4,4.4,2,7,11.4
12359,Vande Bharat,2026-04-20,4,0,KYN,3,54,10,clear,False,0.31,1,0,0,15.8,11.4,2,6,16.2
12359,Vande Bharat,2026-04-20,4,0,IGP,4,137,11,clear,False,0.58,1,1,0,32.0,16.2,2,5,23.1
12359,Vande Bharat,2026-04-20,4,0,NK,5,188,11,clear,False,0.09,0,1,0,55.1,23.1,2,4,27.1
12359,Vande Bharat,2026-04-20,4,0,MMR,6,261,12,clear,False,0.3,1,1,0,82.2,27.1,2,3,33.1
12359,Vande Bharat,2026-04-20,4,0,AWB,7,375,14,clear,False,0.49,0,1,0,115.3,33.1,2,2,38.4
12359,Vande Bharat,2026-04-20,4,0,J,8,438,14,clear,False,0.18,0,1,0,153.7,38.4,2,1,44.2
12359,Vande Bharat,2026-04-20,4,0,NED,9,609,17,clear,False,0.26,1,1,0,197.9,44.2,0,0,52.7
21710,Mail,2026-04-20,4,0,NED,0,0,18,clear,False,0.0,0,0,0,0.0,0.0,0,9,2.2
21710,Mail,2026-04-20,4,0,J,1,171,20,clear,False,0.61,1,0,0,2.2,2.2,6,8,7.1
21710,Mail,2026-04-20,4,0,AWB,2,234,20,clear,False,0.33,0,0,0,9.3,7.1,6,7,10.5
21710,Mail,2026-04-20,4,0,MMR,3,348,22,clear,False,0.21,1,0,0,19.8,10.5,6,6,12.2
21710,Mail,2026-04-20,4,0,NK,4,421,23,clear,False,0.17,4,1,0,32.0,12.2,6,5,24.9
21710,Mail,2026-04-20,4,0,IGP,5,472,23,clear,False,0.3,0,1,0,56.9,24.9,6,4,37.4
21710,Mail,2026-04-20,4,0,KYN,6,555,0,clear,False,0.05,2,1,0,94.3,37.4,6,3,40.7
21710,Mail,2026-04-20,4,0,TNA,7,575,1,clear,False,0.06,1,1,0,135.0,40.7,6,2,43.3
21710,Mail,2026-04-20,4,0,DR,8,600,1,clear,False,0.37,0,1,0,178.3,43.3,6,1,45.2
21710,Mail,2026-04-20,4,0,CSMT,9,609,1,clear,False,0.42,1,1,0,223.5,45.2,0,0,49.6
22481,Intercity,2026-04-20,4,0,CSMT,0,0,22,clear,False,0.0,0,1,0,0.0,0.0,0,5,0.0
22481,Intercity,2026-04-20,4,0,DR,1,9,22,clear,False,0.16,1,1,0,0.0,0.0,4,4,9.0
22481,Intercity,2026-04-20,4,0,TNA,2,34,22,clear,False,0.36,1,0,0,9.0,9.0,4,3,9.8
22481,Intercity,2026-04-20,4,0,PNVL,3,69,22,clear,False,0.62,1,0,0,18.8,9.8,4,2,9.8
22481,Intercity,2026-04-20,4,0,RN,4,307,1,clear,False,0.49,3,0,0,28.6,9.8,4,1,14.1
22481,Intercity,2026-04-20,4,0,SWV,5,495,4,clear,False,0.32,1,1,0,42.7,14.1,0,0,21.2
20130,Intercity,2026-04-20,4,0,SWV,0,0,17,clear,False,0.0,1,0,0,0.0,0.0,0,5,0.0
20130,Intercity,2026-04-20,4,0,RN,1,188,19,clear,False,1.0,1,0,0,0.0,0.0,4,4,30.5
20130,Intercity,2026-04-20,4,0,PNVL,2,426,22,clear,False,0.45,3,1,0,30.5,30.5,4,3,41.3
20130,Intercity,2026-04-20,4,0,TNA,3,461,23,clear,False,0.17,0,1,0,71.8,41.3,4,2,44.2
20130,Intercity,2026-04-20,4,0,DR,4,486,23,clear,False,0.51,2,1,3,116.0,44.2,4,1,55.7
20130,Intercity,2026-04-20,4,0,CSMT,5,495,23,clear,False,0.35,1,1,0,171.7,55.7,0,0,53.8
21752,Vande Bharat,2026-04-20,4,0,PUNE,0,0,8,clear,False,0.0,1,0,0,0.0,0.0,0,7,4.2
21752,Vande Bharat,2026-04-20,4,0,DD,1,76,9,clear,False,0.63,0,0,0,4.2,4.2,2,6,9.1
21752,Vande Bharat,2026-04-20,4,0,MMR,2,69,9,clear,False,0.49,0,1,0,13.3,9.1,2,5,20.1
21752,Vande Bharat,2026-04-20,4,0,BSL,3,252,11,clear,False,0.82,2,1,1,33.4,20.1,2,4,34.3
21752,Vande Bharat,2026-04-20,4,0,AK,4,391,13,clear,False,0.13,1,1,0,67.7,34.3,2,3,34.8
21752,Vande Bharat,2026-04-20,4,0,BD,5,470,14,clear,False,0.48,3,1,2,102.5,34.8,2,2,52.9
21752,Vande Bharat,2026-04-20,4,0,WR,6,565,15,clear,False,0.21,3,1,0,155.4,52.9,2,1,60.2
21752,Vande Bharat,2026-04-20,4,0,NGP,7,645,16,clear,False,0.69,1,1,0,215.6,60.2,0,0,60.6
13824,Vande Bharat,2026-04-20,4,0,NGP,0,0,11,clear,False,0.0,1,0,0,0.0,0.0,0,7,1.3
13824,Vande Bharat,2026-04-20,4,0,WR,1,80,12,clear,False,0.65,0,0,0,1.3,1.3,2,6,1.7
13824,Vande Bharat,2026-04-20,4,0,BD,2,175,14,clear,False,0.48,3,1,0,3.0,1.7,2,5,22.6
13824,Vande Bharat,2026-04-20,4,0,AK,3,254,15,clear,False,0.39,4,1,0,25.6,22.6,2,4,29.5
13824,Vande Bharat,2026-04-20,4,0,BSL,4,393,16,clear,False,0.6,2,1,0,55.1,29.5,2,3,33.5
13824,Vande Bharat,2026-04-20,4,0,MMR,5,576,19,clear,False,0.4,0,1,0,88.6,33.5,2,2,40.6
13824,Vande Bharat,2026-04-20,4,0,DD,6,569,19,clear,False,0.27,0,1,0,129.2,40.6,2,1,47.0
13824,Vande Bharat,2026-04-20,4,0,PUNE,7,645,20,clear,False,0.25,3,1,0,176.2,47.0,0,0,57.6
17402,Express,2026-04-20,4,0,NGP,0,0,13,clear,False,0.0,0,0,0,0.0,0.0,0,9,0.0
17402,Express,2026-04-20,4,0,WR,1,80,14,clear,False,0.25,3,0,0,0.0,0.0,4,8,4.6
17402,Express,2026-04-20,4,0,BD,2,175,15,clear,False,0.55,3,0,0,4.6,4.6,4,7,10.1
17402,Express,2026-04-20,4,0,AK,3,254,16,clear,False,0.21,1,0,0,14.7,10.1,4,6,9.3
17402,Express,2026-04-20,4,0,BSL,4,393,18,clear,False,0.24,0,0,0,24.0,9.3,4,5,13.4
17402,Express,2026-04-20,4,0,MMR,5,576,20,clear,False,0.59,1,0,0,37.4,13.4,4,4,15.4
17402,Express,2026-04-20,4,0,DD,6,569,20,clear,False,0.43,2,1,1,52.8,15.4,4,3,31.9
17402,Express,2026-04-20,4,0,PUNE,7,645,21,clear,False,0.33,0,1,0,84.7,31.9,4,2,39.7
17402,Express,2026-04-20,4,0,MRJ,8,366,17,clear,False,0.66,1,1,0,124.4,39.7,4,1,45.3
17402,Express,2026-04-20,4,0,KOP,9,319,17,clear,False,0.76,4,1,1,169.7,45.3,0,0,60.9
16359,Mail,2026-04-20,4,0,KOP,0,0,21,clear,False,0.0,1,0,0,0.0,0.0,0,9,0.0
16359,Mail,2026-04-20,4,0,MRJ,1,47,22,clear,False,0.26,2,0,0,0.0,0.0,6,8,1.9
16359,Mail,2026-04-20,4,0,PUNE,2,326,1,clear,False,0.43,2,0,1,1.9,1.9,6,7,4.3
16359,Mail,2026-04-20,4,0,DD,3,250,0,clear,False,0.42,0,0,0,6.2,4.3,6,6,4.7
16359,Mail,2026-04-20,4,0,MMR,4,257,0,clear,False,0.35,2,0,0,10.9,4.7,6,5,7.5
16359,Mail,2026-04-20,4,0,BSL,5,74,22,clear,False,0.71,1,1,0,18.4,7.5,6,4,15.5
16359,Mail,2026-04-20,4,0,AK,6,65,22,clear,False,0.4,1,1,0,33.9,15.5,6,3,24.3
16359,Mail,2026-04-20,4,0,BD,7,144,23,clear,False,0.22,3,1,0,58.2,24.3,6,2,38.7
16359,Mail,2026-04-20,4,0,WR,8,239,0,clear,False,0.22,3,1,0,96.9,38.7,6,1,49.8
16359,Mail,2026-04-20,4,0,NGP,9,319,1,clear,False,0.24,0,1,0,146.7,49.8,0,0,53.0
22077,Mail,2026-04-11,4,6,CSMT,0,0,12,clear,False,0.0,1,0,0,0.0,0.0,0,10,0.0
22077,Mail,2026-04-11,4,6,DR,1,9,12,clear,False,0.41,3,1,1,0.0,0.0,6,9,16.9
22077,Mail,2026-04-11,4,6,TNA,2,34,12,clear,False,0.05,1,1,0,16.9,16.9,6,8,23.6
22077,Mail,2026-04-11,4,6,KYN,3,54,13,clear,False,0.62,1,1,0,40.5,23.6,6,7,26.3
22077,Mail,2026-04-11,4,6,KJT,4,100,13,clear,False,0.21,1,1,0,66.8,26.3,6,6,29.3
22077,Mail,2026-04-11,4,6,LNL,5,128,14,clear,False,0.3,1,1,0,96.1,29.3,6,5,33.6
22077,Mail,2026-04-11,4,6,SVJR,6,190,14,clear,False,0.4,2,1,1,129.7,33.6,6,4,40.8
22077,Mail,2026-04-11,4,6,PUNE,7,192,14,clear,False,0.1,0,1,0,170.5,40.8,6,3,43.6
22077,Mail,2026-04-11,4,6,DD,8,268,15,clear,False,0.47,2,1,1,214.1,43.6,6,2,46.5
22077,Mail,2026-04-11,4,6,KWV,9,377,17,clear,False,0.24,1,1,0,260.6,46.5,6,1,50.7
22077,Mail,2026-04-11,4,6,SUR,10,455,18,clear,False,0.31,1,1,0,311.3,50.7,0,0,56.3
18521,Mail,2026-04-11,4,6,SUR,0,0,14,clear,False,0.0,1,0,0,0.0,0.0,0,10,0.0
18521,Mail,2026-04-11,4,6,KWV,1,78,15,clear,False,0.46,2,0,0,0.0,0.0,6,9,2.6
18521,Mail,2026-04-11,4,6,DD,2,187,17,clear,False,0.21,0,0,0,2.6,2.6,6,8,7.9
18521,Mail,2026-04-11,4,6,PUNE,3,263,17,clear,False,0.29,3,0,3,10.5,7.9,6,7,26.6
18521,Mail,2026-04-11,4,6,SVJR,4,265,17,clear,False,0.67,1,1,0,37.1,26.6,6,6,34.8
18521,Mail,2026-04-11,4,6,LNL,5,327,18,clear,False,0.51,1,1,0,71.9,34.8,6,5,42.1
18521,Mail,2026-04-11,4,6,KJT,6,355,19,clear,False,0.72,0,1,0,114.0,42.1,6,4,51.1
18521,Mail,2026-04-11,4,6,KYN,7,401,19,clear,False,0.55,4,1,0,165.1,51.1,6,3,61.9
18521,Mail,2026-04-11,4,6,TNA,8,421,19,clear,False,0.86,1,1,0,227.0,61.9,6,2,74.3
18521,Mail,2026-04-11,4,6,DR,9,446,20,clear,False,0.48,0,1,0,301.3,74.3,6,1,75.5
18521,Mail,2026-04-11,4,6,CSMT,10,455,20,clear,False,0.72,2,1,1,376.8,75.5,0,0,83.2
12760,Express,2026-04-11,4,6,CSMT,0,0,14,clear,False,0.0,2,0,1,0.0,0.0,0,8,0.0
12760,Express,2026-04-11,4,6,DR,1,9,14,clear,False,0.7,3,0,0,0.0,0.0,4,7,9.3
12760,Express,2026-04-11,4,6,TNA,2,34,15,clear,False,0.42,1,0,0,9.3,9.3,4,6,9.1
12760,Express,2026-04-11,4,6,KYN,3,54,15,clear,False,0.22,1,0,0,18.4,9.1,4,5,11.1
12760,Express,2026-04-11,4,6,LNL,4,128,16,clear,False,0.53,0,0,0,29.5,11.1,4,4,10.7
12760,Express,2026-04-11,4,6,PUNE,5,192,17,clear,False,0.24,1,0,0,40.2,10.7,4,3,13.1
12760,Express,2026-04-11,4,6,MRJ,6,471,20,clear,False,0.41,1,0,0,53.3,13.1,4,2,13.4
12760,Express,2026-04-11,4,6,SLI,7,478,20,clear,False,0.18,0,0,0,66.7,13.4,4,1,18.0
12760,Express,2026-04-11,4,6,KOP,8,518,21,clear,False,0.59,1,1,0,84.7,18.0,0,0,28.6
14328,Intercity,2026-04-11,4,6,KOP,0,0,14,clear,False,0.0,0,0,0,0.0,0.0,0,8,0.0
14328,Intercity,2026-04-11,4,6,SLI,1,40,15,clear,False,0.1,1,0,0,0.0,0.0,4,7,3.2
14328,Intercity,2026-04-11,4,6,MRJ,2,47,15,clear,False,0.4,0,0,0,3.2,3.2,4,6,27.8
14328,Intercity,2026-04-11,4,6,PUNE,3,326,18,clear,False,0.32,0,1,0,31.0,27.8,4,5,34.7
14328,Intercity,2026-04-11,4,6,LNL,4,390,19,clear,False,0.83,0,1,0,65.7,34.7,4,4,46.4
14328,Intercity,2026-04-11,4,6,KYN,5,464,20,clear,False,0.35,0,1,0,112.1,46.4,4,3,49.0
14328,Intercity,2026-04-11,4,6,TNA,6,484,20,clear,False,0.89,0,1,0,161.1,49.0,4,2,62.0
14328,Intercity,2026-04-11,4,6,DR,7,509,21,clear,False,0.51,1,1,0,223.1,62.0,4,1,65.0
14328,Intercity,2026-04-11,4,6,CSMT,8,518,21,clear,False,0.63,1,1,0,288.1,65.0,0,0,67.7
12343,Vande Bharat,2026-04-11,4,6,CSMT,0,0,12,clear,False,0.0,0,0,0,0.0,0.0,0,15,0.0
12343,Vande Bharat,2026-04-11,4,6,DR,1,9,12,clear,False,0.82,2,1,1,0.0,0.0,2,14,11.9
12343,Vande Bharat,2026-04-11,4,6,TNA,2,34,12,clear,False,0.4,0,0,0,11.9,11.9,2,13,12.3
12343,Vande Bharat,2026-04-11,4,6,KYN,3,54,13,clear,False,0.16,1,0,0,24.2,12.3,2,12,13.4
12343,Vande Bharat,2026-04-11,4,6,IGP,4,137,14,clear,False,0.38,1,1,0,37.6,13.4,2,11,24.0
12343,Vande Bharat,2026-04-11,4,6,NK,5,188,14,clear,False,0.27,1,1,0,61.6,24.0,2,10,36.4
12343,Vande Bharat,2026-04-11,4,6,MMR,6,261,15,clear,False,0.34,1,1,0,98.0,36.4,2,9,43.5
12343,Vande Bharat,2026-04-11,4,6,CSN,7,328,16,clear,False,0.4,0,1,0,141.5,43.5,2,8,51.7
12343,Vande Bharat,2026-04-11,4,6,JL,8,420,17,clear,False,0.3,2,1,0,193.2,51.7,2,7,59.1
12343,Vande Bharat,2026-04-11,4,6,BSL,9,444,17,clear,False,0.41,1,1,0,252.3,59.1,2,6,68.5
12343,Vande Bharat,2026-04-11,4,6,MKU,10,494,18,clear,False,1.0,1,1,0,320.8,68.5,2,5,73.2
12343,Vande Bharat,2026-04-11,4,6,AK,11,583,19,clear,False,0.54,2,1,0,394.0,73.2,2,4,72.6
12343,Vande Bharat,2026-04-11,4,6,BD,12,662,20,clear,False,0.49,3,1,1,466.6,72.6,2,3,87.3
12343,Vande Bharat,2026-04-11,4,6,WR,13,757,21,clear,False,0.48,1,1,0,553.9,87.3,2,2,86.9
12343,Vande Bharat,2026-04-11,4,6,NGP,14,837,22,clear,False,0.38,0,1,0,640.8,86.9,2,1,82.1
12343,Vande Bharat,2026-04-11,4,6,G,15,967,0,clear,False,0.3,0,1,0,722.9,82.1,0,0,76.4
17241,Express,2026-04-11,4,6,G,0,0,5,clear,False,0.0,1,0,0,0.0,0.0,0,15,0.0
17241,Express,2026-04-11,4,6,NGP,1,130,6,clear,False,0.42,1,0,0,0.0,0.0,4,14,1.4
17241,Express,2026-04-11,4,6,WR,2,210,7,clear,False,0.48,3,0,0,1.4,1.4,4,13,6.5
17241,Express,2026-04-11,4,6,BD,3,305,9,clear,False,0.64,0,0,0,7.9,6.5,4,12,10.0
17241,Express,2026-04-11,4,6,AK,4,384,10,clear,False,0.25,1,0,0,17.9,10.0,4,11,17.8
17241,Express,2026-04-11,4,6,MKU,5,473,11,clear,False,0.56,0,1,0,35.7,17.8,4,10,23.6
17241,Express,2026-04-11,4,6,BSL,6,523,11,clear,False,0.65,1,1,0,59.3,23.6,4,9,31.7
17241,Express,2026-04-11,4,6,JL,7,547,12,clear,False,0.28,0,1,0,91.0,31.7,4,8,36.6
17241,Express,2026-04-11,4,6,CSN,8,639,13,clear,False,0.44,0,1,0,127.6,36.6,4,7,40.3
17241,Express,2026-04-11,4,6,MMR,9,706,14,clear,False,0.4,1,1,0,167.9,40.3,4,6,43.1
17241,Express,2026-04-11,4,6,NK,10,779,15,clear,False,0.34,1,1,0,211.0,43.1,4,5,43.9
17241,Express,2026-04-11,4,6,IGP,11,830,15,clear,False,0.3,0,1,0,254.9,43.9,4,4,47.9
17241,Express,2026-04-11,4,6,KYN,12,913,16,clear,False,0.11,1,1,0,302.8,47.9,4,3,51.4
17241,Express,2026-04-11,4,6,TNA,13,933,17,clear,False,0.53,0,1,0,354.2,51.4,4,2,55.8
17241,Express,2026-04-11,4,6,DR,14,958,17,clear,False,0.61,0,1,0,410.0,55.8,4,1,55.3
17241,Express,2026-04-11,4,6,CSMT,15,967,17,clear,False,0.45,3,1,0,465.3,55.3,0,0,61.2
15722,Superfast,2026-04-11,4,6,CSMT,0,0,14,clear,False,0.0,3,0,1,0.0,0.0,0,9,0.0
15722,Superfast,2026-04-11,4,6,DR,1,9,14,clear,False,0.37,2,1,0,0.0,0.0,2,8,11.9
15722,Superfast,2026-04-11,4,6,TNA,2,34,15,clear,False,0.23,2,1,0,11.9,11.9,2,7,16.1
15722,Superfast,2026-04-11,4,6,KYN,3,54,15,clear,False,0.53,1,1,0,28.0,16.1,2,6,23.4
15722,Superfast,2026-04-11,4,6,IGP,4,137,16,clear,False,0.27,2,1,2,51.4,23.4,2,5,34.3
15722,Superfast,2026-04-11,4,6,NK,5,188,17,clear,False,0.26,0,1,0,85.7,34.3,2,4,41.2
15722,Superfast,2026-04-11,4,6,MMR,6,261,18,clear,False,0.79,3,1,0,126.9,41.2,2,3,54.8
15722,Superfast,2026-04-11,4,6,AWB,7,375,19,clear,False,0.15,0,1,0,181.7,54.8,2,2,59.6
15722,Superfast,2026-04-11,4,6,J,8,438,20,clear,False,0.63,0,1,0,241.3,59.6,2,1,66.3
15722,Superfast,2026-04-11,4,6,NED,9,609,22,clear,False,0.1,0,1,0,307.6,66.3,0,0,67.1
14963,Superfast,2026-04-11,4,6,NED,0,0,20,clear,False,0.0,1,0,0,0.0,0.0,0,9,0.0
14963,Superfast,2026-04-11,4,6,J,1,171,22,clear,False,0.35,0,1,0,0.0,0.0,2,8,8.6
14963,Superfast,2026-04-11,4,6,AWB,2,234,23,clear,False,0.09,0,0,0,8.6,8.6,2,7,7.8
14963,Superfast,2026-04-11,4,6,MMR,3,348,0,clear,False,0.13,2,1,0,16.4,7.8,2,6,12.0
14963,Superfast,2026-04-11,4,6,NK,4,421,1,clear,False,0.3,0,0,0,28.4,12.0,2,5,13.4
14963,Superfast,2026-04-11,4,6,IGP,5,472,2,clear,False,0.1,2,0,0,41.8,13.4,2,4,15.0
14963,Superfast,2026-04-11,4,6,KYN,6,555,3,clear,False,0.59,1,0,0,56.8,15.0,2,3,14.8
14963,Superfast,2026-04-11,4,6,TNA,7,575,3,clear,False,0.41,1,0,0,71.6,14.8,2,2,16.7
14963,Superfast,2026-04-11,4,6,DR,8,600,4,clear,False,0.46,3,1,1,88.3,16.7,2,1,27.1
14963,Superfast,2026-04-11,4,6,CSMT,9,609,4,clear,False,0.4,2,1,1,115.4,27.1,0,0,34.0
17679,Mail,2026-04-11,4,6,CSMT,0,0,8,clear,False,0.0,0,1,0,0.0,0.0,0,5,13.6
17679,Mail,2026-04-11,4,6,DR,1,9,8,clear,False,0.79,4,0,0,13.6,13.6,6,4,23.3
17679,Mail,2026-04-11,4,6,TNA,2,34,8,clear,False,0.24,3,1,0,36.9,23.3,6,3,34.9
17679,Mail,2026-04-11,4,6,PNVL,3,69,8,clear,False,0.23,0,1,0,71.8,34.9,6,2,41.7
17679,Mail,2026-04-11,4,6,RN,4,307,11,clear,False,0.12,2,1,1,113.5,41.7,6,1,51.9
17679,Mail,2026-04-11,4,6,SWV,5,495,14,clear,False,0.4,2,1,0,165.4,51.9,0,0,55.7
21634,Superfast,2026-04-11,4,6,SWV,0,0,19,clear,False,0.0,0,0,0,0.0,0.0,0,5,0.0
21634,Superfast,2026-04-11,4,6,RN,1,188,21,clear,False,0.11,1,0,0,0.0,0.0,2,4,7.1
21634,Superfast,2026-04-11,4,6,PNVL,2,426,0,clear,False,0.42,2,0,0,7.1,7.1,2,3,9.3
21634,Superfast,2026-04-11,4,6,TNA,3,461,1,clear,False,0.25,0,0,0,16.4,9.3,2,2,10.9
21634,Superfast,2026-04-11,4,6,DR,4,486,1,clear,False,0.5,0,1,0,27.3,10.9,2,1,19.1
21634,Superfast,2026-04-11,4,6,CSMT,5,495,1,clear,False,0.35,1,1,0,46.4,19.1,0,0,24.7
11870,Express,2026-04-11,4,6,PUNE,0,0,11,clear,False,0.0,3,0,0,0.0,0.0,0,7,0.0
11870,Express,2026-04-11,4,6,DD,1,76,12,clear,False,0.24,2,0,0,0.0,0.0,4,6,2.4
11870,Express,2026-04-11,4,6,MMR,2,69,12,clear,False,0.35,4,0,0,2.4,2.4,4,5,9.3
11870,Express,2026-04-11,4,6,BSL,3,252,14,clear,False,0.23,1,0,0,11.7,9.3,4,4,8.9
11870,Express,2026-04-11,4,6,AK,4,391,16,clear,False,0.49,1,1,0,20.6,8.9,4,3,16.2
11870,Express,2026-04-11,4,6,BD,5,470,17,clear,False,0.37,0,1,0,36.8,16.2,4,2,20.8
11870,Express,2026-04-11,4,6,WR,6,565,18,clear,False,0.27,1,1,0,57.6,20.8,4,1,30.3
11870,Express,2026-04-11,4,6,NGP,7,645,19,clear,False,0.72,1,1,0,87.9,30.3,0,0,42.3
11395,Express,2026-04-11,4,6,NGP,0,0,13,clear,False,0.0,1,0,0,0.0,0.0,0,7,0.0
11395,Express,2026-04-11,4,6,WR,1,80,14,clear,False,0.13,1,0,0,0.0,0.0,4,6,1.5
11395,Express,2026-04-11,4,6,BD,2,175,15,clear,False,0.6,1,0,0,1.5,1.5,4,5,5.5
11395,Express,2026-04-11,4,6,AK,3,254,16,clear,False,0.26,2,0,0,7.0,5.5,4,4,7.1
11395,Express,2026-04-11,4,6,BSL,4,393,17,clear,False,0.72,2,0,1,14.1,7.1,4,3,17.1
11395,Express,2026-04-11,4,6,MMR,5,576,20,clear,False,0.37,1,1,0,31.2,17.1,4,2,25.2
11395,Express,2026-04-11,4,6,DD,6,569,20,clear,False,0.27,0,1,0,56.4,25.2,4,1,32.9
11395,Express,2026-04-11,4,6,PUNE,7,645,21,clear,False,0.63,1,1,0,89.3,32.9,0,0,42.7
13358,Express,2026-04-11,4,6,NGP,0,0,7,clear,False,0.0,0,0,0,0.0,0.0,0,9,0.0
13358,Express,2026-04-11,4,6,WR,1,80,8,clear,False,0.29,0,0,0,0.0,0.0,4,8,7.4
13358,Express,2026-04-11,4,6,BD,2,175,9,clear,False,0.54,4,1,0,7.4,7.4,4,7,24.5
13358,Express,2026-04-11,4,6,AK,3,254,10,clear,False,0.53,1,1,0,31.9,24.5,4,6,34.8
13358,Express,2026-04-11,4,6,BSL,4,393,12,clear,False,0.74,0,1,0,66.7,34.8,4,5,41.7
13358,Express,2026-04-11,4,6,MMR,5,576,14,clear,False,0.49,1,1,0,108.4,41.7,4,4,44.2
13358,Express,2026-04-11,4,6,DD,6,569,14,clear,False,0.14,0,1,0,152.6,44.2,4,3,46.5
13358,Express,2026-04-11,4,6,PUNE,7,645,15,clear,False,0.41,3,1,0,199.1,46.5,4,2,55.5
13358,Express,2026-04-11,4,6,MRJ,8,366,12,clear,False,0.36,0,1,0,254.6,55.5,4,1,56.8
13358,Express,2026-04-11,4,6,KOP,9,319,11,clear,False,0.75,4,1,0,311.4,56.8,0,0,68.8
21967,Vande Bharat,2026-04-11,4,6,KOP,0,0,13,clear,False,0.0,1,0,0,0.0,0.0,0,9,0.0
21967,Vande Bharat,2026-04-11,4,6,MRJ,1,47,13,clear,False,0.08,4,0,0,0.0,0.0,2,8,5.0
21967,Vande Bharat,2026-04-11,4,6,PUNE,2,326,17,clear,False,0.31,3,0,0,5.0,5.0,2,7,15.1
21967,Vande Bharat,2026-04-11,4,6,DD,3,250,16,clear,False,0.12,2,1,1,20.1,15.1,2,6,24.2
21967,Vande Bharat,2026-04-11,4,6,MMR,4,257,16,clear,False,0.14,2,1,1,44.3,24.2,2,5,32.2
21967,Vande Bharat,2026-04-11,4,6,BSL,5,74,14,clear,False,0.37,2,1,0,76.5,32.2,2,4,34.8
21967,Vande Bharat,2026-04-11,4,6,AK,6,65,14,clear,False,0.3,2,1,0,111.3,34.8,2,3,37.3
21967,Vande Bharat,2026-04-11,4,6,BD,7,144,15,clear,False,0.34,3,1,3,148.6,37.3,2,2,47.8
21967,Vande Bharat,2026-04-11,4,6,WR,8,239,16,clear,False,0.34,4,1,0,196.4,47.8,2,1,55.1
21967,Vande Bharat,2026-04-11,4,6,NGP,9,319,17,clear,False,0.59,2,1,1,251.5,55.1,0,0,65.1
15075,Superfast,2026-09-28,9,1,CSMT,0,0,13,rain,True,0.0,0,0,0,0.0,0.0,0,10,0.0
15075,Superfast,2026-09-28,9,1,DR,1,9,13,rain,True,0.35,2,0,0,0.0,0.0,2,9,0.8
15075,Superfast,2026-09-28,9,1,TNA,2,34,13,rain,True,0.1,0,1,0,0.8,0.8,2,8,12.3
15075,Superfast,2026-09-28,9,1,KYN,3,54,14,rain,True,0.44,1,0,0,13.1,12.3,2,7,15.7
15075,Superfast,2026-09-28,9,1,KJT,4,100,14,rain,True,0.47,0,1,0,28.8,15.7,2,6,32.8
15075,Superfast,2026-09-28,9,1,LNL,5,128,14,rain,True,0.33,3,1,1,61.6,32.8,2,5,56.7
15075,Superfast,2026-09-28,9,1,SVJR,6,190,15,rain,True,0.24,0,1,0,118.3,56.7,2,4,59.6
15075,Superfast,2026-09-28,9,1,PUNE,7,192,15,rain,True,0.61,0,1,0,177.9,59.6,2,3,60.7
15075,Superfast,2026-09-28,9,1,DD,8,268,16,rain,True,0.56,0,1,0,238.6,60.7,2,2,62.7
15075,Superfast,2026-09-28,9,1,KWV,9,377,18,rain,True,0.86,3,1,3,301.3,62.7,2,1,86.0
15075,Superfast,2026-09-28,9,1,SUR,10,455,19,rain,True,0.21,1,1,0,387.3,86.0,0,0,89.9
15693,Superfast,2026-09-28,9,1,SUR,0,0,9,rain,True,0.0,1,0,0,0.0,0.0,0,10,0.0
15693,Superfast,2026-09-28,9,1,KWV,1,78,10,rain,True,0.69,3,1,0,0.0,0.0,2,9,12.1
15693,Superfast,2026-09-28,9,1,DD,2,187,11,rain,True,0.33,2,1,0,12.1,12.1,2,8,19.4
15693,Superfast,2026-09-28,9,1,PUNE,3,263,12,rain,True,0.41,3,1,1,31.5,19.4,2,7,34.7
15693,Superfast,2026-09-28,9,1,SVJR,4,265,12,rain,True,0.17,2,1,0,66.2,34.7,2,6,37.4
15693,Superfast,2026-09-28,9,1,LNL,5,327,13,rain,True,0.42,1,1,0,103.6,37.4,2,5,48.5
15693,Superfast,2026-09-28,9,1,KJT,6,355,13,rain,True,0.46,1,1,0,152.1,48.5,2,4,55.5
15693,Superfast,2026-09-28,9,1,KYN,7,401,14,rain,True,0.07,2,1,1,207.6,55.5,2,3,58.5
15693,Superfast,2026-09-28,9,1,TNA,8,421,14,rain,True,0.28,2,1,0,266.1,58.5,2,2,62.5
15693,Superfast,2026-09-28,9,1,DR,9,446,14,rain,True,0.51,1,1,0,328.6,62.5,2,1,63.9
15693,Superfast,2026-09-28,9,1,CSMT,10,455,15,rain,True,0.43,4,1,0,392.5,63.9,0,0,68.8
14149,Vande Bharat,2026-09-28,9,1,CSMT,0,0,19,rain,True,0.0,2,0,0,0.0,0.0,0,8,0.0
14149,Vande Bharat,2026-09-28,9,1,DR,1,9,19,rain,True,0.54,2,1,1,0.0,0.0,2,7,13.1
14149,Vande Bharat,2026-09-28,9,1,TNA,2,34,19,rain,True,0.84,0,0,0,13.1,13.1,2,6,20.4
14149,Vande Bharat,2026-09-28,9,1,KYN,3,54,19,rain,True,0.38,3,1,1,33.5,20.4,2,5,37.7
14149,Vande Bharat,2026-09-28,9,1,LNL,4,128,20,rain,True,0.3,1,1,0,71.2,37.7,2,4,47.4
14149,Vande Bharat,2026-09-28,9,1,PUNE,5,192,21,rain,True,0.69,0,1,0,118.6,47.4,2,3,54.5
14149,Vande Bharat,2026-09-28,9,1,MRJ,6,471,1,rain,True,0.2,1,1,0,173.1,54.5,2,2,57.2
14149,Vande Bharat,2026-09-28,9,1,SLI,7,478,1,rain,True,0.49,0,1,0,230.3,57.2,2,1,59.6
14149,Vande Bharat,2026-09-28,9,1,KOP,8,518,1,rain,True,0.19,1,1,0,289.9,59.6,0,0,63.6
15811,Express,2026-09-28,9,1,KOP,0,0,16,rain,True,0.0,1,0,0,0.0,0.0,0,8,0.0
15811,Express,2026-09-28,9,1,SLI,1,40,17,rain,True,0.66,2,0,0,0.0,0.0,4,7,5.8
15811,Express,2026-09-28,9,1,MRJ,2,47,17,rain,True,0.62,1,0,0,5.8,5.8,4,6,8.1
15811,Express,2026-09-28,9,1,PUNE,3,326,20,rain,True,0.68,0,1,0,13.9,8.1,4,5,13.5
15811,Express,2026-09-28,9,1,LNL,4,390,21,rain,True,0.52,3,1,3,27.4,13.5,4,4,41.1
15811,Express,2026-09-28,9,1,KYN,5,464,22,rain,True,0.31,0,1,0,68.5,41.1,4,3,47.1
15811,Express,2026-09-28,9,1,TNA,6,484,22,rain,True,0.07,1,1,0,115.6,47.1,4,2,49.4
15811,Express,2026-09-28,9,1,DR,7,509,23,rain,True,0.37,1,1,0,165.0,49.4,4,1,47.4
15811,Express,2026-09-28,9,1,CSMT,8,518,23,rain,True,0.24,1,1,0,212.4,47.4,0,0,49.3
22950,Mail,2026-09-28,9,1,CSMT,0,0,15,rain,True,0.0,0,0,0,0.0,0.0,0,15,6.9
22950,Mail,2026-09-28,9,1,DR,1,9,15,rain,True,0.16,0,1,0,6.9,6.9,6,14,15.8
22950,Mail,2026-09-28,9,1,TNA,2,34,16,rain,True,0.75,0,1,0,22.7,15.8,6,13,26.7
22950,Mail,2026-09-28,9,1,KYN,3,54,16,rain,True,0.35,3,1,0,49.4,26.7,6,12,36.0
22950,Mail,2026-09-28,9,1,IGP,4,137,17,rain,True,0.33,1,1,0,85.4,36.0,6,11,54.5
22950,Mail,2026-09-28,9,1,NK,5,188,17,rain,True,0.42,1,1,0,139.9,54.5,6,10,59.0
22950,Mail,2026-09-28,9,1,MMR,6,261,18,rain,True,0.09,1,1,0,198.9,59.0,6,9,62.2
22950,Mail,2026-09-28,9,1,CSN,7,328,19,rain,True,0.13,1,1,0,261.1,62.2,6,8,62.5
22950,Mail,2026-09-28,9,1,JL,8,420,20,rain,True,0.63,1,1,0,323.6,62.5,6,7,66.7
22950,Mail,2026-09-28,9,1,BSL,9,444,21,rain,True,0.18,3,1,1,390.3,66.7,6,6,80.7
22950,Mail,2026-09-28,9,1,MKU,10,494,21,rain,True,0.37,0,1,0,471.0,80.7,6,5,83.2
22950,Mail,2026-09-28,9,1,AK,11,583,22,rain,True,0.42,4,1,0,554.2,83.2,6,4,86.0
22950,Mail,2026-09-28,9,1,BD,12,662,23,rain,True,0.05,4,1,2,640.2,86.0,6,3,91.9
22950,Mail,2026-09-28,9,1,WR,13,757,1,rain,True,0.8,0,1,0,732.1,91.9,6,2,90.9
22950,Mail,2026-09-28,9,1,NGP,14,837,2,rain,True,0.19,4,1,1,823.0,90.9,6,1,96.3
22950,Mail,2026-09-28,9,1,G,15,967,3,rain,True,0.35,1,1,0,919.3,96.3,0,0,93.8
22655,Express,2026-09-28,9,1,G,0,0,11,rain,True,0.0,1,1,0,0.0,0.0,0,15,0.0
22655,Express,2026-09-28,9,1,NGP,1,130,12,rain,True,0.33,4,1,0,0.0,0.0,4,14,12.7
22655,Express,2026-09-28,9,1,WR,2,210,13,rain,True,0.22,2,0,1,12.7,12.7,4,13,16.5
22655,Express,2026-09-28,9,1,BD,3,305,14,rain,True,0.31,1,1,0,29.2,16.5,4,12,21.3
22655,Express,2026-09-28,9,1,AK,4,384,15,rain,True,0.29,1,1,0,50.5,21.3,4,11,34.0
22655,Express,2026-09-28,9,1,MKU,5,473,17,rain,True,0.26,3,1,1,84.5,34.0,4,10,46.6
22655,Express,2026-09-28,9,1,BSL,6,523,17,rain,True,0.57,2,1,3,131.1,46.6,4,9,60.2
22655,Express,2026-09-28,9,1,JL,7,547,18,rain,True,0.65,1,1,0,191.3,60.2,4,8,61.9
22655,Express,2026-09-28,9,1,CSN,8,639,19,rain,True,0.32,4,1,0,253.2,61.9,4,7,67.9
22655,Express,2026-09-28,9,1,MMR,9,706,19,rain,True,0.41,0,1,0,321.1,67.9,4,6,67.5
22655,Express,2026-09-28,9,1,NK,10,779,20,rain,True,0.4,4,1,1,388.6,67.5,4,5,77.4
22655,Express,2026-09-28,9,1,IGP,11,830,21,rain,True,0.31,1,1,0,466.0,77.4,4,4,86.7
22655,Express,2026-09-28,9,1,KYN,12,913,22,rain,True,0.17,3,1,2,552.7,86.7,4,3,88.7
22655,Express,2026-09-28,9,1,TNA,13,933,22,rain,True,0.27,2,1,0,641.4,88.7,4,2,87.4
22655,Express,2026-09-28,9,1,DR,14,958,23,rain,True,0.42,3,1,1,728.8,87.4,4,1,89.6
22655,Express,2026-09-28,9,1,CSMT,15,967,23,rain,True,0.26,2,1,0,818.4,89.6,0,0,87.7
19695,Vande Bharat,2026-09-28,9,1,CSMT,0,0,9,rain,True,0.0,2,0,0,0.0,0.0,0,9,4.0
19695,Vande Bharat,2026-09-28,9,1,DR,1,9,9,rain,True,0.43,0,0,0,4.0,4.0,2,8,8.0
19695,Vande Bharat,2026-09-28,9,1,TNA,2,34,9,rain,True,0.54,1,0,0,12.0,8.0,2,7,11.5
19695,Vande Bharat,2026-09-28,9,1,KYN,3,54,9,rain,True,0.77,3,1,2,23.5,11.5,2,6,36.9
19695,Vande Bharat,2026-09-28,9,1,IGP,4,137,10,rain,True,1.0,2,1,1,60.4,36.9,2,5,56.5
19695,Vande Bharat,2026-09-28,9,1,NK,5,188,11,rain,True,0.5,2,1,0,116.9,56.5,2,4,59.3
19695,Vande Bharat,2026-09-28,9,1,MMR,6,261,12,rain,True,0.36,1,1,0,176.2,59.3,2,3,56.1
19695,Vande Bharat,2026-09-28,9,1,AWB,7,375,13,rain,True,0.39,1,1,0,232.3,56.1,2,2,56.4
19695,Vande Bharat,2026-09-28,9,1,J,8,438,14,rain,True,0.29,3,1,0,288.7,56.4,2,1,61.8
19695,Vande Bharat,2026-09-28,9,1,NED,9,609,16,rain,True,0.45,2,1,1,350.5,61.8,0,0,71.1
22224,Vande Bharat,2026-09-28,9,1,NED,0,0,12,rain,True,0.0,0,0,0,0.0,0.0,0,9,3.8
22224,Vande Bharat,2026-09-28,9,1,J,1,171,14,rain,True,0.16,3,0,0,3.8,3.8,2,8,9.1
22224,Vande Bharat,2026-09-28,9,1,AWB,2,234,15,rain,True,0.47,1,0,0,12.9,9.1,2,7,8.9
22224,Vande Bharat,2026-09-28,9,1,MMR,3,348,17,rain,True,0.31,0,0,0,21.8,8.9,2,6,12.6
22224,Vande Bharat,2026-09-28,9,1,NK,4,421,17,rain,True,0.57,2,0,1,34.4,12.6,2,5,15.9
22224,Vande Bharat,2026-09-28,9,1,IGP,5,472,18,rain,True,0.29,1,1,0,50.3,15.9,2,4,31.9
22224,Vande Bharat,2026-09-28,9,1,KYN,6,555,19,rain,True,0.4,2,1,0,82.2,31.9,2,3,38.8
22224,Vande Bharat,2026-09-28,9,1,TNA,7,575,19,rain,True,0.14,0,1,0,121.0,38.8,2,2,46.7
22224,Vande Bharat,2026-09-28,9,1,DR,8,600,20,rain,True,0.78,3,1,0,167.7,46.7,2,1,62.1
22224,Vande Bharat,2026-09-28,9,1,CSMT,9,609,20,rain,True,0.78,2,1,0,229.8,62.1,0,0,71.3
12857,Superfast,2026-09-28,9,1,CSMT,0,0,18,rain,True,0.0,1,0,0,0.0,0.0,0,5,0.0
12857,Superfast,2026-09-28,9,1,DR,1,9,18,rain,True,0.2,1,0,0,0.0,0.0,2,4,5.3
12857,Superfast,2026-09-28,9,1,TNA,2,34,19,rain,True,0.75,1,0,0,5.3,5.3,2,3,14.7
12857,Superfast,2026-09-28,9,1,PNVL,3,69,19,rain,True,0.5,1,1,0,20.0,14.7,2,2,24.3
12857,Superfast,2026-09-28,9,1,RN,4,307,22,rain,True,0.13,0,1,0,44.3,24.3,2,1,30.5
12857,Superfast,2026-09-28,9,1,SWV,5,495,0,rain,True,0.7,1,1,0,74.8,30.5,0,0,38.9
21163,Vande Bharat,2026-09-28,9,1,SWV,0,0,19,rain,True,0.0,0,1,0,0.0,0.0,0,5,8.4
21163,Vande Bharat,2026-09-28,9,1,RN,1,188,21,rain,True,0.33,0,0,0,8.4,8.4,2,4,11.6
21163,Vande Bharat,2026-09-28,9,1,PNVL,2,426,0,rain,True,0.35,1,0,0,20.0,11.6,2,3,13.2
21163,Vande Bharat,2026-09-28,9,1,TNA,3,461,1,rain,True,0.61,3,0,0,33.2,13.2,2,2,17.2
21163,Vande Bharat,2026-09-28,9,1,DR,4,486,1,rain,True,0.16,3,1,0,50.4,17.2,2,1,25.4
21163,Vande Bharat,2026-09-28,9,1,CSMT,5,495,1,rain,True,0.19,2,1,0,75.8,25.4,0,0,26.8
14115,Superfast,2026-09-28,9,1,PUNE,0,0,16,rain,True,0.0,1,0,0,0.0,0.0,0,7,0.0
14115,Superfast,2026-09-28,9,1,DD,1,76,17,rain,True,0.67,2,0,2,0.0,0.0,2,6,7.8
14115,Superfast,2026-09-28,9,1,MMR,2,69,17,rain,True,0.3,2,0,0,7.8,7.8,2,5,9.1
14115,Superfast,2026-09-28,9,1,BSL,3,252,19,rain,True,0.88,1,0,0,16.9,9.1,2,4,17.6
14115,Superfast,2026-09-28,9,1,AK,4,391,21,rain,True,0.26,3,1,0,34.5,17.6,2,3,36.9
14115,Superfast,2026-09-28,9,1,BD,5,470,22,rain,True,0.43,1,1,0,71.4,36.9,2,2,39.7
14115,Superfast,2026-09-28,9,1,WR,6,565,23,rain,True,0.64,2,1,0,111.1,39.7,2,1,41.2
14115,Superfast,2026-09-28,9,1,NGP,7,645,0,rain,True,0.53,2,1,0,152.3,41.2,0,0,41.6
12396,Intercity,2026-09-28,9,1,NGP,0,0,7,rain,True,0.0,1,0,0,0.0,0.0,0,7,0.0
12396,Intercity,2026-09-28,9,1,WR,1,80,8,rain,True,0.65,1,0,0,0.0,0.0,4,6,1.8
12396,Intercity,2026-09-28,9,1,BD,2,175,9,rain,True,0.47,1,0,0,1.8,1.8,4,5,6.1
12396,Intercity,2026-09-28,9,1,AK,3,254,10,rain,True,0.2,0,0,0,7.9,6.1,4,4,11.4
12396,Intercity,2026-09-28,9,1,BSL,4,393,12,rain,True,0.56,2,0,0,19.3,11.4,4,3,10.9
12396,Intercity,2026-09-28,9,1,MMR,5,576,14,rain,True,0.25,1,0,0,30.2,10.9,4,2,10.3
12396,Intercity,2026-09-28,9,1,DD,6,569,14,rain,True,0.84,0,1,0,40.5,10.3,4,1,26.5
12396,Intercity,2026-09-28,9,1,PUNE,7,645,15,rain,True,0.74,3,1,3,67.0,26.5,0,0,50.7
17219,Express,2026-09-28,9,1,NGP,0,0,22,rain,True,0.0,2,0,3,0.0,0.0,0,9,0.0
17219,Express,2026-09-28,9,1,WR,1,80,23,rain,True,0.12,1,0,0,0.0,0.0,4,8,0.1
17219,Express,2026-09-28,9,1,BD,2,175,1,rain,True,0.58,1,1,0,0.1,0.1,4,7,8.5
17219,Express,2026-09-28,9,1,AK,3,254,2,rain,True,0.54,1,1,0,8.6,8.5,4,6,12.3
17219,Express,2026-09-28,9,1,BSL,4,393,3,rain,True,0.1,0,1,0,20.9,12.3,4,5,19.5
17219,Express,2026-09-28,9,1,MMR,5,576,6,rain,True,0.55,1,1,0,40.4,19.5,4,4,27.7
17219,Express,2026-09-28,9,1,DD,6,569,6,rain,True,0.74,0,1,0,68.1,27.7,4,3,36.6
17219,Express,2026-09-28,9,1,PUNE,7,645,7,rain,True,0.09,4,1,0,104.7,36.6,4,2,42.9
17219,Express,2026-09-28,9,1,MRJ,8,366,3,rain,True,0.15,0,1,0,147.6,42.9,4,1,43.0
17219,Express,2026-09-28,9,1,KOP,9,319,2,rain,True,0.4,1,1,0,190.6,43.0,0,0,48.5
15530,Vande Bharat,2026-09-28,9,1,KOP,0,0,10,rain,True,0.0,2,0,0,0.0,0.0,0,9,0.0
15530,Vande Bharat,2026-09-28,9,1,MRJ,1,47,11,rain,True,0.44,3,0,0,0.0,0.0,2,8,9.6
15530,Vande Bharat,2026-09-28,9,1,PUNE,2,326,14,rain,True,0.55,3,0,0,9.6,9.6,2,7,15.8
15530,Vande Bharat,2026-09-28,9,1,DD,3,250,13,rain,True,0.42,1,1,0,25.4,15.8,2,6,20.7
15530,Vande Bharat,2026-09-28,9,1,MMR,4,257,13,rain,True,0.42,1,1,0,46.1,20.7,2,5,26.1
15530,Vande Bharat,2026-09-28,9,1,BSL,5,74,11,rain,True,1.0,0,1,0,72.2,26.1,2,4,33.0
15530,Vande Bharat,2026-09-28,9,1,AK,6,65,11,rain,True,0.34,2,1,0,105.2,33.0,2,3,43.5
15530,Vande Bharat,2026-09-28,9,1,BD,7,144,12,rain,True,0.2,3,1,2,148.7,43.5,2,2,55.7
15530,Vande Bharat,2026-09-28,9,1,WR,8,239,13,rain,True,0.36,0,1,0,204.4,55.7,2,1,58.7
15530,Vande Bharat,2026-09-28,9,1,NGP,9,319,14,rain,True,0.45,1,1,0,263.1,58.7,0,0,59.8
12343,Superfast,2026-03-18,3,4,CSMT,0,0,11,clear,False,0.0,3,0,0,0.0,0.0,0,10,0.0
12343,Superfast,2026-03-18,3,4,DR,1,9,11,clear,False,0.85,1,0,0,0.0,0.0,2,9,16.0
12343,Superfast,2026-03-18,3,4,TNA,2,34,11,clear,False,0.17,0,1,0,16.0,16.0,2,8,20.5
12343,Superfast,2026-03-18,3,4,KYN,3,54,11,clear,False,0.47,2,1,0,36.5,20.5,2,7,28.4
12343,Superfast,2026-03-18,3,4,KJT,4,100,12,clear,False,0.32,1,1,0,64.9,28.4,2,6,35.4
12343,Superfast,2026-03-18,3,4,LNL,5,128,12,clear,False,0.32,3,1,1,100.3,35.4,2,5,43.4
12343,Superfast,2026-03-18,3,4,SVJR,6,190,13,clear,False,0.19,2,1,0,143.7,43.4,2,4,49.6
12343,Superfast,2026-03-18,3,4,PUNE,7,192,13,clear,False,0.38,1,1,0,193.3,49.6,2,3,49.6
12343,Superfast,2026-03-18,3,4,DD,8,268,14,clear,False,0.29,1,1,0,242.9,49.6,2,2,52.8
12343,Superfast,2026-03-18,3,4,KWV,9,377,15,clear,False,0.45,1,1,0,295.7,52.8,2,1,54.1
12343,Superfast,2026-03-18,3,4,SUR,10,455,16,clear,False,0.45,4,1,0,349.8,54.1,0,0,60.3
15080,Express,2026-03-18,3,4,SUR,0,0,16,clear,False,0.0,2,0,1,0.0,0.0,0,10,12.3
15080,Express,2026-03-18,3,4,KWV,1,78,17,clear,False,0.66,0,0,0,12.3,12.3,4,9,14.1
15080,Express,2026-03-18,3,4,DD,2,187,18,clear,False,0.91,2,0,0,26.4,14.1,4,8,23.0
15080,Express,2026-03-18,3,4,PUNE,3,263,19,clear,False,0.55,2,1,3,49.4,23.0,4,7,37.4
15080,Express,2026-03-18,3,4,SVJR,4,265,19,clear,False,0.19,0,1,0,86.8,37.4,4,6,42.4
15080,Express,2026-03-18,3,4,LNL,5,327,20,clear,False,0.22,0,1,0,129.2,42.4,4,5,52.1
15080,Express,2026-03-18,3,4,KJT,6,355,20,clear,False,0.52,0,1,0,181.3,52.1,4,4,60.5
15080,Express,2026-03-18,3,4,KYN,7,401,21,clear,False,0.56,1,1,0,241.8,60.5,4,3,66.3
15080,Express,2026-03-18,3,4,TNA,8,421,21,clear,False,0.73,1,1,0,308.1,66.3,4,2,75.8
15080,Express,2026-03-18,3,4,DR,9,446,21,clear,False,0.41,0,1,0,383.9,75.8,4,1,79.9
15080,Express,2026-03-18,3,4,CSMT,10,455,21,clear,False,0.3,0,1,0,463.8,79.9,0,0,82.1
12752,Intercity,2026-03-18,3,4,CSMT,0,0,11,clear,False,0.0,0,0,0,0.0,0.0,0,8,13.8
12752,Intercity,2026-03-18,3,4,DR,1,9,11,clear,False,0.3,1,0,0,13.8,13.8,4,7,16.9
12752,Intercity,2026-03-18,3,4,TNA,2,34,11,clear,False,0.37,1,1,0,30.7,16.9,4,6,25.2
12752,Intercity,2026-03-18,3,4,KYN,3,54,11,clear,False,0.76,1,1,0,55.9,25.2,4,5,38.2
12752,Intercity,2026-03-18,3,4,LNL,4,128,12,clear,False,0.26,3,1,0,94.1,38.2,4,4,47.6
12752,Intercity,2026-03-18,3,4,PUNE,5,192,13,clear,False,0.28,0,1,0,141.7,47.6,4,3,49.9
12752,Intercity,2026-03-18,3,4,MRJ,6,471,17,clear,False,0.55,3,1,0,191.6,49.9,4,2,60.8
12752,Intercity,2026-03-18,3,4,SLI,7,478,17,clear,False,0.33,1,1,0,252.4,60.8,4,1,59.9
12752,Intercity,2026-03-18,3,4,KOP,8,518,17,clear,False,0.23,0,1,0,312.3,59.9,0,0,61.4
11976,Vande Bharat,2026-03-18,3,4,KOP,0,0,18,clear,False,0.0,0,1,0,0.0,0.0,0,8,0.0
11976,Vande Bharat,2026-03-18,3,4,SLI,1,40,18,clear,False,0.46,1,1,0,0.0,0.0,2,7,11.3
11976,Vande Bharat,2026-03-18,3,4,MRJ,2,47,19,clear,False,0.34,2,0,1,11.3,11.3,2,6,16.6
11976,Vande Bharat,2026-03-18,3,4,PUNE,3,326,22,clear,False,0.3,0,1,0,27.9,16.6,2,5,23.6
11976,Vande Bharat,2026-03-18,3,4,LNL,4,390,23,clear,False,0.47,1,1,0,51.5,23.6,2,4,24.2
11976,Vande Bharat,2026-03-18,3,4,KYN,5,464,0,clear,False,0.11,0,1,0,75.7,24.2,2,3,29.7
11976,Vande Bharat,2026-03-18,3,4,TNA,6,484,0,clear,False,0.29,2,1,0,105.4,29.7,2,2,33.2
11976,Vande Bharat,2026-03-18,3,4,DR,7,509,0,clear,False,0.25,1,1,0,138.6,33.2,2,1,40.4
11976,Vande Bharat,2026-03-18,3,4,CSMT,8,518,0,clear,False,0.59,0,1,0,179.0,40.4,0,0,41.6
17300,Intercity,2026-03-18,3,4,CSMT,0,0,8,clear,False,0.0,1,0,0,0.0,0.0,0,15,11.3
17300,Intercity,2026-03-18,3,4,DR,1,9,9,clear,False,0.13,2,0,1,11.3,11.3,4,14,16.9
17300,Intercity,2026-03-18,3,4,TNA,2,34,9,clear,False,0.72,1,1,0,28.2,16.9,4,13,31.1
17300,Intercity,2026-03-18,3,4,KYN,3,54,9,clear,False,0.24,2,1,0,59.3,31.1,4,12,39.7
17300,Intercity,2026-03-18,3,4,IGP,4,137,10,clear,False,0.54,1,1,0,99.0,39.7,4,11,42.5
17300,Intercity,2026-03-18,3,4,NK,5,188,11,clear,False,0.29,0,1,0,141.5,42.5,4,10,44.9
17300,Intercity,2026-03-18,3,4,MMR,6,261,12,clear,False,0.39,2,1,1,186.4,44.9,4,9,48.5
17300,Intercity,2026-03-18,3,4,CSN,7,328,13,clear,False,0.53,1,1,0,234.9,48.5,4,8,55.1
17300,Intercity,2026-03-18,3,4,JL,8,420,14,clear,False,0.34,2,1,0,290.0,55.1,4,7,56.2
17300,Intercity,2026-03-18,3,4,BSL,9,444,14,clear,False,0.19,1,1,0,346.2,56.2,4,6,57.2
17300,Intercity,2026-03-18,3,4,MKU,10,494,15,clear,False,0.55,0,1,0,403.4,57.2,4,5,55.2
17300,Intercity,2026-03-18,3,4,AK,11,583,16,clear,False,0.12,2,1,0,458.6,55.2,4,4,60.4
17300,Intercity,2026-03-18,3,4,BD,12,662,17,clear,False,0.34,1,1,0,519.0,60.4,4,3,65.3
17300,Intercity,2026-03-18,3,4,WR,13,757,18,clear,False,0.44,0,1,0,584.3,65.3,4,2,65.1
17300,Intercity,2026-03-18,3,4,NGP,14,837,19,clear,False,0.3,2,1,1,649.4,65.1,4,1,65.0
17300,Intercity,2026-03-18,3,4,G,15,967,21,clear,False,0.68,1,1,0,714.4,65.0,0,0,66.6
21974,Intercity,2026-03-18,3,4,G,0,0,20,clear,False,0.0,1,1,0,0.0,0.0,0,15,0.0
21974,Intercity,2026-03-18,3,4,NGP,1,130,21,clear,False,0.52,0,0,0,0.0,0.0,4,14,5.5
21974,Intercity,2026-03-18,3,4,WR,2,210,22,clear,False,0.25,0,0,0,5.5,5.5,4,13,6.7
21974,Intercity,2026-03-18,3,4,BD,3,305,23,clear,False,0.4,1,0,0,12.2,6.7,4,12,7.6
21974,Intercity,2026-03-18,3,4,AK,4,384,0,clear,False,0.72,1,0,0,19.8,7.6,4,11,12.4
21974,Intercity,2026-03-18,3,4,MKU,5,473,2,clear,False,0.32,4,1,0,32.2,12.4,4,10,22.1
21974,Intercity,2026-03-18,3,4,BSL,6,523,2,clear,False,0.5,1,1,0,54.3,22.1,4,9,26.5
21974,Intercity,2026-03-18,3,4,JL,7,547,2,clear,False,0.16,1,1,0,80.8,26.5,4,8,28.4
21974,Intercity,2026-03-18,3,4,CSN,8,639,4,clear,False,0.48,1,1,0,109.2,28.4,4,7,31.8
21974,Intercity,2026-03-18,3,4,MMR,9,706,4,clear,False,0.27,2,1,3,141.0,31.8,4,6,44.7
21974,Intercity,2026-03-18,3,4,NK,10,779,5,clear,False,0.42,1,1,0,185.7,44.7,4,5,50.9
21974,Intercity,2026-03-18,3,4,IGP,11,830,6,clear,False,0.13,0,1,0,236.6,50.9,4,4,48.8
21974,Intercity,2026-03-18,3,4,KYN,12,913,7,clear,False,0.54,1,1,0,285.4,48.8,4,3,54.3
21974,Intercity,2026-03-18,3,4,TNA,13,933,7,clear,False,0.32,0,1,0,339.7,54.3,4,2,51.5
21974,Intercity,2026-03-18,3,4,DR,14,958,8,clear,False,0.45,0,1,0,391.2,51.5,4,1,55.5
21974,Intercity,2026-03-18,3,4,CSMT,15,967,8,clear,False,0.77,1,1,0,446.7,55.5,0,0,62.4
12531,Superfast,2026-03-18,3,4,CSMT,0,0,11,clear,False,0.0,0,0,0,0.0,0.0,0,9,0.0
12531,Superfast,2026-03-18,3,4,DR,1,9,11,clear,False,0.98,1,0,0,0.0,0.0,2,8,9.0
12531,Superfast,2026-03-18,3,4,TNA,2,34,11,clear,False,0.59,2,1,1,9.0,9.0,2,7,20.9
12531,Superfast,2026-03-18,3,4,KYN,3,54,11,clear,False,0.38,1,1,0,29.9,20.9,2,6,31.4
12531,Superfast,2026-03-18,3,4,IGP,4,137,12,clear,False,0.28,2,1,1,61.3,31.4,2,5,42.4
12531,Superfast,2026-03-18,3,4,NK,5,188,13,clear,False,0.28,2,1,0,103.7,42.4,2,4,42.0
12531,Superfast,2026-03-18,3,4,MMR,6,261,14,clear,False,0.16,1,1,0,145.7,42.0,2,3,41.8
12531,Superfast,2026-03-18,3,4,AWB,7,375,15,clear,False,0.4,1,1,0,187.5,41.8,2,2,44.6
12531,Superfast,2026-03-18,3,4,J,8,438,16,clear,False,0.11,1,1,0,232.1,44.6,2,1,48.0
12531,Superfast,2026-03-18,3,4,NED,9,609,18,clear,False,0.63,1,1,0,280.1,48.0,0,0,49.1
20114,Intercity,2026-03-18,3,4,NED,0,0,17,clear,False,0.0,4,0,1,0.0,0.0,0,9,0.0
20114,Intercity,2026-03-18,3,4,J,1,171,19,clear,False,0.96,2,0,0,0.0,0.0,4,8,5.6
20114,Intercity,2026-03-18,3,4,AWB,2,234,20,clear,False,0.26,0,0,0,5.6,5.6,4,7,29.3
20114,Intercity,2026-03-18,3,4,MMR,3,348,21,clear,False,0.28,0,1,0,34.9,29.3,4,6,39.1
20114,Intercity,2026-03-18,3,4,NK,4,421,22,clear,False,0.53,0,1,0,74.0,39.1,4,5,46.0
20114,Intercity,2026-03-18,3,4,IGP,5,472,23,clear,False,0.04,1,1,0,120.0,46.0,4,4,47.8
20114,Intercity,2026-03-18,3,4,KYN,6,555,0,clear,False,0.4,2,1,0,167.8,47.8,4,3,48.8
20114,Intercity,2026-03-18,3,4,TNA,7,575,0,clear,False,0.27,2,1,1,216.6,48.8,4,2,53.0
20114,Intercity,2026-03-18,3,4,DR,8,600,1,clear,False,0.45,1,1,0,269.6,53.0,4,1,56.8
20114,Intercity,2026-03-18,3,4,CSMT,9,609,1,clear,False,0.13,2,1,0,326.4,56.8,0,0,59.3
17136,Superfast,2026-03-18,3,4,CSMT,0,0,5,clear,False,0.0,2,0,0,0.0,0.0,0,5,1.9
17136,Superfast,2026-03-18,3,4,DR,1,9,5,clear,False,0.29,0,0,0,1.9,1.9,2,4,4.4
17136,Superfast,2026-03-18,3,4,TNA,2,34,6,clear,False,0.1,1,0,0,6.3,4.4,2,3,7.9
17136,Superfast,2026-03-18,3,4,PNVL,3,69,6,clear,False,0.35,0,0,0,14.2,7.9,2,2,10.3
17136,Superfast,2026-03-18,3,4,RN,4,307,9,clear,False,0.53,2,0,0,24.5,10.3,2,1,13.1
17136,Superfast,2026-03-18,3,4,SWV,5,495,11,clear,False,0.59,3,0,3,37.6,13.1,0,0,28.6
16407,Mail,2026-03-18,3,4,SWV,0,0,20,clear,False,0.0,4,0,0,0.0,0.0,0,5,0.0
16407,Mail,2026-03-18,3,4,RN,1,188,23,clear,False,0.53,1,0,0,0.0,0.0,6,4,1.9
16407,Mail,2026-03-18,3,4,PNVL,2,426,2,clear,False,0.59,2,0,0,1.9,1.9,6,3,6.7
16407,Mail,2026-03-18,3,4,TNA,3,461,2,clear,False,0.14,0,0,0,8.6,6.7,6,2,8.9
16407,Mail,2026-03-18,3,4,DR,4,486,3,clear,False,0.39,2,1,0,17.5,8.9,6,1,14.1
16407,Mail,2026-03-18,3,4,CSMT,5,495,3,clear,False,0.73,1,0,0,31.6,14.1,0,0,25.1
20525,Vande Bharat,2026-03-18,3,4,PUNE,0,0,7,clear,False,0.0,3,0,1,0.0,0.0,0,7,0.0
20525,Vande Bharat,2026-03-18,3,4,DD,1,76,8,clear,False,0.59,0,0,0,0.0,0.0,2,6,5.4
20525,Vande Bharat,2026-03-18,3,4,MMR,2,69,7,clear,False,0.19,3,0,1,5.4,5.4,2,5,13.7
20525,Vande Bharat,2026-03-18,3,4,BSL,3,252,10,clear,False,0.33,0,0,0,19.1,13.7,2,4,18.0
20525,Vande Bharat,2026-03-18,3,4,AK,4,391,11,clear,False,0.23,1,1,0,37.1,18.0,2,3,29.8
20525,Vande Bharat,2026-03-18,3,4,BD,5,470,12,clear,False,0.28,0,1,0,66.9,29.8,2,2,36.7
20525,Vande Bharat,2026-03-18,3,4,WR,6,565,14,clear,False,0.57,1,1,0,103.6,36.7,2,1,38.8
20525,Vande Bharat,2026-03-18,3,4,NGP,7,645,15,clear,False,0.65,3,1,0,142.4,38.8,0,0,45.0
19602,Express,2026-03-18,3,4,NGP,0,0,14,clear,False,0.0,1,1,0,0.0,0.0,0,7,6.8
19602,Express,2026-03-18,3,4,WR,1,80,15,clear,False,0.53,1,0,0,6.8,6.8,4,6,10.6
19602,Express,2026-03-18,3,4,BD,2,175,16,clear,False,0.37,0,0,0,17.4,10.6,4,5,9.7
19602,Express,2026-03-18,3,4,AK,3,254,17,clear,False,0.16,0,0,0,27.1,9.7,4,4,13.3
19602,Express,2026-03-18,3,4,BSL,4,393,19,clear,False,0.74,1,0,0,40.4,13.3,4,3,20.9
19602,Express,2026-03-18,3,4,MMR,5,576,21,clear,False,0.7,0,1,0,61.3,20.9,4,2,37.3
19602,Express,2026-03-18,3,4,DD,6,569,21,clear,False,0.79,1,1,0,98.6,37.3,4,1,46.4
19602,Express,2026-03-18,3,4,PUNE,7,645,22,clear,False,0.43,1,1,0,145.0,46.4,0,0,45.8
16532,Express,2026-03-18,3,4,NGP,0,0,5,clear,False,0.0,2,0,1,0.0,0.0,0,9,0.0
16532,Express,2026-03-18,3,4,WR,1,80,6,clear,False,0.26,2,1,0,0.0,0.0,4,8,10.7
16532,Express,2026-03-18,3,4,BD,2,175,7,clear,False,0.37,2,0,0,10.7,10.7,4,7,10.1
16532,Express,2026-03-18,3,4,AK,3,254,8,clear,False,0.23,2,0,1,20.8,10.1,4,6,16.0
16532,Express,2026-03-18,3,4,BSL,4,393,10,clear,False,0.57,1,1,0,36.8,16.0,4,5,28.0
16532,Express,2026-03-18,3,4,MMR,5,576,12,clear,False,0.25,1,1,0,64.8,28.0,4,4,30.2
16532,Express,2026-03-18,3,4,DD,6,569,12,clear,False,0.43,1,1,0,95.0,30.2,4,3,33.1
16532,Express,2026-03-18,3,4,PUNE,7,645,13,clear,False,0.21,0,1,0,128.1,33.1,4,2,42.5
16532,Express,2026-03-18,3,4,MRJ,8,366,10,clear,False,1.0,1,1,0,170.6,42.5,4,1,54.7
16532,Express,2026-03-18,3,4,KOP,9,319,9,clear,False,0.5,0,1,0,225.3,54.7,0,0,58.7
15786,Express,2026-03-18,3,4,KOP,0,0,9,clear,False,0.0,2,0,0,0.0,0.0,0,9,0.0
15786,Express,2026-03-18,3,4,MRJ,1,47,10,clear,False,0.41,1,0,0,0.0,0.0,4,8,8.0
15786,Express,2026-03-18,3,4,PUNE,2,326,13,clear,False,0.09,0,1,0,8.0,8.0,4,7,15.5
15786,Express,2026-03-18,3,4,DD,3,250,12,clear,False,0.28,2,1,1,23.5,15.5,4,6,23.1
15786,Express,2026-03-18,3,4,MMR,4,257,12,clear,False,0.36,1,1,0,46.6,23.1,4,5,25.3
15786,Express,2026-03-18,3,4,BSL,5,74,10,clear,False,1.0,1,1,0,71.9,25.3,4,4,38.3
15786,Express,2026-03-18,3,4,AK,6,65,10,clear,False,0.72,0,1,0,110.2,38.3,4,3,45.5
15786,Express,2026-03-18,3,4,BD,7,144,11,clear,False,0.46,2,1,0,155.7,45.5,4,2,48.8
15786,Express,2026-03-18,3,4,WR,8,239,12,clear,False,0.56,1,1,0,204.5,48.8,4,1,50.9
15786,Express,2026-03-18,3,4,NGP,9,319,13,clear,False,0.42,2,1,0,255.4,50.9,0,0,59.5
17766,Superfast,2026-07-04,7,4,CSMT,0,0,7,clear,True,0.0,0,0,0,0.0,0.0,0,10,0.0
17766,Superfast,2026-07-04,7,4,DR,1,9,7,clear,True,0.33,1,0,0,0.0,0.0,2,9,1.0
17766,Superfast,2026-07-04,7,4,TNA,2,34,8,clear,True,0.21,2,0,0,1.0,1.0,2,8,5.3
17766,Superfast,2026-07-04,7,4,KYN,3,54,8,clear,True,0.34,2,0,0,6.3,5.3,2,7,6.7
17766,Superfast,2026-07-04,7,4,KJT,4,100,8,clear,True,0.18,0,0,0,13.0,6.7,2,6,13.0
17766,Superfast,2026-07-04,7,4,LNL,5,128,9,clear,True,0.47,3,0,1,26.0,13.0,2,5,30.3
17766,Superfast,2026-07-04,7,4,SVJR,6,190,10,clear,True,0.39,2,1,1,56.3,30.3,2,4,39.4
17766,Superfast,2026-07-04,7,4,PUNE,7,192,10,clear,True,0.38,1,1,0,95.7,39.4,2,3,45.9
17766,Superfast,2026-07-04,7,4,DD,8,268,11,clear,True,0.31,3,1,0,141.6,45.9,2,2,55.0
17766,Superfast,2026-07-04,7,4,KWV,9,377,12,clear,True,0.45,1,1,0,196.6,55.0,2,1,59.9
17766,Superfast,2026-07-04,7,4,SUR,10,455,13,clear,True,0.47,0,1,0,256.5,59.9,0,0,61.7
13035,Mail,2026-07-04,7,4,SUR,0,0,21,clear,True,0.0,2,0,1,0.0,0.0,0,10,0.0
13035,Mail,2026-07-04,7,4,KWV,1,78,21,clear,True,0.42,1,0,0,0.0,0.0,6,9,3.6
13035,Mail,2026-07-04,7,4,DD,2,187,23,clear,True,0.51,1,0,0,3.6,3.6,6,8,5.5
13035,Mail,2026-07-04,7,4,PUNE,3,263,0,clear,True,0.13,0,1,0,9.1,5.5,6,7,17.6
13035,Mail,2026-07-04,7,4,SVJR,4,265,0,clear,True,0.11,2,1,1,26.7,17.6,6,6,23.4
13035,Mail,2026-07-04,7,4,LNL,5,327,1,clear,True,0.31,1,1,0,50.1,23.4,6,5,37.9
13035,Mail,2026-07-04,7,4,KJT,6,355,1,clear,True,0.26,2,1,0,88.0,37.9,6,4,49.6
13035,Mail,2026-07-04,7,4,KYN,7,401,2,clear,True,0.34,2,1,0,137.6,49.6,6,3,53.6
13035,Mail,2026-07-04,7,4,TNA,8,421,2,clear,True,0.54,1,1,0,191.2,53.6,6,2,53.2
13035,Mail,2026-07-04,7,4,DR,9,446,2,clear,True,0.23,1,1,0,244.4,53.2,6,1,57.0
13035,Mail,2026-07-04,7,4,CSMT,10,455,2,clear,True,0.34,0,1,0,301.4,57.0,0,0,58.3
17033,Superfast,2026-07-04,7,4,CSMT,0,0,18,clear,True,0.0,1,1,0,0.0,0.0,0,8,0.0
17033,Superfast,2026-07-04,7,4,DR,1,9,18,clear,True,0.37,1,0,0,0.0,0.0,2,7,6.8
17033,Superfast,2026-07-04,7,4,TNA,2,34,18,clear,True,0.51,0,0,0,6.8,6.8,2,6,13.0
17033,Superfast,2026-07-04,7,4,KYN,3,54,18,clear,True,0.22,3,0,0,19.8,13.0,2,5,20.2
17033,Superfast,2026-07-04,7,4,LNL,4,128,19,clear,True,0.66,3,1,0,40.0,20.2,2,4,53.2
17033,Superfast,2026-07-04,7,4,PUNE,5,192,20,clear,True,0.45,3,1,1,93.2,53.2,2,3,61.8
17033,Superfast,2026-07-04,7,4,MRJ,6,471,23,clear,True,0.39,2,1,0,155.0,61.8,2,2,58.4
17033,Superfast,2026-07-04,7,4,SLI,7,478,23,clear,True,0.08,0,1,0,213.4,58.4,2,1,58.5
17033,Superfast,2026-07-04,7,4,KOP,8,518,0,clear,True,0.44,3,1,1,271.9,58.5,0,0,68.3
17181,Intercity,2026-07-04,7,4,KOP,0,0,10,clear,True,0.0,3,0,3,0.0,0.0,0,8,0.0
17181,Intercity,2026-07-04,7,4,SLI,1,40,11,clear,True,0.2,3,1,0,0.0,0.0,4,7,20.3
17181,Intercity,2026-07-04,7,4,MRJ,2,47,11,clear,True,0.38,0,1,0,20.3,20.3,4,6,24.4
17181,Intercity,2026-07-04,7,4,PUNE,3,326,14,clear,True,0.07,2,1,1,44.7,24.4,4,5,33.7
17181,Intercity,2026-07-04,7,4,LNL,4,390,15,clear,True,0.27,1,1,0,78.4,33.7,4,4,45.3
17181,Intercity,2026-07-04,7,4,KYN,5,464,16,clear,True,0.32,0,1,0,123.7,45.3,4,3,49.6
17181,Intercity,2026-07-04,7,4,TNA,6,484,16,clear,True,0.53,2,1,0,173.3,49.6,4,2,54.3
17181,Intercity,2026-07-04,7,4,DR,7,509,16,clear,True,0.52,1,1,0,227.6,54.3,4,1,55.4
17181,Intercity,2026-07-04,7,4,CSMT,8,518,17,clear,True,0.46,4,1,0,283.0,55.4,0,0,57.1
14423,Superfast,2026-07-04,7,4,CSMT,0,0,22,clear,True,0.0,0,0,0,0.0,0.0,0,15,0.0
14423,Superfast,2026-07-04,7,4,DR,1,9,22,clear,True,0.5,3,1,1,0.0,0.0,2,14,18.2
14423,Superfast,2026-07-04,7,4,TNA,2,34,22,clear,True,0.32,2,1,0,18.2,18.2,2,13,22.4
14423,Superfast,2026-07-04,7,4,KYN,3,54,23,clear,True,0.2,2,1,0,40.6,22.4,2,12,29.8
14423,Superfast,2026-07-04,7,4,IGP,4,137,0,clear,True,0.49,3,1,0,70.4,29.8,2,11,49.5
14423,Superfast,2026-07-04,7,4,NK,5,188,0,clear,True,0.17,4,1,0,119.9,49.5,2,10,55.9
14423,Superfast,2026-07-04,7,4,MMR,6,261,1,clear,True,0.42,2,1,0,175.8,55.9,2,9,58.8
14423,Superfast,2026-07-04,7,4,CSN,7,328,2,clear,True,0.54,1,1,0,234.6,58.8,2,8,59.0
14423,Superfast,2026-07-04,7,4,JL,8,420,3,clear,True,0.42,0,1,0,293.6,59.0,2,7,57.6
14423,Superfast,2026-07-04,7,4,BSL,9,444,4,clear,True,0.77,0,1,0,351.2,57.6,2,6,67.3
14423,Superfast,2026-07-04,7,4,MKU,10,494,4,clear,True,0.19,0,1,0,418.5,67.3,2,5,64.5
14423,Superfast,2026-07-04,7,4,AK,11,583,5,clear,True,0.55,2,1,3,483.0,64.5,2,4,75.2
14423,Superfast,2026-07-04,7,4,BD,12,662,6,clear,True,0.37,4,1,3,558.2,75.2,2,3,83.1
14423,Superfast,2026-07-04,7,4,WR,13,757,7,clear,True,0.16,3,1,1,641.3,83.1,2,2,90.2
14423,Superfast,2026-07-04,7,4,NGP,14,837,8,clear,True,0.58,1,1,0,731.5,90.2,2,1,93.6
14423,Superfast,2026-07-04,7,4,G,15,967,10,clear,True,0.22,3,1,0,825.1,93.6,0,0,100.1
20602,Vande Bharat,2026-07-04,7,4,G,0,0,6,clear,True,0.0,0,1,0,0.0,0.0,0,15,0.0
20602,Vande Bharat,2026-07-04,7,4,NGP,1,130,8,clear,True,0.16,3,0,0,0.0,0.0,2,14,14.9
20602,Vande Bharat,2026-07-04,7,4,WR,2,210,9,clear,True,0.58,1,0,0,14.9,14.9,2,13,17.7
20602,Vande Bharat,2026-07-04,7,4,BD,3,305,10,clear,True,0.76,1,1,0,32.6,17.7,2,12,29.0
20602,Vande Bharat,2026-07-04,7,4,AK,4,384,11,clear,True,0.78,4,1,1,61.6,29.0,2,11,48.3
20602,Vande Bharat,2026-07-04,7,4,MKU,5,473,12,clear,True,0.35,1,1,0,109.9,48.3,2,10,49.3
20602,Vande Bharat,2026-07-04,7,4,BSL,6,523,13,clear,True,0.4,1,1,0,159.2,49.3,2,9,55.0
20602,Vande Bharat,2026-07-04,7,4,JL,7,547,13,clear,True,0.2,1,1,0,214.2,55.0,2,8,56.7
20602,Vande Bharat,2026-07-04,7,4,CSN,8,639,14,clear,True,0.29,0,1,0,270.9,56.7,2,7,57.8
20602,Vande Bharat,2026-07-04,7,4,MMR,9,706,15,clear,True,0.21,1,1,0,328.7,57.8,2,6,54.7
20602,Vande Bharat,2026-07-04,7,4,NK,10,779,16,clear,True,0.24,0,1,0,383.4,54.7,2,5,57.5
20602,Vande Bharat,2026-07-04,7,4,IGP,11,830,17,clear,True,0.11,2,1,0,440.9,57.5,2,4,70.3
20602,Vande Bharat,2026-07-04,7,4,KYN,12,913,18,clear,True,0.19,0,1,0,511.2,70.3,2,3,76.1
20602,Vande Bharat,2026-07-04,7,4,TNA,13,933,18,clear,True,0.58,1,1,0,587.3,76.1,2,2,79.0
20602,Vande Bharat,2026-07-04,7,4,DR,14,958,18,clear,True,0.87,1,1,0,666.3,79.0,2,1,80.2
20602,Vande Bharat,2026-07-04,7,4,CSMT,15,967,19,clear,True,0.74,1,1,0,746.5,80.2,0,0,81.6
14532,Superfast,2026-07-04,7,4,CSMT,0,0,15,clear,True,0.0,0,0,0,0.0,0.0,0,9,0.0
14532,Superfast,2026-07-04,7,4,DR,1,9,16,clear,True,0.35,1,1,0,0.0,0.0,2,8,11.2
14532,Superfast,2026-07-04,7,4,TNA,2,34,16,clear,True,0.49,3,0,2,11.2,11.2,2,7,19.7
14532,Superfast,2026-07-04,7,4,KYN,3,54,16,clear,True,0.14,1,1,0,30.9,19.7,2,6,26.9
14532,Superfast,2026-07-04,7,4,IGP,4,137,17,clear,True,0.33,1,1,0,57.8,26.9,2,5,38.0
14532,Superfast,2026-07-04,7,4,NK,5,188,18,clear,True,0.92,2,1,1,95.8,38.0,2,4,51.4
14532,Superfast,2026-07-04,7,4,MMR,6,261,19,clear,True,0.37,1,1,0,147.2,51.4,2,3,56.0
14532,Superfast,2026-07-04,7,4,AWB,7,375,20,clear,True,0.19,1,1,0,203.2,56.0,2,2,62.0
14532,Superfast,2026-07-04,7,4,J,8,438,21,clear,True,0.53,2,1,1,265.2,62.0,2,1,65.8
14532,Superfast,2026-07-04,7,4,NED,9,609,23,clear,True,0.58,0,1,0,331.0,65.8,0,0,69.0
11690,Vande Bharat,2026-07-04,7,4,NED,0,0,21,clear,True,0.0,0,0,0,0.0,0.0,0,9,0.0
11690,Vande Bharat,2026-07-04,7,4,J,1,171,0,clear,True,0.55,1,0,0,0.0,0.0,2,8,2.0
11690,Vande Bharat,2026-07-04,7,4,AWB,2,234,0,clear,True,0.33,2,0,0,2.0,2.0,2,7,8.0
11690,Vande Bharat,2026-07-04,7,4,MMR,3,348,2,clear,True,0.31,2,1,2,10.0,8.0,2,6,25.2
11690,Vande Bharat,2026-07-04,7,4,NK,4,421,3,clear,True,0.41,0,1,0,35.2,25.2,2,5,29.2
11690,Vande Bharat,2026-07-04,7,4,IGP,5,472,3,clear,True,0.15,2,1,0,64.4,29.2,2,4,42.2
11690,Vande Bharat,2026-07-04,7,4,KYN,6,555,4,clear,True,0.19,0,1,0,106.6,42.2,2,3,48.9
11690,Vande Bharat,2026-07-04,7,4,TNA,7,575,5,clear,True,0.22,1,1,0,155.5,48.9,2,2,52.8
11690,Vande Bharat,2026-07-04,7,4,DR,8,600,5,clear,True,0.34,0,1,0,208.3,52.8,2,1,52.3
11690,Vande Bharat,2026-07-04,7,4,CSMT,9,609,5,clear,True,0.49,1,1,0,260.6,52.3,0,0,53.9
21177,Superfast,2026-07-04,7,4,CSMT,0,0,8,clear,True,0.0,1,0,0,0.0,0.0,0,5,10.8
21177,Superfast,2026-07-04,7,4,DR,1,9,8,clear,True,0.28,0,0,0,10.8,10.8,2,4,11.8
21177,Superfast,2026-07-04,7,4,TNA,2,34,9,clear,True,0.22,0,0,0,22.6,11.8,2,3,14.9
21177,Superfast,2026-07-04,7,4,PNVL,3,69,9,clear,True,0.42,1,1,0,37.5,14.9,2,2,25.7
21177,Superfast,2026-07-04,7,4,RN,4,307,12,clear,True,0.21,1,1,0,63.2,25.7,2,1,29.1
21177,Superfast,2026-07-04,7,4,SWV,5,495,14,clear,True,0.56,2,1,2,92.3,29.1,0,0,37.8
17675,Superfast,2026-07-04,7,4,SWV,0,0,5,clear,True,0.0,1,0,0,0.0,0.0,0,5,2.9
17675,Superfast,2026-07-04,7,4,RN,1,188,8,clear,True,0.65,2,0,1,2.9,2.9,2,4,10.9
17675,Superfast,2026-07-04,7,4,PNVL,2,426,11,clear,True,0.31,1,1,0,13.8,10.9,2,3,19.0
17675,Superfast,2026-07-04,7,4,TNA,3,461,11,clear,True,0.87,1,1,0,32.8,19.0,2,2,30.4
17675,Superfast,2026-07-04,7,4,DR,4,486,11,clear,True,0.33,2,1,0,63.2,30.4,2,1,35.1
17675,Superfast,2026-07-04,7,4,CSMT,5,495,12,clear,True,0.37,0,1,0,98.3,35.1,0,0,36.6
15181,Intercity,2026-07-04,7,4,PUNE,0,0,15,clear,True,0.0,2,0,1,0.0,0.0,0,7,0.0
15181,Intercity,2026-07-04,7,4,DD,1,76,16,clear,True,0.24,2,0,0,0.0,0.0,4,6,0.9
15181,Intercity,2026-07-04,7,4,MMR,2,69,16,clear,True,0.69,2,0,0,0.9,0.9,4,5,4.3
15181,Intercity,2026-07-04,7,4,BSL,3,252,18,clear,True,0.88,1,0,0,5.2,4.3,4,4,17.3
15181,Intercity,2026-07-04,7,4,AK,4,391,20,clear,True,0.49,2,1,3,22.5,17.3,4,3,32.3
15181,Intercity,2026-07-04,7,4,BD,5,470,21,clear,True,0.81,1,1,0,54.8,32.3,4,2,48.4
15181,Intercity,2026-07-04,7,4,WR,6,565,22,clear,True,0.13,1,1,0,103.2,48.4,4,1,47.7
15181,Intercity,2026-07-04,7,4,NGP,7,645,23,clear,True,0.23,1,1,0,150.9,47.7,0,0,51.7
15066,Mail,2026-07-04,7,4,NGP,0,0,7,clear,True,0.0,1,0,0,0.0,0.0,0,7,0.0
15066,Mail,2026-07-04,7,4,WR,1,80,8,clear,True,0.8,1,0,0,0.0,0.0,6,6,9.6
15066,Mail,2026-07-04,7,4,BD,2,175,9,clear,True,0.67,3,0,2,9.6,9.6,6,5,20.5
15066,Mail,2026-07-04,7,4,AK,3,254,10,clear,True,0.38,0,1,0,30.1,20.5,6,4,31.5
15066,Mail,2026-07-04,7,4,BSL,4,393,12,clear,True,0.49,2,1,1,61.6,31.5,6,3,38.0
15066,Mail,2026-07-04,7,4,MMR,5,576,14,clear,True,0.34,2,1,0,99.6,38.0,6,2,42.5
15066,Mail,2026-07-04,7,4,DD,6,569,14,clear,True,0.24,4,1,1,142.1,42.5,6,1,55.9
15066,Mail,2026-07-04,7,4,PUNE,7,645,15,clear,True,0.08,0,1,0,198.0,55.9,0,0,61.0
17520,Superfast,2026-07-04,7,4,NGP,0,0,16,clear,True,0.0,1,0,0,0.0,0.0,0,9,0.0
17520,Superfast,2026-07-04,7,4,WR,1,80,17,clear,True,0.67,0,1,0,0.0,0.0,2,8,9.3
17520,Superfast,2026-07-04,7,4,BD,2,175,18,clear,True,0.26,1,0,0,9.3,9.3,2,7,9.5
17520,Superfast,2026-07-04,7,4,AK,3,254,19,clear,True,0.77,0,0,0,18.8,9.5,2,6,21.0
17520,Superfast,2026-07-04,7,4,BSL,4,393,21,clear,True,0.67,1,1,0,39.8,21.0,2,5,30.8
17520,Superfast,2026-07-04,7,4,MMR,5,576,23,clear,True,0.4,3,1,2,70.6,30.8,2,4,42.6
17520,Superfast,2026-07-04,7,4,DD,6,569,23,clear,True,0.3,1,1,0,113.2,42.6,2,3,44.8
17520,Superfast,2026-07-04,7,4,PUNE,7,645,0,clear,True,0.04,1,1,0,158.0,44.8,2,2,44.0
17520,Superfast,2026-07-04,7,4,MRJ,8,366,21,clear,True,0.66,2,1,0,202.0,44.0,2,1,49.8
17520,Superfast,2026-07-04,7,4,KOP,9,319,20,clear,True,0.12,1,1,0,251.8,49.8,0,0,60.1
13334,Vande Bharat,2026-07-04,7,4,KOP,0,0,21,clear,True,0.0,1,1,0,0.0,0.0,0,9,0.0
13334,Vande Bharat,2026-07-04,7,4,MRJ,1,47,21,clear,True,0.93,2,0,1,0.0,0.0,2,8,11.6
13334,Vande Bharat,2026-07-04,7,4,PUNE,2,326,1,clear,True,0.42,1,1,0,11.6,11.6,2,7,21.2
13334,Vande Bharat,2026-07-04,7,4,DD,3,250,0,clear,True,0.18,2,1,0,32.8,21.2,2,6,29.8
13334,Vande Bharat,2026-07-04,7,4,MMR,4,257,0,clear,True,0.6,1,1,0,62.6,29.8,2,5,37.9
13334,Vande Bharat,2026-07-04,7,4,BSL,5,74,22,clear,True,0.33,1,1,0,100.5,37.9,2,4,39.5
13334,Vande Bharat,2026-07-04,7,4,AK,6,65,22,clear,True,0.19,0,1,0,140.0,39.5,2,3,44.5
13334,Vande Bharat,2026-07-04,7,4,BD,7,144,23,clear,True,0.31,2,1,1,184.5,44.5,2,2,47.1
13334,Vande Bharat,2026-07-04,7,4,WR,8,239,0,clear,True,0.2,3,1,1,231.6,47.1,2,1,54.3
13334,Vande Bharat,2026-07-04,7,4,NGP,9,319,1,clear,True,0.47,1,1,0,285.9,54.3,0,0,54.4
15375,Superfast,2026-02-27,2,2,CSMT,0,0,12,rain,False,0.0,1,0,0,0.0,0.0,0,10,0.0
15375,Superfast,2026-02-27,2,2,DR,1,9,12,rain,False,0.27,1,0,0,0.0,0.0,2,9,1.9
15375,Superfast,2026-02-27,2,2,TNA,2,34,12,rain,False,0.37,3,0,0,1.9,1.9,2,8,9.6
15375,Superfast,2026-02-27,2,2,KYN,3,54,12,rain,False,0.22,2,1,1,11.5,9.6,2,7,16.5
15375,Superfast,2026-02-27,2,2,KJT,4,100,13,rain,False,0.3,1,1,0,28.0,16.5,2,6,21.5
15375,Superfast,2026-02-27,2,2,LNL,5,128,13,rain,False,0.14,3,1,3,49.5,21.5,2,5,34.5
15375,Superfast,2026-02-27,2,2,SVJR,6,190,14,rain,False,0.46,0,1,0,84.0,34.5,2,4,35.9
15375,Superfast,2026-02-27,2,2,PUNE,7,192,14,rain,False,0.36,1,1,0,119.9,35.9,2,3,35.6
15375,Superfast,2026-02-27,2,2,DD,8,268,15,rain,False,0.28,0,1,0,155.5,35.6,2,2,37.1
15375,Superfast,2026-02-27,2,2,KWV,9,377,16,rain,False,0.26,1,1,0,192.6,37.1,2,1,48.7
15375,Superfast,2026-02-27,2,2,SUR,10,455,17,rain,False,0.59,2,1,2,241.3,48.7,0,0,58.3
19647,Intercity,2026-02-27,2,2,SUR,0,0,6,rain,False,0.0,0,0,0,0.0,0.0,0,10,4.4
19647,Intercity,2026-02-27,2,2,KWV,1,78,6,rain,False,0.47,2,1,0,4.4,4.4,4,9,10.7
19647,Intercity,2026-02-27,2,2,DD,2,187,8,rain,False,0.76,0,0,0,15.1,10.7,4,8,21.0
19647,Intercity,2026-02-27,2,2,PUNE,3,263,9,rain,False,1.0,0,1,0,36.1,21.0,4,7,36.9
19647,Intercity,2026-02-27,2,2,SVJR,4,265,9,rain,False,0.98,1,1,0,73.0,36.9,4,6,51.3
19647,Intercity,2026-02-27,2,2,LNL,5,327,10,rain,False,0.29,0,1,0,124.3,51.3,4,5,58.4
19647,Intercity,2026-02-27,2,2,KJT,6,355,10,rain,False,0.24,0,1,0,182.7,58.4,4,4,58.9
19647,Intercity,2026-02-27,2,2,KYN,7,401,11,rain,False,0.44,0,1,0,241.6,58.9,4,3,66.9
19647,Intercity,2026-02-27,2,2,TNA,8,421,11,rain,False,0.39,1,1,0,308.5,66.9,4,2,68.9
19647,Intercity,2026-02-27,2,2,DR,9,446,11,rain,False,0.34,0,1,0,377.4,68.9,4,1,72.3
19647,Intercity,2026-02-27,2,2,CSMT,10,455,11,rain,False,0.6,1,1,0,449.7,72.3,0,0,76.0
17744,Intercity,2026-02-27,2,2,CSMT,0,0,17,rain,False,0.0,1,0,0,0.0,0.0,0,8,12.5
17744,Intercity,2026-02-27,2,2,DR,1,9,17,rain,False,0.66,3,0,1,12.5,12.5,4,7,22.4
17744,Intercity,2026-02-27,2,2,TNA,2,34,17,rain,False,0.68,3,1,3,34.9,22.4,4,6,42.7
17744,Intercity,2026-02-27,2,2,KYN,3,54,17,rain,False,0.34,1,1,0,77.6,42.7,4,5,47.2
17744,Intercity,2026-02-27,2,2,LNL,4,128,18,rain,False,0.71,0,1,0,124.8,47.2,4,4,57.0
17744,Intercity,2026-02-27,2,2,PUNE,5,192,19,rain,False,0.43,0,1,0,181.8,57.0,4,3,63.4
17744,Intercity,2026-02-27,2,2,MRJ,6,471,22,rain,False,0.56,2,1,3,245.2,63.4,4,2,72.0
17744,Intercity,2026-02-27,2,2,SLI,7,478,23,rain,False,0.34,0,1,0,317.2,72.0,4,1,69.9
17744,Intercity,2026-02-27,2,2,KOP,8,518,23,rain,False,0.26,0,1,0,387.1,69.9,0,0,71.8
16863,Express,2026-02-27,2,2,KOP,0,0,17,rain,False,0.0,1,0,0,0.0,0.0,0,8,3.4
16863,Express,2026-02-27,2,2,SLI,1,40,18,rain,False,0.69,1,1,0,3.4,3.4,4,7,7.8
16863,Express,2026-02-27,2,2,MRJ,2,47,18,rain,False,0.72,0,0,0,11.2,7.8,4,6,14.9
16863,Express,2026-02-27,2,2,PUNE,3,326,21,rain,False,0.45,3,1,0,26.1,14.9,4,5,26.7
16863,Express,2026-02-27,2,2,LNL,4,390,22,rain,False,0.28,1,1,0,52.8,26.7,4,4,30.3
16863,Express,2026-02-27,2,2,KYN,5,464,23,rain,False,0.46,0,1,0,83.1,30.3,4,3,31.8
16863,Express,2026-02-27,2,2,TNA,6,484,23,rain,False,0.25,0,1,0,114.9,31.8,4,2,32.5
16863,Express,2026-02-27,2,2,DR,7,509,0,rain,False,0.47,2,1,0,147.4,32.5,4,1,42.1
16863,Express,2026-02-27,2,2,CSMT,8,518,0,rain,False,0.36,1,1,0,189.5,42.1,0,0,46.3
14119,Vande Bharat,2026-02-27,2,2,CSMT,0,0,8,rain,False,0.0,1,0,0,0.0,0.0,0,15,0.0
14119,Vande Bharat,2026-02-27,2,2,DR,1,9,9,rain,False,0.58,2,1,0,0.0,0.0,2,14,11.5
14119,Vande Bharat,2026-02-27,2,2,TNA,2,34,9,rain,False,0.2,0,0,0,11.5,11.5,2,13,16.1
14119,Vande Bharat,2026-02-27,2,2,KYN,3,54,9,rain,False,0.26,1,1,0,27.6,16.1,2,12,22.2
14119,Vande Bharat,2026-02-27,2,2,IGP,4,137,10,rain,False,0.42,2,1,0,49.8,22.2,2,11,31.9
14119,Vande Bharat,2026-02-27,2,2,NK,5,188,11,rain,False,0.27,0,1,0,81.7,31.9,2,10,40.3
14119,Vande Bharat,2026-02-27,2,2,MMR,6,261,12,rain,False,0.34,2,1,0,122.0,40.3,2,9,45.3
14119,Vande Bharat,2026-02-27,2,2,CSN,7,328,13,rain,False,0.24,1,1,0,167.3,45.3,2,8,45.9
14119,Vande Bharat,2026-02-27,2,2,JL,8,420,14,rain,False,0.28,3,1,0,213.2,45.9,2,7,55.0
14119,Vande Bharat,2026-02-27,2,2,BSL,9,444,14,rain,False,0.47,1,1,0,268.2,55.0,2,6,52.8
14119,Vande Bharat,2026-02-27,2,2,MKU,10,494,15,rain,False,0.21,0,1,0,321.0,52.8,2,5,56.6
14119,Vande Bharat,2026-02-27,2,2,AK,11,583,16,rain,False,0.43,1,1,0,377.6,56.6,2,4,89.5
14119,Vande Bharat,2026-02-27,2,2,BD,12,662,17,rain,False,0.82,3,1,1,467.1,89.5,2,3,97.4
14119,Vande Bharat,2026-02-27,2,2,WR,13,757,18,rain,False,0.65,0,1,0,564.5,97.4,2,2,93.9
14119,Vande Bharat,2026-02-27,2,2,NGP,14,837,19,rain,False,0.89,1,1,0,658.4,93.9,2,1,98.3
14119,Vande Bharat,2026-02-27,2,2,G,15,967,21,rain,False,0.52,0,1,0,756.7,98.3,0,0,99.3
22980,Intercity,2026-02-27,2,2,G,0,0,17,rain,False,0.0,2,0,0,0.0,0.0,0,15,0.0
22980,Intercity,2026-02-27,2,2,NGP,1,130,18,rain,False,0.65,0,1,0,0.0,0.0,4,14,10.3
22980,Intercity,2026-02-27,2,2,WR,2,210,19,rain,False,0.52,1,0,0,10.3,10.3,4,13,12.4
22980,Intercity,2026-02-27,2,2,BD,3,305,21,rain,False,0.97,4,0,0,22.7,12.4,4,12,23.9
22980,Intercity,2026-02-27,2,2,AK,4,384,22,rain,False,0.11,1,1,0,46.6,23.9,4,11,29.4
22980,Intercity,2026-02-27,2,2,MKU,5,473,23,rain,False,0.34,2,1,1,76.0,29.4,4,10,35.5
22980,Intercity,2026-02-27,2,2,BSL,6,523,23,rain,False,0.37,1,1,0,111.5,35.5,4,9,38.1
22980,Intercity,2026-02-27,2,2,JL,7,547,0,rain,False,0.15,1,1,0,149.6,38.1,4,8,43.6
22980,Intercity,2026-02-27,2,2,CSN,8,639,1,rain,False,0.79,0,1,0,193.2,43.6,4,7,52.8
22980,Intercity,2026-02-27,2,2,MMR,9,706,2,rain,False,0.49,0,1,0,246.0,52.8,4,6,60.2
22980,Intercity,2026-02-27,2,2,NK,10,779,3,rain,False,0.41,1,1,0,306.2,60.2,4,5,65.4
22980,Intercity,2026-02-27,2,2,IGP,11,830,3,rain,False,0.53,1,1,0,371.6,65.4,4,4,67.4
22980,Intercity,2026-02-27,2,2,KYN,12,913,4,rain,False,0.61,3,1,1,439.0,67.4,4,3,83.0
22980,Intercity,2026-02-27,2,2,TNA,13,933,5,rain,False,0.26,1,1,0,522.0,83.0,4,2,78.0
22980,Intercity,2026-02-27,2,2,DR,14,958,5,rain,False,0.39,2,1,0,600.0,78.0,4,1,79.4
22980,Intercity,2026-02-27,2,2,CSMT,15,967,5,rain,False,0.14,1,1,0,679.4,79.4,0,0,77.4
17444,Vande Bharat,2026-02-27,2,2,CSMT,0,0,17,rain,False,0.0,0,0,0,0.0,0.0,0,9,0.0
17444,Vande Bharat,2026-02-27,2,2,DR,1,9,17,rain,False,0.78,3,0,0,0.0,0.0,2,8,15.2
17444,Vande Bharat,2026-02-27,2,2,TNA,2,34,17,rain,False,0.64,0,1,0,15.2,15.2,2,7,23.1
17444,Vande Bharat,2026-02-27,2,2,KYN,3,54,17,rain,False,0.62,2,1,0,38.3,23.1,2,6,29.4
17444,Vande Bharat,2026-02-27,2,2,IGP,4,137,18,rain,False,0.78,1,1,0,67.7,29.4,2,5,36.5
17444,Vande Bharat,2026-02-27,2,2,NK,5,188,19,rain,False,0.62,1,1,0,104.2,36.5,2,4,42.9
17444,Vande Bharat,2026-02-27,2,2,MMR,6,261,20,rain,False,0.42,1,1,0,147.1,42.9,2,3,44.7
17444,Vande Bharat,2026-02-27,2,2,AWB,7,375,21,rain,False,0.59,1,1,0,191.8,44.7,2,2,47.2
17444,Vande Bharat,2026-02-27,2,2,J,8,438,22,rain,False,0.13,1,1,0,239.0,47.2,2,1,48.0
17444,Vande Bharat,2026-02-27,2,2,NED,9,609,0,rain,False,0.19,1,1,0,287.0,48.0,0,0,53.4
11264,Mail,2026-02-27,2,2,NED,0,0,22,rain,False,0.0,3,0,1,0.0,0.0,0,9,0.0
11264,Mail,2026-02-27,2,2,J,1,171,0,rain,False,0.42,2,0,1,0.0,0.0,6,8,3.4
11264,Mail,2026-02-27,2,2,AWB,2,234,1,rain,False,0.29,1,0,0,3.4,3.4,6,7,4.3
11264,Mail,2026-02-27,2,2,MMR,3,348,2,rain,False,0.36,2,0,3,7.7,4.3,6,6,13.8
11264,Mail,2026-02-27,2,2,NK,4,421,3,rain,False,0.39,1,0,0,21.5,13.8,6,5,12.6
11264,Mail,2026-02-27,2,2,IGP,5,472,4,rain,False,0.41,1,0,0,34.1,12.6,6,4,12.8
11264,Mail,2026-02-27,2,2,KYN,6,555,5,rain,False,0.54,1,0,0,46.9,12.8,6,3,12.8
11264,Mail,2026-02-27,2,2,TNA,7,575,5,rain,False,0.38,0,1,0,59.7,12.8,6,2,18.6
11264,Mail,2026-02-27,2,2,DR,8,600,5,rain,False,0.58,1,1,0,78.3,18.6,6,1,22.1
11264,Mail,2026-02-27,2,2,CSMT,9,609,5,rain,False,0.26,1,1,0,100.4,22.1,0,0,24.3
22391,Vande Bharat,2026-02-27,2,2,CSMT,0,0,16,rain,False,0.0,3,0,0,0.0,0.0,0,5,0.0
22391,Vande Bharat,2026-02-27,2,2,DR,1,9,16,rain,False,0.11,1,0,0,0.0,0.0,2,4,1.4
22391,Vande Bharat,2026-02-27,2,2,TNA,2,34,17,rain,False,0.38,4,1,2,1.4,1.4,2,3,18.8
22391,Vande Bharat,2026-02-27,2,2,PNVL,3,69,17,rain,False,0.29,1,1,0,20.2,18.8,2,2,27.6
22391,Vande Bharat,2026-02-27,2,2,RN,4,307,20,rain,False,0.21,0,1,0,47.8,27.6,2,1,38.4
22391,Vande Bharat,2026-02-27,2,2,SWV,5,495,22,rain,False,0.22,2,1,0,86.2,38.4,0,0,40.5
19719,Mail,2026-02-27,2,2,SWV,0,0,13,rain,False,0.0,3,0,0,0.0,0.0,0,5,0.0
19719,Mail,2026-02-27,2,2,RN,1,188,16,rain,False,0.79,2,0,0,0.0,0.0,6,4,8.1
19719,Mail,2026-02-27,2,2,PNVL,2,426,19,rain,False,0.35,1,1,0,8.1,8.1,6,3,17.7
19719,Mail,2026-02-27,2,2,TNA,3,461,19,rain,False,0.8,4,1,1,25.8,17.7,6,2,40.3
19719,Mail,2026-02-27,2,2,DR,4,486,19,rain,False,0.25,1,1,0,66.1,40.3,6,1,45.0
19719,Mail,2026-02-27,2,2,CSMT,5,495,20,rain,False,0.56,1,1,0,111.1,45.0,0,0,51.9
17040,Superfast,2026-02-27,2,2,PUNE,0,0,5,rain,False,0.0,0,0,0,0.0,0.0,0,7,0.0
17040,Superfast,2026-02-27,2,2,DD,1,76,6,rain,False,0.09,4,0,1,0.0,0.0,2,6,8.6
17040,Superfast,2026-02-27,2,2,MMR,2,69,6,rain,False,0.36,2,0,0,8.6,8.6,2,5,10.9
17040,Superfast,2026-02-27,2,2,BSL,3,252,9,rain,False,0.88,0,0,0,19.5,10.9,2,4,19.8
17040,Superfast,2026-02-27,2,2,AK,4,391,10,rain,False,0.49,1,1,0,39.3,19.8,2,3,27.8
17040,Superfast,2026-02-27,2,2,BD,5,470,11,rain,False,0.73,1,1,0,67.1,27.8,2,2,42.8
17040,Superfast,2026-02-27,2,2,WR,6,565,12,rain,False,0.27,1,1,0,109.9,42.8,2,1,48.4
17040,Superfast,2026-02-27,2,2,NGP,7,645,13,rain,False,0.34,1,1,0,158.3,48.4,0,0,49.2
13299,Superfast,2026-02-27,2,2,NGP,0,0,11,rain,False,0.0,1,0,0,0.0,0.0,0,7,0.0
13299,Superfast,2026-02-27,2,2,WR,1,80,12,rain,False,0.32,0,0,0,0.0,0.0,2,6,3.1
13299,Superfast,2026-02-27,2,2,BD,2,175,13,rain,False,0.4,1,0,0,3.1,3.1,2,5,3.9
13299,Superfast,2026-02-27,2,2,AK,3,254,14,rain,False,0.21,1,0,0,7.0,3.9,2,4,5.2
13299,Superfast,2026-02-27,2,2,BSL,4,393,16,rain,False,0.32,3,1,3,12.2,5.2,2,3,29.6
13299,Superfast,2026-02-27,2,2,MMR,5,576,18,rain,False,0.86,3,1,0,41.8,29.6,2,2,46.7
13299,Superfast,2026-02-27,2,2,DD,6,569,18,rain,False,0.43,0,1,0,88.5,46.7,2,1,51.7
13299,Superfast,2026-02-27,2,2,PUNE,7,645,19,rain,False,0.35,2,1,0,140.2,51.7,0,0,55.9
22836,Express,2026-02-27,2,2,NGP,0,0,22,rain,False,0.0,3,0,0,0.0,0.0,0,9,0.0
22836,Express,2026-02-27,2,2,WR,1,80,23,rain,False,0.49,1,0,0,0.0,0.0,4,8,1.0
22836,Express,2026-02-27,2,2,BD,2,175,0,rain,False,0.18,3,0,0,1.0,1.0,4,7,4.8
22836,Express,2026-02-27,2,2,AK,3,254,1,rain,False,0.29,2,0,0,5.8,4.8,4,6,6.7
22836,Express,2026-02-27,2,2,BSL,4,393,3,rain,False,0.36,4,0,0,12.5,6.7,4,5,11.3
22836,Express,2026-02-27,2,2,MMR,5,576,6,rain,False,0.44,1,0,0,23.8,11.3,4,4,11.1
22836,Express,2026-02-27,2,2,DD,6,569,5,rain,False,0.32,4,0,0,34.9,11.1,4,3,17.1
22836,Express,2026-02-27,2,2,PUNE,7,645,6,rain,False,0.53,1,1,0,52.0,17.1,4,2,25.8
22836,Express,2026-02-27,2,2,MRJ,8,366,3,rain,False,0.28,1,1,0,77.8,25.8,4,1,36.0
22836,Express,2026-02-27,2,2,KOP,9,319,2,rain,False,0.45,2,1,0,113.8,36.0,0,0,41.5
14673,Express,2026-02-27,2,2,KOP,0,0,5,rain,False,0.0,1,0,0,0.0,0.0,0,9,0.0
14673,Express,2026-02-27,2,2,MRJ,1,47,5,rain,False,0.84,2,1,1,0.0,0.0,4,8,9.8
14673,Express,2026-02-27,2,2,PUNE,2,326,9,rain,False,0.52,3,0,0,9.8,9.8,4,7,16.5
14673,Express,2026-02-27,2,2,DD,3,250,8,rain,False,0.29,0,1,0,26.3,16.5,4,6,26.5
14673,Express,2026-02-27,2,2,MMR,4,257,8,rain,False,0.78,1,1,0,52.8,26.5,4,5,37.8
14673,Express,2026-02-27,2,2,BSL,5,74,6,rain,False,0.5,2,1,0,90.6,37.8,4,4,41.7
14673,Express,2026-02-27,2,2,AK,6,65,5,rain,False,0.16,1,1,0,132.3,41.7,4,3,51.0
14673,Express,2026-02-27,2,2,BD,7,144,6,rain,False,0.27,1,1,0,183.3,51.0,4,2,56.3
14673,Express,2026-02-27,2,2,WR,8,239,8,rain,False,1.0,2,1,0,239.6,56.3,4,1,66.8
14673,Express,2026-02-27,2,2,NGP,9,319,9,rain,False,0.81,0,1,0,306.4,66.8,0,0,73.2
22924,Intercity,2026-04-14,4,6,CSMT,0,0,20,clear,False,0.0,0,0,0,0.0,0.0,0,10,0.0
22924,Intercity,2026-04-14,4,6,DR,1,9,20,clear,False,0.37,0,0,0,0.0,0.0,4,9,4.4
22924,Intercity,2026-04-14,4,6,TNA,2,34,20,clear,False,0.13,1,0,0,4.4,4.4,4,8,8.5
22924,Intercity,2026-04-14,4,6,KYN,3,54,20,clear,False,0.8,2,0,0,12.9,8.5,4,7,17.8
22924,Intercity,2026-04-14,4,6,KJT,4,100,21,clear,False,0.32,4,1,0,30.7,17.8,4,6,31.0
22924,Intercity,2026-04-14,4,6,LNL,5,128,21,clear,False,0.5,1,1,0,61.7,31.0,4,5,43.9
22924,Intercity,2026-04-14,4,6,SVJR,6,190,22,clear,False,0.44,1,1,0,105.6,43.9,4,4,51.8
22924,Intercity,2026-04-14,4,6,PUNE,7,192,22,clear,False,0.3,0,1,0,157.4,51.8,4,3,50.8
22924,Intercity,2026-04-14,4,6,DD,8,268,23,clear,False,0.54,1,1,0,208.2,50.8,4,2,54.1
22924,Intercity,2026-04-14,4,6,KWV,9,377,0,clear,False,0.64,2,1,0,262.3,54.1,4,1,55.1
22924,Intercity,2026-04-14,4,6,SUR,10,455,1,clear,False,0.11,1,1,0,317.4,55.1,0,0,57.8
19630,Mail,2026-04-14,4,6,SUR,0,0,15,clear,False,0.0,1,0,0,0.0,0.0,0,10,0.0
19630,Mail,2026-04-14,4,6,KWV,1,78,16,clear,False,0.24,1,0,0,0.0,0.0,6,9,1.9
19630,Mail,2026-04-14,4,6,DD,2,187,17,clear,False,0.98,2,0,3,1.9,1.9,6,8,18.7
19630,Mail,2026-04-14,4,6,PUNE,3,263,18,clear,False,0.26,3,1,0,20.6,18.7,6,7,26.4
19630,Mail,2026-04-14,4,6,SVJR,4,265,18,clear,False,0.54,2,1,0,47.0,26.4,6,6,36.7
19630,Mail,2026-04-14,4,6,LNL,5,327,19,clear,False,0.19,3,1,1,83.7,36.7,6,5,50.2
19630,Mail,2026-04-14,4,6,KJT,6,355,19,clear,False,0.55,1,1,0,133.9,50.2,6,4,51.2
19630,Mail,2026-04-14,4,6,KYN,7,401,20,clear,False,0.26,3,1,1,185.1,51.2,6,3,62.0
19630,Mail,2026-04-14,4,6,TNA,8,421,20,clear,False,0.37,2,1,0,247.1,62.0,6,2,63.2
19630,Mail,2026-04-14,4,6,DR,9,446,20,clear,False,0.57,3,1,1,310.3,63.2,6,1,73.8
19630,Mail,2026-04-14,4,6,CSMT,10,455,20,clear,False,0.22,1,1,0,384.1,73.8,0,0,70.2
21066,Express,2026-04-14,4,6,CSMT,0,0,21,clear,False,0.0,2,0,0,0.0,0.0,0,8,9.4
21066,Express,2026-04-14,4,6,DR,1,9,21,clear,False,0.11,3,0,0,9.4,9.4,4,7,16.3
21066,Express,2026-04-14,4,6,TNA,2,34,21,clear,False,0.58,2,1,0,25.7,16.3,4,6,30.0
21066,Express,2026-04-14,4,6,KYN,3,54,22,clear,False,0.28,1,1,0,55.7,30.0,4,5,34.1
21066,Express,2026-04-14,4,6,LNL,4,128,22,clear,False,0.51,4,1,2,89.8,34.1,4,4,43.9
21066,Express,2026-04-14,4,6,PUNE,5,192,23,clear,False,0.56,3,1,1,133.7,43.9,4,3,58.1
21066,Express,2026-04-14,4,6,MRJ,6,471,3,clear,False,0.26,3,1,0,191.8,58.1,4,2,65.6
21066,Express,2026-04-14,4,6,SLI,7,478,3,clear,False,0.22,1,1,0,257.4,65.6,4,1,68.3
21066,Express,2026-04-14,4,6,KOP,8,518,3,clear,False,0.22,0,1,0,325.7,68.3,0,0,67.2
13984,Mail,2026-04-14,4,6,KOP,0,0,17,clear,False,0.0,1,0,0,0.0,0.0,0,8,0.0
13984,Mail,2026-04-14,4,6,SLI,1,40,17,clear,False,0.67,1,0,0,0.0,0.0,6,7,4.7
13984,Mail,2026-04-14,4,6,MRJ,2,47,17,clear,False,0.39,2,1,3,4.7,4.7,6,6,20.5
13984,Mail,2026-04-14,4,6,PUNE,3,326,21,clear,False,0.39,2,1,0,25.2,20.5,6,5,34.4
13984,Mail,2026-04-14,4,6,LNL,4,390,22,clear,False,0.36,3,1,1,59.6,34.4,6,4,43.0
13984,Mail,2026-04-14,4,6,KYN,5,464,23,clear,False,0.51,1,1,0,102.6,43.0,6,3,48.7
13984,Mail,2026-04-14,4,6,TNA,6,484,23,clear,False,0.4,2,1,1,151.3,48.7,6,2,54.0
13984,Mail,2026-04-14,4,6,DR,7,509,23,clear,False,0.54,4,1,2,205.3,54.0,6,1,63.3
13984,Mail,2026-04-14,4,6,CSMT,8,518,23,clear,False,0.59,1,1,0,268.6,63.3,0,0,61.0
19615,Vande Bharat,2026-04-14,4,6,CSMT,0,0,8,clear,False,0.0,2,0,0,0.0,0.0,0,15,3.6
19615,Vande Bharat,2026-04-14,4,6,DR,1,9,9,clear,False,0.85,2,1,1,3.6,3.6,2,14,22.4
19615,Vande Bharat,2026-04-14,4,6,TNA,2,34,9,clear,False,0.28,3,1,1,26.0,22.4,2,13,41.9
19615,Vande Bharat,2026-04-14,4,6,KYN,3,54,9,clear,False,0.3,1,1,0,67.9,41.9,2,12,44.3
19615,Vande Bharat,2026-04-14,4,6,IGP,4,137,10,clear,False,0.64,2,1,0,112.2,44.3,2,11,49.4
19615,Vande Bharat,2026-04-14,4,6,NK,5,188,11,clear,False,0.31,1,1,0,161.6,49.4,2,10,57.0
19615,Vande Bharat,2026-04-14,4,6,MMR,6,261,12,clear,False,0.1,0,1,0,218.6,57.0,2,9,60.0
19615,Vande Bharat,2026-04-14,4,6,CSN,7,328,13,clear,False,0.3,1,1,0,278.6,60.0,2,8,59.1
19615,Vande Bharat,2026-04-14,4,6,JL,8,420,14,clear,False,0.23,2,1,1,337.7,59.1,2,7,63.6
19615,Vande Bharat,2026-04-14,4,6,BSL,9,444,14,clear,False,0.29,2,1,0,401.3,63.6,2,6,62.6
19615,Vande Bharat,2026-04-14,4,6,MKU,10,494,15,clear,False,0.57,1,1,0,463.9,62.6,2,5,60.5
19615,Vande Bharat,2026-04-14,4,6,AK,11,583,16,clear,False,0.49,1,1,0,524.4,60.5,2,4,59.5
19615,Vande Bharat,2026-04-14,4,6,BD,12,662,17,clear,False,0.45,1,1,0,583.9,59.5,2,3,66.6
19615,Vande Bharat,2026-04-14,4,6,WR,13,757,18,clear,False,1.0,0,1,0,650.5,66.6,2,2,74.8
19615,Vande Bharat,2026-04-14,4,6,NGP,14,837,19,clear,False,1.0,1,1,0,725.3,74.8,2,1,85.3
19615,Vande Bharat,2026-04-14,4,6,G,15,967,21,clear,False,0.74,0,1,0,810.6,85.3,0,0,89.9
17265,Intercity,2026-04-14,4,6,G,0,0,21,clear,False,0.0,2,0,0,0.0,0.0,0,15,0.0
17265,Intercity,2026-04-14,4,6,NGP,1,130,22,clear,False,0.46,1,1,0,0.0,0.0,4,14,7.3
17265,Intercity,2026-04-14,4,6,WR,2,210,23,clear,False,0.09,1,1,0,7.3,7.3,4,13,14.5
17265,Intercity,2026-04-14,4,6,BD,3,305,1,clear,False,0.38,2,1,1,21.8,14.5,4,12,20.2
17265,Intercity,2026-04-14,4,6,AK,4,384,1,clear,False,0.24,2,1,1,42.0,20.2,4,11,31.2
17265,Intercity,2026-04-14,4,6,MKU,5,473,3,clear,False,0.04,4,1,2,73.2,31.2,4,10,45.3
17265,Intercity,2026-04-14,4,6,BSL,6,523,3,clear,False,0.52,1,1,0,118.5,45.3,4,9,53.0
17265,Intercity,2026-04-14,4,6,JL,7,547,4,clear,False,0.58,1,1,0,171.5,53.0,4,8,56.2
17265,Intercity,2026-04-14,4,6,CSN,8,639,5,clear,False,0.5,1,1,0,227.7,56.2,4,7,54.4
17265,Intercity,2026-04-14,4,6,MMR,9,706,6,clear,False,0.76,3,1,1,282.1,54.4,4,6,65.5
17265,Intercity,2026-04-14,4,6,NK,10,779,6,clear,False,0.11,2,1,0,347.6,65.5,4,5,68.0
17265,Intercity,2026-04-14,4,6,IGP,11,830,7,clear,False,0.4,1,1,0,415.6,68.0,4,4,65.4
17265,Intercity,2026-04-14,4,6,KYN,12,913,8,clear,False,0.73,1,1,0,481.0,65.4,4,3,75.6
17265,Intercity,2026-04-14,4,6,TNA,13,933,8,clear,False,0.38,0,1,0,556.6,75.6,4,2,80.6
17265,Intercity,2026-04-14,4,6,DR,14,958,9,clear,False,0.21,2,1,0,637.2,80.6,4,1,78.6
17265,Intercity,2026-04-14,4,6,CSMT,15,967,9,clear,False,0.25,3,1,0,715.8,78.6,0,0,86.5
15370,Express,2026-04-14,4,6,CSMT,0,0,12,clear,False,0.0,1,0,0,0.0,0.0,0,9,0.0
15370,Express,2026-04-14,4,6,DR,1,9,12,clear,False,0.48,0,0,0,0.0,0.0,4,8,3.2
15370,Express,2026-04-14,4,6,TNA,2,34,12,clear,False,0.45,1,0,0,3.2,3.2,4,7,4.3
15370,Express,2026-04-14,4,6,KYN,3,54,13,clear,False,0.36,1,0,0,7.5,4.3,4,6,5.1
15370,Express,2026-04-14,4,6,IGP,4,137,14,clear,False,0.46,1,0,0,12.6,5.1,4,5,5.9
15370,Express,2026-04-14,4,6,NK,5,188,14,clear,False,0.05,2,0,1,18.5,5.9,4,4,8.0
15370,Express,2026-04-14,4,6,MMR,6,261,15,clear,False,0.37,0,0,0,26.5,8.0,4,3,8.5
15370,Express,2026-04-14,4,6,AWB,7,375,17,clear,False,0.26,2,0,0,35.0,8.5,4,2,9.0
15370,Express,2026-04-14,4,6,J,8,438,17,clear,False,0.82,0,1,0,44.0,9.0,4,1,23.0
15370,Express,2026-04-14,4,6,NED,9,609,20,clear,False,0.35,0,1,0,67.0,23.0,0,0,30.4
21923,Superfast,2026-04-14,4,6,NED,0,0,21,clear,False,0.0,1,0,0,0.0,0.0,0,9,4.2
21923,Superfast,2026-04-14,4,6,J,1,171,23,clear,False,0.46,1,0,0,4.2,4.2,2,8,6.8
21923,Superfast,2026-04-14,4,6,AWB,2,234,0,clear,False,0.22,1,0,0,11.0,6.8,2,7,9.4
21923,Superfast,2026-04-14,4,6,MMR,3,348,1,clear,False,0.25,1,0,0,20.4,9.4,2,6,14.0
21923,Superfast,2026-04-14,4,6,NK,4,421,2,clear,False,0.46,0,1,0,34.4,14.0,2,5,21.4
21923,Superfast,2026-04-14,4,6,IGP,5,472,3,clear,False,0.31,2,1,0,55.8,21.4,2,4,23.8
21923,Superfast,2026-04-14,4,6,KYN,6,555,4,clear,False,0.38,2,1,1,79.6,23.8,2,3,29.6
21923,Superfast,2026-04-14,4,6,TNA,7,575,4,clear,False,0.11,3,1,0,109.2,29.6,2,2,33.9
21923,Superfast,2026-04-14,4,6,DR,8,600,4,clear,False,0.29,3,1,0,143.1,33.9,2,1,42.5
21923,Superfast,2026-04-14,4,6,CSMT,9,609,4,clear,False,0.4,1,1,0,185.6,42.5,0,0,49.4
19497,Intercity,2026-04-14,4,6,CSMT,0,0,14,clear,False,0.0,1,0,0,0.0,0.0,0,5,0.0
19497,Intercity,2026-04-14,4,6,DR,1,9,14,clear,False,0.23,2,0,1,0.0,0.0,4,4,3.5
19497,Intercity,2026-04-14,4,6,TNA,2,34,14,clear,False,0.15,1,0,0,3.5,3.5,4,3,4.5
19497,Intercity,2026-04-14,4,6,PNVL,3,69,14,clear,False,0.38,1,0,0,8.0,4.5,4,2,6.3
19497,Intercity,2026-04-14,4,6,RN,4,307,17,clear,False,0.57,2,0,1,14.3,6.3,4,1,14.7
19497,Intercity,2026-04-14,4,6,SWV,5,495,20,clear,False,0.48,2,1,0,29.0,14.7,0,0,22.3
14871,Express,2026-04-14,4,6,SWV,0,0,21,clear,False,0.0,2,0,0,0.0,0.0,0,5,6.4
14871,Express,2026-04-14,4,6,RN,1,188,23,clear,False,0.51,0,0,0,6.4,6.4,4,4,6.6
14871,Express,2026-04-14,4,6,PNVL,2,426,2,clear,False,0.48,0,1,0,13.0,6.6,4,3,18.5
14871,Express,2026-04-14,4,6,TNA,3,461,3,clear,False,0.43,2,1,2,31.5,18.5,4,2,31.5
14871,Express,2026-04-14,4,6,DR,4,486,3,clear,False,0.21,0,1,0,63.0,31.5,4,1,37.5
14871,Express,2026-04-14,4,6,CSMT,5,495,3,clear,False,0.38,1,1,0,100.5,37.5,0,0,37.2
16705,Mail,2026-04-14,4,6,PUNE,0,0,16,clear,False,0.0,0,0,0,0.0,0.0,0,7,0.0
16705,Mail,2026-04-14,4,6,DD,1,76,17,clear,False,0.59,1,1,0,0.0,0.0,6,6,7.6
16705,Mail,2026-04-14,4,6,MMR,2,69,17,clear,False,0.9,2,0,0,7.6,7.6,6,5,20.2
16705,Mail,2026-04-14,4,6,BSL,3,252,20,clear,False,0.73,4,1,1,27.8,20.2,6,4,37.8
16705,Mail,2026-04-14,4,6,AK,4,391,21,clear,False,0.29,1,1,0,65.6,37.8,6,3,40.7
16705,Mail,2026-04-14,4,6,BD,5,470,22,clear,False,0.42,0,1,0,106.3,40.7,6,2,46.0
16705,Mail,2026-04-14,4,6,WR,6,565,0,clear,False,0.35,1,1,0,152.3,46.0,6,1,48.0
16705,Mail,2026-04-14,4,6,NGP,7,645,1,clear,False,0.14,0,1,0,200.3,48.0,0,0,46.9
17719,Intercity,2026-04-14,4,6,NGP,0,0,13,clear,False,0.0,0,0,0,0.0,0.0,0,7,0.0
17719,Intercity,2026-04-14,4,6,WR,1,80,14,clear,False,0.48,0,1,0,0.0,0.0,4,6,12.3
17719,Intercity,2026-04-14,4,6,BD,2,175,15,clear,False,0.56,1,1,0,12.3,12.3,4,5,20.5
17719,Intercity,2026-04-14,4,6,AK,3,254,16,clear,False,0.44,0,1,0,32.8,20.5,4,4,24.4
17719,Intercity,2026-04-14,4,6,BSL,4,393,18,clear,False,0.18,2,1,1,57.2,24.4,4,3,35.6
17719,Intercity,2026-04-14,4,6,MMR,5,576,20,clear,False,1.0,2,1,1,92.8,35.6,4,2,51.0
17719,Intercity,2026-04-14,4,6,DD,6,569,20,clear,False,0.5,3,1,1,143.8,51.0,4,1,66.5
17719,Intercity,2026-04-14,4,6,PUNE,7,645,21,clear,False,0.46,2,1,0,210.3,66.5,0,0,64.9
17230,Intercity,2026-04-14,4,6,NGP,0,0,11,clear,False,0.0,2,0,2,0.0,0.0,0,9,0.0
17230,Intercity,2026-04-14,4,6,WR,1,80,12,clear,False,0.34,2,1,1,0.0,0.0,4,8,5.8
17230,Intercity,2026-04-14,4,6,BD,2,175,13,clear,False,0.28,1,1,0,5.8,5.8,4,7,11.8
17230,Intercity,2026-04-14,4,6,AK,3,254,14,clear,False,0.27,1,0,0,17.6,11.8,4,6,12.8
17230,Intercity,2026-04-14,4,6,BSL,4,393,15,clear,False,0.45,2,0,0,30.4,12.8,4,5,12.1
17230,Intercity,2026-04-14,4,6,MMR,5,576,18,clear,False,0.36,1,1,0,42.5,12.1,4,4,18.4
17230,Intercity,2026-04-14,4,6,DD,6,569,18,clear,False,0.96,2,1,0,60.9,18.4,4,3,29.9
17230,Intercity,2026-04-14,4,6,PUNE,7,645,19,clear,False,0.48,1,1,0,90.8,29.9,4,2,42.0
17230,Intercity,2026-04-14,4,6,MRJ,8,366,15,clear,False,0.51,2,1,1,132.8,42.0,4,1,47.9
17230,Intercity,2026-04-14,4,6,KOP,9,319,15,clear,False,0.43,1,1,0,180.7,47.9,0,0,49.7
12081,Intercity,2026-04-14,4,6,KOP,0,0,19,clear,False,0.0,0,0,0,0.0,0.0,0,9,0.0
12081,Intercity,2026-04-14,4,6,MRJ,1,47,20,clear,False,0.39,1,0,0,0.0,0.0,4,8,2.7
12081,Intercity,2026-04-14,4,6,PUNE,2,326,23,clear,False,0.18,2,0,1,2.7,2.7,4,7,6.8
12081,Intercity,2026-04-14,4,6,DD,3,250,22,clear,False,0.29,2,0,0,9.5,6.8,4,6,8.8
12081,Intercity,2026-04-14,4,6,MMR,4,257,22,clear,False,0.52,0,1,0,18.3,8.8,4,5,16.8
12081,Intercity,2026-04-14,4,6,BSL,5,74,20,clear,False,0.34,3,1,0,35.1,16.8,4,4,30.1
12081,Intercity,2026-04-14,4,6,AK,6,65,20,clear,False,0.47,1,1,0,65.2,30.1,4,3,36.4
12081,Intercity,2026-04-14,4,6,BD,7,144,21,clear,False,0.37,0,1,0,101.6,36.4,4,2,42.4
12081,Intercity,2026-04-14,4,6,WR,8,239,22,clear,False,0.16,1,1,0,144.0,42.4,4,1,46.1
12081,Intercity,2026-04-14,4,6,NGP,9,319,23,clear,False,0.33,2,1,0,190.1,46.1,0,0,47.8
16928,Vande Bharat,2026-08-14,8,0,CSMT,0,0,16,heavy_rain,True,0.0,1,0,0,0.0,0.0,0,10,0.3
16928,Vande Bharat,2026-08-14,8,0,DR,1,9,16,heavy_rain,True,0.31,1,0,0,0.3,0.3,2,9,0.6
16928,Vande Bharat,2026-08-14,8,0,TNA,2,34,16,heavy_rain,True,0.51,2,1,0,0.9,0.6,2,8,10.1
16928,Vande Bharat,2026-08-14,8,0,KYN,3,54,16,heavy_rain,True,0.51,1,0,0,11.0,10.1,2,7,12.1
16928,Vande Bharat,2026-08-14,8,0,KJT,4,100,17,heavy_rain,True,0.35,0,0,0,23.1,12.1,2,6,33.7
16928,Vande Bharat,2026-08-14,8,0,LNL,5,128,17,heavy_rain,True,0.66,1,1,0,56.8,33.7,2,5,47.2
16928,Vande Bharat,2026-08-14,8,0,SVJR,6,190,18,heavy_rain,True,0.56,0,1,0,104.0,47.2,2,4,52.0
16928,Vande Bharat,2026-08-14,8,0,PUNE,7,192,18,heavy_rain,True,0.82,4,1,2,156.0,52.0,2,3,62.0
16928,Vande Bharat,2026-08-14,8,0,DD,8,268,19,heavy_rain,True,0.36,1,1,0,218.0,62.0,2,2,67.6
16928,Vande Bharat,2026-08-14,8,0,KWV,9,377,20,heavy_rain,True,0.29,2,1,0,285.6,67.6,2,1,67.2
16928,Vande Bharat,2026-08-14,8,0,SUR,10,455,21,heavy_rain,True,0.51,0,1,0,352.8,67.2,0,0,66.5
17644,Express,2026-08-14,8,0,SUR,0,0,22,heavy_rain,True,0.0,2,0,0,0.0,0.0,0,10,0.0
17644,Express,2026-08-14,8,0,KWV,1,78,23,heavy_rain,True,0.4,1,0,0,0.0,0.0,4,9,0.7
17644,Express,2026-08-14,8,0,DD,2,187,0,heavy_rain,True,0.17,1,0,0,0.7,0.7,4,8,1.3
17644,Express,2026-08-14,8,0,PUNE,3,263,1,heavy_rain,True,0.11,1,0,0,2.0,1.3,4,7,2.4
17644,Express,2026-08-14,8,0,SVJR,4,265,1,heavy_rain,True,0.24,2,0,0,4.4,2.4,4,6,5.3
17644,Express,2026-08-14,8,0,LNL,5,327,2,heavy_rain,True,0.68,2,1,1,9.7,5.3,4,5,22.5
17644,Express,2026-08-14,8,0,KJT,6,355,2,heavy_rain,True,0.32,1,1,0,32.2,22.5,4,4,38.8
17644,Express,2026-08-14,8,0,KYN,7,401,3,heavy_rain,True,0.42,0,1,0,71.0,38.8,4,3,39.4
17644,Express,2026-08-14,8,0,TNA,8,421,3,heavy_rain,True,0.69,0,1,0,110.4,39.4,4,2,41.5
17644,Express,2026-08-14,8,0,DR,9,446,3,heavy_rain,True,0.6,0,1,0,151.9,41.5,4,1,47.2
17644,Express,2026-08-14,8,0,CSMT,10,455,3,heavy_rain,True,0.59,2,1,0,199.1,47.2,0,0,48.8
12644,Superfast,2026-08-14,8,0,CSMT,0,0,13,heavy_rain,True,0.0,3,0,0,0.0,0.0,0,8,3.1
12644,Superfast,2026-08-14,8,0,DR,1,9,13,heavy_rain,True,0.48,0,1,0,3.1,3.1,2,7,11.2
12644,Superfast,2026-08-14,8,0,TNA,2,34,13,heavy_rain,True,0.34,2,0,0,14.3,11.2,2,6,11.5
12644,Superfast,2026-08-14,8,0,KYN,3,54,13,heavy_rain,True,0.22,1,0,0,25.8,11.5,2,5,10.4
12644,Superfast,2026-08-14,8,0,LNL,4,128,14,heavy_rain,True,0.62,0,0,0,36.2,10.4,2,4,19.7
12644,Superfast,2026-08-14,8,0,PUNE,5,192,15,heavy_rain,True,0.61,0,1,0,55.9,19.7,2,3,25.5
12644,Superfast,2026-08-14,8,0,MRJ,6,471,18,heavy_rain,True,0.24,1,1,0,81.4,25.5,2,2,29.0
12644,Superfast,2026-08-14,8,0,SLI,7,478,19,heavy_rain,True,0.35,0,1,0,110.4,29.0,2,1,40.6
12644,Superfast,2026-08-14,8,0,KOP,8,518,19,heavy_rain,True,0.83,2,1,3,151.0,40.6,0,0,59.9
16916,Express,2026-08-14,8,0,KOP,0,0,22,heavy_rain,True,0.0,1,1,0,0.0,0.0,0,8,0.0
16916,Express,2026-08-14,8,0,SLI,1,40,22,heavy_rain,True,0.17,0,1,0,0.0,0.0,4,7,9.8
16916,Express,2026-08-14,8,0,MRJ,2,47,23,heavy_rain,True,0.06,0,0,0,9.8,9.8,4,6,10.5
16916,Express,2026-08-14,8,0,PUNE,3,326,2,heavy_rain,True,0.24,1,0,0,20.3,10.5,4,5,16.6
16916,Express,2026-08-14,8,0,LNL,4,390,3,heavy_rain,True,0.44,2,1,1,36.9,16.6,4,4,34.5
16916,Express,2026-08-14,8,0,KYN,5,464,4,heavy_rain,True,0.49,1,1,0,71.4,34.5,4,3,38.7
16916,Express,2026-08-14,8,0,TNA,6,484,4,heavy_rain,True,0.38,0,1,0,110.1,38.7,4,2,40.6
16916,Express,2026-08-14,8,0,DR,7,509,4,heavy_rain,True,0.12,1,1,0,150.7,40.6,4,1,44.7
16916,Express,2026-08-14,8,0,CSMT,8,518,4,heavy_rain,True,0.4,2,1,1,195.4,44.7,0,0,48.8
18200,Superfast,2026-08-14,8,0,CSMT,0,0,21,heavy_rain,True,0.0,3,0,0,0.0,0.0,0,15,0.0
18200,Superfast,2026-08-14,8,0,DR,1,9,21,heavy_rain,True,0.74,0,0,0,0.0,0.0,2,14,14.3
18200,Superfast,2026-08-14,8,0,TNA,2,34,22,heavy_rain,True,0.49,0,0,0,14.3,14.3,2,13,13.5
18200,Superfast,2026-08-14,8,0,KYN,3,54,22,heavy_rain,True,0.31,0,1,0,27.8,13.5,2,12,19.6
18200,Superfast,2026-08-14,8,0,IGP,4,137,23,heavy_rain,True,0.41,1,1,0,47.4,19.6,2,11,30.0
18200,Superfast,2026-08-14,8,0,NK,5,188,23,heavy_rain,True,0.36,0,1,0,77.4,30.0,2,10,33.9
18200,Superfast,2026-08-14,8,0,MMR,6,261,0,heavy_rain,True,0.53,1,1,0,111.3,33.9,2,9,39.4
18200,Superfast,2026-08-14,8,0,CSN,7,328,1,heavy_rain,True,0.02,0,1,0,150.7,39.4,2,8,47.8
18200,Superfast,2026-08-14,8,0,JL,8,420,2,heavy_rain,True,0.4,1,1,0,198.5,47.8,2,7,51.8
18200,Superfast,2026-08-14,8,0,BSL,9,444,3,heavy_rain,True,0.33,1,1,0,250.3,51.8,2,6,50.8
18200,Superfast,2026-08-14,8,0,MKU,10,494,3,heavy_rain,True,0.56,0,1,0,301.1,50.8,2,5,50.9
18200,Superfast,2026-08-14,8,0,AK,11,583,4,heavy_rain,True,0.51,1,1,0,352.0,50.9,2,4,51.3
18200,Superfast,2026-08-14,8,0,BD,12,662,5,heavy_rain,True,0.25,2,1,1,403.3,51.3,2,3,54.7
18200,Superfast,2026-08-14,8,0,WR,13,757,7,heavy_rain,True,0.2,1,1,0,458.0,54.7,2,2,55.8
18200,Superfast,2026-08-14,8,0,NGP,14,837,8,heavy_rain,True,0.55,2,1,0,513.8,55.8,2,1,56.9
18200,Superfast,2026-08-14,8,0,G,15,967,9,heavy_rain,True,0.4,1,1,0,570.7,56.9,0,0,57.2
16188,Vande Bharat,2026-08-14,8,0,G,0,0,19,heavy_rain,True,0.0,1,1,0,0.0,0.0,0,15,0.0
16188,Vande Bharat,2026-08-14,8,0,NGP,1,130,20,heavy_rain,True,0.16,1,0,0,0.0,0.0,2,14,5.3
16188,Vande Bharat,2026-08-14,8,0,WR,2,210,21,heavy_rain,True,0.42,1,0,0,5.3,5.3,2,13,6.2
16188,Vande Bharat,2026-08-14,8,0,BD,3,305,22,heavy_rain,True,0.51,2,0,0,11.5,6.2,2,12,7.4
16188,Vande Bharat,2026-08-14,8,0,AK,4,384,23,heavy_rain,True,0.43,0,1,0,18.9,7.4,2,11,19.9
16188,Vande Bharat,2026-08-14,8,0,MKU,5,473,1,heavy_rain,True,0.47,1,1,0,38.8,19.9,2,10,24.9
16188,Vande Bharat,2026-08-14,8,0,BSL,6,523,1,heavy_rain,True,0.76,0,1,0,63.7,24.9,2,9,30.7
16188,Vande Bharat,2026-08-14,8,0,JL,7,547,1,heavy_rain,True,0.25,1,1,0,94.4,30.7,2,8,35.9
16188,Vande Bharat,2026-08-14,8,0,CSN,8,639,3,heavy_rain,True,0.43,0,1,0,130.3,35.9,2,7,41.6
16188,Vande Bharat,2026-08-14,8,0,MMR,9,706,3,heavy_rain,True,0.63,4,1,0,171.9,41.6,2,6,52.6
16188,Vande Bharat,2026-08-14,8,0,NK,10,779,4,heavy_rain,True,0.42,4,1,0,224.5,52.6,2,5,82.6
16188,Vande Bharat,2026-08-14,8,0,IGP,11,830,5,heavy_rain,True,0.2,0,1,0,307.1,82.6,2,4,89.6
16188,Vande Bharat,2026-08-14,8,0,KYN,12,913,6,heavy_rain,True,0.19,2,1,0,396.7,89.6,2,3,84.6
16188,Vande Bharat,2026-08-14,8,0,TNA,13,933,6,heavy_rain,True,0.5,2,1,0,481.3,84.6,2,2,80.9
16188,Vande Bharat,2026-08-14,8,0,DR,14,958,7,heavy_rain,True,0.46,1,1,0,562.2,80.9,2,1,81.7
16188,Vande Bharat,2026-08-14,8,0,CSMT,15,967,7,heavy_rain,True,0.3,0,1,0,643.9,81.7,0,0,81.3
12097,Vande Bharat,2026-08-14,8,0,CSMT,0,0,17,heavy_rain,True,0.0,0,0,0,0.0,0.0,0,9,0.0
12097,Vande Bharat,2026-08-14,8,0,DR,1,9,17,heavy_rain,True,0.86,2,1,0,0.0,0.0,2,8,13.6
12097,Vande Bharat,2026-08-14,8,0,TNA,2,34,18,heavy_rain,True,0.72,1,0,0,13.6,13.6,2,7,26.9
12097,Vande Bharat,2026-08-14,8,0,KYN,3,54,18,heavy_rain,True,0.74,1,1,0,40.5,26.9,2,6,34.4
12097,Vande Bharat,2026-08-14,8,0,IGP,4,137,19,heavy_rain,True,0.33,0,1,0,74.9,34.4,2,5,47.1
12097,Vande Bharat,2026-08-14,8,0,NK,5,188,20,heavy_rain,True,0.58,0,1,0,122.0,47.1,2,4,53.1
12097,Vande Bharat,2026-08-14,8,0,MMR,6,261,21,heavy_rain,True,0.41,0,1,0,175.1,53.1,2,3,57.0
12097,Vande Bharat,2026-08-14,8,0,AWB,7,375,22,heavy_rain,True,0.36,1,1,0,232.1,57.0,2,2,56.7
12097,Vande Bharat,2026-08-14,8,0,J,8,438,23,heavy_rain,True,0.38,3,1,2,288.8,56.7,2,1,68.1
12097,Vande Bharat,2026-08-14,8,0,NED,9,609,1,heavy_rain,True,0.47,2,1,1,356.9,68.1,0,0,69.0
20364,Mail,2026-08-14,8,0,NED,0,0,14,heavy_rain,True,0.0,4,0,2,0.0,0.0,0,9,0.0
20364,Mail,2026-08-14,8,0,J,1,171,16,heavy_rain,True,0.25,0,0,0,0.0,0.0,6,8,0.6
20364,Mail,2026-08-14,8,0,AWB,2,234,17,heavy_rain,True,0.22,0,0,0,0.6,0.6,6,7,8.3
20364,Mail,2026-08-14,8,0,MMR,3,348,18,heavy_rain,True,0.47,1,0,0,8.9,8.3,6,6,11.6
20364,Mail,2026-08-14,8,0,NK,4,421,19,heavy_rain,True,0.84,1,0,0,20.5,11.6,6,5,18.8
20364,Mail,2026-08-14,8,0,IGP,5,472,20,heavy_rain,True,0.38,0,1,0,39.3,18.8,6,4,35.0
20364,Mail,2026-08-14,8,0,KYN,6,555,21,heavy_rain,True,0.8,0,1,0,74.3,35.0,6,3,49.1
20364,Mail,2026-08-14,8,0,TNA,7,575,21,heavy_rain,True,0.49,1,1,0,123.4,49.1,6,2,54.5
20364,Mail,2026-08-14,8,0,DR,8,600,21,heavy_rain,True,0.6,1,1,0,177.9,54.5,6,1,58.1
20364,Mail,2026-08-14,8,0,CSMT,9,609,21,heavy_rain,True,0.5,0,1,0,236.0,58.1,0,0,59.1
19551,Express,2026-08-14,8,0,CSMT,0,0,14,heavy_rain,True,0.0,1,0,0,0.0,0.0,0,5,0.0
19551,Express,2026-08-14,8,0,DR,1,9,14,heavy_rain,True,0.41,1,1,0,0.0,0.0,4,4,10.0
19551,Express,2026-08-14,8,0,TNA,2,34,14,heavy_rain,True,0.47,0,0,0,10.0,10.0,4,3,10.2
19551,Express,2026-08-14,8,0,PNVL,3,69,15,heavy_rain,True,0.65,1,1,0,20.2,10.2,4,2,17.7
19551,Express,2026-08-14,8,0,RN,4,307,18,heavy_rain,True,0.45,1,1,0,37.9,17.7,4,1,31.7
19551,Express,2026-08-14,8,0,SWV,5,495,20,heavy_rain,True,0.31,0,1,0,69.6,31.7,0,0,34.7
17230,Superfast,2026-08-14,8,0,SWV,0,0,15,heavy_rain,True,0.0,1,0,0,0.0,0.0,0,5,0.0
17230,Superfast,2026-08-14,8,0,RN,1,188,17,heavy_rain,True,0.64,3,0,0,0.0,0.0,2,4,10.8
17230,Superfast,2026-08-14,8,0,PNVL,2,426,20,heavy_rain,True,0.62,2,0,0,10.8,10.8,2,3,13.8
17230,Superfast,2026-08-14,8,0,TNA,3,461,20,heavy_rain,True,0.7,2,0,0,24.6,13.8,2,2,14.6
17230,Superfast,2026-08-14,8,0,DR,4,486,21,heavy_rain,True,0.4,1,0,0,39.2,14.6,2,1,16.7
17230,Superfast,2026-08-14,8,0,CSMT,5,495,21,heavy_rain,True,0.41,1,1,0,55.9,16.7,0,0,25.7
21888,Intercity,2026-08-14,8,0,PUNE,0,0,16,heavy_rain,True,0.0,1,0,0,0.0,0.0,0,7,1.1
21888,Intercity,2026-08-14,8,0,DD,1,76,17,heavy_rain,True,0.45,3,1,0,1.1,1.1,4,6,17.5
21888,Intercity,2026-08-14,8,0,MMR,2,69,17,heavy_rain,True,0.68,0,1,0,18.6,17.5,4,5,26.3
21888,Intercity,2026-08-14,8,0,BSL,3,252,19,heavy_rain,True,0.46,1,1,0,44.9,26.3,4,4,32.8
21888,Intercity,2026-08-14,8,0,AK,4,391,21,heavy_rain,True,0.36,0,1,0,77.7,32.8,4,3,46.9
21888,Intercity,2026-08-14,8,0,BD,5,470,22,heavy_rain,True,0.32,2,1,0,124.6,46.9,4,2,45.2
21888,Intercity,2026-08-14,8,0,WR,6,565,23,heavy_rain,True,0.5,0,1,0,169.8,45.2,4,1,48.0
21888,Intercity,2026-08-14,8,0,NGP,7,645,0,heavy_rain,True,0.35,1,1,0,217.8,48.0,0,0,47.1
20519,Intercity,2026-08-14,8,0,NGP,0,0,19,heavy_rain,True,0.0,2,0,0,0.0,0.0,0,7,5.1
20519,Intercity,2026-08-14,8,0,WR,1,80,20,heavy_rain,True,0.52,1,0,0,5.1,5.1,4,6,14.8
20519,Intercity,2026-08-14,8,0,BD,2,175,21,heavy_rain,True,0.83,1,0,0,19.9,14.8,4,5,25.1
20519,Intercity,2026-08-14,8,0,AK,3,254,22,heavy_rain,True,0.23,1,1,0,45.0,25.1,4,4,26.5
20519,Intercity,2026-08-14,8,0,BSL,4,393,0,heavy_rain,True,0.45,2,1,0,71.5,26.5,4,3,31.4
20519,Intercity,2026-08-14,8,0,MMR,5,576,2,heavy_rain,True,0.25,1,1,0,102.9,31.4,4,2,32.8
20519,Intercity,2026-08-14,8,0,DD,6,569,2,heavy_rain,True,0.4,0,1,0,135.7,32.8,4,1,34.5
20519,Intercity,2026-08-14,8,0,PUNE,7,645,3,heavy_rain,True,0.13,0,1,0,170.2,34.5,0,0,38.2
13332,Intercity,2026-08-14,8,0,NGP,0,0,7,heavy_rain,True,0.0,1,0,0,0.0,0.0,0,9,0.0
13332,Intercity,2026-08-14,8,0,WR,1,80,8,heavy_rain,True,0.29,1,0,0,0.0,0.0,4,8,3.6
13332,Intercity,2026-08-14,8,0,BD,2,175,10,heavy_rain,True,0.12,0,0,0,3.6,3.6,4,7,8.5
13332,Intercity,2026-08-14,8,0,AK,3,254,11,heavy_rain,True,0.61,4,0,0,12.1,8.5,4,6,17.4
13332,Intercity,2026-08-14,8,0,BSL,4,393,12,heavy_rain,True,0.11,1,1,0,29.5,17.4,4,5,20.8
13332,Intercity,2026-08-14,8,0,MMR,5,576,15,heavy_rain,True,0.23,0,1,0,50.3,20.8,4,4,23.8
13332,Intercity,2026-08-14,8,0,DD,6,569,14,heavy_rain,True,0.33,1,1,0,74.1,23.8,4,3,28.5
13332,Intercity,2026-08-14,8,0,PUNE,7,645,15,heavy_rain,True,0.23,1,1,0,102.6,28.5,4,2,29.8
13332,Intercity,2026-08-14,8,0,MRJ,8,366,12,heavy_rain,True,0.59,4,1,1,132.4,29.8,4,1,43.5
13332,Intercity,2026-08-14,8,0,KOP,9,319,11,heavy_rain,True,0.88,0,1,0,175.9,43.5,0,0,56.9
12461,Vande Bharat,2026-08-14,8,0,KOP,0,0,10,heavy_rain,True,0.0,2,0,1,0.0,0.0,0,9,0.0
12461,Vande Bharat,2026-08-14,8,0,MRJ,1,47,10,heavy_rain,True,0.31,1,0,0,0.0,0.0,2,8,2.7
12461,Vande Bharat,2026-08-14,8,0,PUNE,2,326,14,heavy_rain,True,0.29,1,0,0,2.7,2.7,2,7,3.2
12461,Vande Bharat,2026-08-14,8,0,DD,3,250,13,heavy_rain,True,0.48,4,0,1,5.9,3.2,2,6,12.7
12461,Vande Bharat,2026-08-14,8,0,MMR,4,257,13,heavy_rain,True,0.31,0,1,0,18.6,12.7,2,5,20.4
12461,Vande Bharat,2026-08-14,8,0,BSL,5,74,11,heavy_rain,True,0.84,2,1,0,39.0,20.4,2,4,37.1
12461,Vande Bharat,2026-08-14,8,0,AK,6,65,11,heavy_rain,True,0.51,4,1,0,76.1,37.1,2,3,47.8
12461,Vande Bharat,2026-08-14,8,0,BD,7,144,12,heavy_rain,True,0.55,1,1,0,123.9,47.8,2,2,50.9
12461,Vande Bharat,2026-08-14,8,0,WR,8,239,13,heavy_rain,True,0.6,1,1,0,174.8,50.9,2,1,51.3
12461,Vande Bharat,2026-08-14,8,0,NGP,9,319,14,heavy_rain,True,0.19,0,1,0,226.1,51.3,0,0,55.4
13369,Intercity,2026-05-10,5,6,CSMT,0,0,9,rain,False,0.0,1,0,0,0.0,0.0,0,10,0.0
13369,Intercity,2026-05-10,5,6,DR,1,9,9,rain,False,0.37,2,0,1,0.0,0.0,4,9,6.5
13369,Intercity,2026-05-10,5,6,TNA,2,34,10,rain,False,0.46,1,0,0,6.5,6.5,4,8,7.5
13369,Intercity,2026-05-10,5,6,KYN,3,54,10,rain,False,0.76,1,0,0,14.0,7.5,4,7,15.1
13369,Intercity,2026-05-10,5,6,KJT,4,100,10,rain,False,0.33,3,1,0,29.1,15.1,4,6,23.2
13369,Intercity,2026-05-10,5,6,LNL,5,128,11,rain,False,0.38,1,1,0,52.3,23.2,4,5,31.3
13369,Intercity,2026-05-10,5,6,SVJR,6,190,12,rain,False,0.41,1,1,0,83.6,31.3,4,4,38.5
13369,Intercity,2026-05-10,5,6,PUNE,7,192,12,rain,False,0.36,1,1,0,122.1,38.5,4,3,44.2
13369,Intercity,2026-05-10,5,6,DD,8,268,13,rain,False,0.34,1,1,0,166.3,44.2,4,2,48.9
13369,Intercity,2026-05-10,5,6,KWV,9,377,14,rain,False,0.53,0,1,0,215.2,48.9,4,1,48.2
13369,Intercity,2026-05-10,5,6,SUR,10,455,15,rain,False,0.51,2,1,0,263.4,48.2,0,0,50.8
15437,Intercity,2026-05-10,5,6,SUR,0,0,12,rain,False,0.0,0,0,0,0.0,0.0,0,10,0.0
15437,Intercity,2026-05-10,5,6,KWV,1,78,13,rain,False,0.57,0,0,0,0.0,0.0,4,9,3.9
15437,Intercity,2026-05-10,5,6,DD,2,187,14,rain,False,0.15,1,0,0,3.9,3.9,4,8,4.6
15437,Intercity,2026-05-10,5,6,PUNE,3,263,15,rain,False,0.54,1,0,0,8.5,4.6,4,7,6.0
15437,Intercity,2026-05-10,5,6,SVJR,4,265,15,rain,False,0.08,1,0,0,14.5,6.0,4,6,7.2
15437,Intercity,2026-05-10,5,6,LNL,5,327,16,rain,False,0.16,2,0,1,21.7,7.2,4,5,12.6
15437,Intercity,2026-05-10,5,6,KJT,6,355,16,rain,False,0.49,1,0,0,34.3,12.6,4,4,14.9
15437,Intercity,2026-05-10,5,6,KYN,7,401,17,rain,False,0.57,1,0,0,49.2,14.9,4,3,21.1
15437,Intercity,2026-05-10,5,6,TNA,8,421,17,rain,False,0.53,2,1,0,70.3,21.1,4,2,28.4
15437,Intercity,2026-05-10,5,6,DR,9,446,18,rain,False,0.35,1,1,0,98.7,28.4,4,1,40.8
15437,Intercity,2026-05-10,5,6,CSMT,10,455,18,rain,False,0.38,2,1,0,139.5,40.8,0,0,49.0
22835,Superfast,2026-05-10,5,6,CSMT,0,0,15,rain,False,0.0,2,0,3,0.0,0.0,0,8,0.0
22835,Superfast,2026-05-10,5,6,DR,1,9,15,rain,False,0.18,3,0,0,0.0,0.0,2,7,9.5
22835,Superfast,2026-05-10,5,6,TNA,2,34,16,rain,False,0.06,0,0,0,9.5,9.5,2,6,15.7
22835,Superfast,2026-05-10,5,6,KYN,3,54,16,rain,False,0.51,1,1,0,25.2,15.7,2,5,17.9
22835,Superfast,2026-05-10,5,6,LNL,4,128,17,rain,False,0.54,0,1,0,43.1,17.9,2,4,28.2
22835,Superfast,2026-05-10,5,6,PUNE,5,192,18,rain,False,0.69,2,1,0,71.3,28.2,2,3,40.0
22835,Superfast,2026-05-10,5,6,MRJ,6,471,21,rain,False,0.85,1,1,0,111.3,40.0,2,2,48.3
22835,Superfast,2026-05-10,5,6,SLI,7,478,21,rain,False,0.42,4,1,0,159.6,48.3,2,1,54.0
22835,Superfast,2026-05-10,5,6,KOP,8,518,22,rain,False,0.38,1,1,0,213.6,54.0,0,0,62.7
11914,Mail,2026-05-10,5,6,KOP,0,0,11,rain,False,0.0,1,0,0,0.0,0.0,0,8,0.0
11914,Mail,2026-05-10,5,6,SLI,1,40,12,rain,False,0.8,0,0,0,0.0,0.0,6,7,19.3
11914,Mail,2026-05-10,5,6,MRJ,2,47,12,rain,False,0.45,1,1,0,19.3,19.3,6,6,27.5
11914,Mail,2026-05-10,5,6,PUNE,3,326,15,rain,False,0.35,1,1,0,46.8,27.5,6,5,33.2
11914,Mail,2026-05-10,5,6,LNL,4,390,16,rain,False,0.54,1,1,0,80.0,33.2,6,4,42.5
11914,Mail,2026-05-10,5,6,KYN,5,464,17,rain,False,0.34,2,1,0,122.5,42.5,6,3,51.4
11914,Mail,2026-05-10,5,6,TNA,6,484,17,rain,False,0.45,1,1,0,173.9,51.4,6,2,55.7
11914,Mail,2026-05-10,5,6,DR,7,509,18,rain,False,0.57,0,1,0,229.6,55.7,6,1,60.1
11914,Mail,2026-05-10,5,6,CSMT,8,518,18,rain,False,0.35,1,1,0,289.7,60.1,0,0,65.1
16156,Express,2026-05-10,5,6,CSMT,0,0,12,rain,False,0.0,2,0,2,0.0,0.0,0,15,0.0
16156,Express,2026-05-10,5,6,DR,1,9,12,rain,False,0.15,2,0,0,0.0,0.0,4,14,2.6
16156,Express,2026-05-10,5,6,TNA,2,34,13,rain,False,0.47,0,0,0,2.6,2.6,4,13,3.1
16156,Express,2026-05-10,5,6,KYN,3,54,13,rain,False,0.07,2,1,0,5.7,3.1,4,12,10.4
16156,Express,2026-05-10,5,6,IGP,4,137,14,rain,False,0.1,3,0,1,16.1,10.4,4,11,22.3
16156,Express,2026-05-10,5,6,NK,5,188,14,rain,False,0.07,3,1,2,38.4,22.3,4,10,38.6
16156,Express,2026-05-10,5,6,MMR,6,261,15,rain,False,0.1,0,1,0,77.0,38.6,4,9,42.3
16156,Express,2026-05-10,5,6,CSN,7,328,16,rain,False,0.17,2,1,0,119.3,42.3,4,8,42.7
16156,Express,2026-05-10,5,6,JL,8,420,17,rain,False,0.61,1,1,0,162.0,42.7,4,7,49.8
16156,Express,2026-05-10,5,6,BSL,9,444,18,rain,False,0.51,0,1,0,211.8,49.8,4,6,50.3
16156,Express,2026-05-10,5,6,MKU,10,494,18,rain,False,0.33,2,1,0,262.1,50.3,4,5,50.1
16156,Express,2026-05-10,5,6,AK,11,583,19,rain,False,0.6,0,1,0,312.2,50.1,4,4,55.5
16156,Express,2026-05-10,5,6,BD,12,662,20,rain,False,0.03,1,1,0,367.7,55.5,4,3,58.2
16156,Express,2026-05-10,5,6,WR,13,757,22,rain,False,0.59,2,1,2,425.9,58.2,4,2,62.5
16156,Express,2026-05-10,5,6,NGP,14,837,23,rain,False,0.27,2,1,0,488.4,62.5,4,1,62.2
16156,Express,2026-05-10,5,6,G,15,967,0,rain,False,0.1,2,1,0,550.6,62.2,0,0,59.6
12295,Vande Bharat,2026-05-10,5,6,G,0,0,8,rain,False,0.0,0,0,0,0.0,0.0,0,15,0.0
12295,Vande Bharat,2026-05-10,5,6,NGP,1,130,9,rain,False,0.65,1,0,0,0.0,0.0,2,14,5.8
12295,Vande Bharat,2026-05-10,5,6,WR,2,210,10,rain,False,0.56,1,0,0,5.8,5.8,2,13,10.9
12295,Vande Bharat,2026-05-10,5,6,BD,3,305,11,rain,False,0.31,1,1,0,16.7,10.9,2,12,22.0
12295,Vande Bharat,2026-05-10,5,6,AK,4,384,12,rain,False,0.33,2,1,0,38.7,22.0,2,11,24.3
12295,Vande Bharat,2026-05-10,5,6,MKU,5,473,14,rain,False,0.5,1,1,0,63.0,24.3,2,10,27.3
12295,Vande Bharat,2026-05-10,5,6,BSL,6,523,14,rain,False,0.41,1,1,0,90.3,27.3,2,9,29.1
12295,Vande Bharat,2026-05-10,5,6,JL,7,547,15,rain,False,0.45,4,1,2,119.4,29.1,2,8,47.4
12295,Vande Bharat,2026-05-10,5,6,CSN,8,639,16,rain,False,0.34,0,1,0,166.8,47.4,2,7,51.5
12295,Vande Bharat,2026-05-10,5,6,MMR,9,706,17,rain,False,0.52,3,1,1,218.3,51.5,2,6,64.7
12295,Vande Bharat,2026-05-10,5,6,NK,10,779,17,rain,False,0.43,0,1,0,283.0,64.7,2,5,65.8
12295,Vande Bharat,2026-05-10,5,6,IGP,11,830,18,rain,False,0.5,1,1,0,348.8,65.8,2,4,69.4
12295,Vande Bharat,2026-05-10,5,6,KYN,12,913,19,rain,False,0.24,1,1,0,418.2,69.4,2,3,82.4
12295,Vande Bharat,2026-05-10,5,6,TNA,13,933,19,rain,False,0.6,0,1,0,500.6,82.4,2,2,85.1
12295,Vande Bharat,2026-05-10,5,6,DR,14,958,20,rain,False,0.28,0,1,0,585.7,85.1,2,1,84.3
12295,Vande Bharat,2026-05-10,5,6,CSMT,15,967,20,rain,False,0.17,3,1,0,670.0,84.3,0,0,93.9
18843,Superfast,2026-05-10,5,6,CSMT,0,0,11,rain,False,0.0,2,0,2,0.0,0.0,0,9,0.0
18843,Superfast,2026-05-10,5,6,DR,1,9,11,rain,False,0.55,1,0,0,0.0,0.0,2,8,7.9
18843,Superfast,2026-05-10,5,6,TNA,2,34,11,rain,False,0.58,2,1,3,7.9,7.9,2,7,27.2
18843,Superfast,2026-05-10,5,6,KYN,3,54,11,rain,False,0.41,3,1,0,35.1,27.2,2,6,40.1
18843,Superfast,2026-05-10,5,6,IGP,4,137,12,rain,False,0.17,2,1,0,75.2,40.1,2,5,47.4
18843,Superfast,2026-05-10,5,6,NK,5,188,13,rain,False,0.28,1,1,0,122.6,47.4,2,4,49.0
18843,Superfast,2026-05-10,5,6,MMR,6,261,14,rain,False,0.39,2,1,0,171.6,49.0,2,3,50.4
18843,Superfast,2026-05-10,5,6,AWB,7,375,15,rain,False,0.51,0,1,0,222.0,50.4,2,2,54.7
18843,Superfast,2026-05-10,5,6,J,8,438,16,rain,False,0.64,1,1,0,276.7,54.7,2,1,56.9
18843,Superfast,2026-05-10,5,6,NED,9,609,18,rain,False,0.22,1,1,0,333.6,56.9,0,0,62.2
14224,Superfast,2026-05-10,5,6,NED,0,0,20,rain,False,0.0,3,1,1,0.0,0.0,0,9,0.0
14224,Superfast,2026-05-10,5,6,J,1,171,22,rain,False,0.38,2,0,1,0.0,0.0,2,8,6.9
14224,Superfast,2026-05-10,5,6,AWB,2,234,23,rain,False,0.31,4,0,1,6.9,6.9,2,7,16.8
14224,Superfast,2026-05-10,5,6,MMR,3,348,0,rain,False,0.09,2,1,0,23.7,16.8,2,6,38.7
14224,Superfast,2026-05-10,5,6,NK,4,421,1,rain,False,0.44,2,1,0,62.4,38.7,2,5,42.3
14224,Superfast,2026-05-10,5,6,IGP,5,472,2,rain,False,0.1,1,1,0,104.7,42.3,2,4,44.6
14224,Superfast,2026-05-10,5,6,KYN,6,555,3,rain,False,0.4,2,1,0,149.3,44.6,2,3,44.6
14224,Superfast,2026-05-10,5,6,TNA,7,575,3,rain,False,0.05,3,1,0,193.9,44.6,2,2,51.9
14224,Superfast,2026-05-10,5,6,DR,8,600,3,rain,False,0.33,0,1,0,245.8,51.9,2,1,59.4
14224,Superfast,2026-05-10,5,6,CSMT,9,609,3,rain,False,0.66,1,1,0,305.2,59.4,0,0,59.9
11995,Mail,2026-05-10,5,6,CSMT,0,0,19,rain,False,0.0,4,0,0,0.0,0.0,0,5,0.0
11995,Mail,2026-05-10,5,6,DR,1,9,19,rain,False,0.36,0,0,0,0.0,0.0,6,4,3.6
11995,Mail,2026-05-10,5,6,TNA,2,34,19,rain,False,0.3,4,0,0,3.6,3.6,6,3,15.1
11995,Mail,2026-05-10,5,6,PNVL,3,69,20,rain,False,0.65,1,1,0,18.7,15.1,6,2,31.1
11995,Mail,2026-05-10,5,6,RN,4,307,23,rain,False,0.43,1,1,0,49.8,31.1,6,1,56.2
11995,Mail,2026-05-10,5,6,SWV,5,495,1,rain,False,0.13,1,1,0,106.0,56.2,0,0,56.0
11193,Express,2026-05-10,5,6,SWV,0,0,5,rain,False,0.0,2,0,0,0.0,0.0,0,5,9.9
11193,Express,2026-05-10,5,6,RN,1,188,7,rain,False,0.38,3,0,0,9.9,9.9,4,4,16.0
11193,Express,2026-05-10,5,6,PNVL,2,426,10,rain,False,0.63,1,1,0,25.9,16.0,4,3,28.7
11193,Express,2026-05-10,5,6,TNA,3,461,11,rain,False,0.34,1,1,0,54.6,28.7,4,2,36.7
11193,Express,2026-05-10,5,6,DR,4,486,11,rain,False,0.51,1,1,0,91.3,36.7,4,1,42.2
11193,Express,2026-05-10,5,6,CSMT,5,495,11,rain,False,0.93,2,1,0,133.5,42.2,0,0,49.2
19711,Vande Bharat,2026-05-10,5,6,PUNE,0,0,8,rain,False,0.0,1,1,0,0.0,0.0,0,7,0.0
19711,Vande Bharat,2026-05-10,5,6,DD,1,76,9,rain,False,0.74,0,0,0,0.0,0.0,2,6,10.4
19711,Vande Bharat,2026-05-10,5,6,MMR,2,69,9,rain,False,0.63,1,1,0,10.4,10.4,2,5,18.6
19711,Vande Bharat,2026-05-10,5,6,BSL,3,252,11,rain,False,0.11,2,1,1,29.0,18.6,2,4,30.3
19711,Vande Bharat,2026-05-10,5,6,AK,4,391,13,rain,False,0.3,2,1,0,59.3,30.3,2,3,32.6
19711,Vande Bharat,2026-05-10,5,6,BD,5,470,14,rain,False,0.48,0,1,0,91.9,32.6,2,2,33.5
19711,Vande Bharat,2026-05-10,5,6,WR,6,565,15,rain,False,0.1,1,1,0,125.4,33.5,2,1,35.4
19711,Vande Bharat,2026-05-10,5,6,NGP,7,645,16,rain,False,0.12,3,1,1,160.8,35.4,0,0,48.4
20490,Mail,2026-05-10,5,6,NGP,0,0,12,rain,False,0.0,1,1,0,0.0,0.0,0,7,0.0
20490,Mail,2026-05-10,5,6,WR,1,80,13,rain,False,0.45,2,1,3,0.0,0.0,6,6,19.8
20490,Mail,2026-05-10,5,6,BD,2,175,14,rain,False,0.61,1,1,0,19.8,19.8,6,5,23.2
20490,Mail,2026-05-10,5,6,AK,3,254,15,rain,False,0.28,0,1,0,43.0,23.2,6,4,28.7
20490,Mail,2026-05-10,5,6,BSL,4,393,17,rain,False,0.51,1,1,0,71.7,28.7,6,3,35.9
20490,Mail,2026-05-10,5,6,MMR,5,576,19,rain,False,0.79,0,1,0,107.6,35.9,6,2,49.4
20490,Mail,2026-05-10,5,6,DD,6,569,19,rain,False,0.29,0,1,0,157.0,49.4,6,1,54.8
20490,Mail,2026-05-10,5,6,PUNE,7,645,20,rain,False,0.5,2,1,1,211.8,54.8,0,0,65.3
22640,Intercity,2026-05-10,5,6,NGP,0,0,9,rain,False,0.0,3,0,1,0.0,0.0,0,9,0.0
22640,Intercity,2026-05-10,5,6,WR,1,80,10,rain,False,0.9,0,0,0,0.0,0.0,4,8,10.7
22640,Intercity,2026-05-10,5,6,BD,2,175,11,rain,False,0.43,1,1,0,10.7,10.7,4,7,17.7
22640,Intercity,2026-05-10,5,6,AK,3,254,12,rain,False,0.55,4,1,1,28.4,17.7,4,6,30.9
22640,Intercity,2026-05-10,5,6,BSL,4,393,14,rain,False,0.37,1,1,0,59.3,30.9,4,5,36.5
22640,Intercity,2026-05-10,5,6,MMR,5,576,16,rain,False,0.12,2,1,0,95.8,36.5,4,4,38.4
22640,Intercity,2026-05-10,5,6,DD,6,569,16,rain,False,0.26,4,1,0,134.2,38.4,4,3,43.4
22640,Intercity,2026-05-10,5,6,PUNE,7,645,17,rain,False,0.82,0,1,0,177.6,43.4,4,2,50.9
22640,Intercity,2026-05-10,5,6,MRJ,8,366,14,rain,False,0.45,3,1,0,228.5,50.9,4,1,58.8
22640,Intercity,2026-05-10,5,6,KOP,9,319,13,rain,False,0.02,2,1,0,287.3,58.8,0,0,57.2
11266,Vande Bharat,2026-05-10,5,6,KOP,0,0,6,rain,False,0.0,1,0,0,0.0,0.0,0,9,3.0
11266,Vande Bharat,2026-05-10,5,6,MRJ,1,47,6,rain,False,0.3,0,0,0,3.0,3.0,2,8,3.1
11266,Vande Bharat,2026-05-10,5,6,PUNE,2,326,10,rain,False,0.17,1,0,0,6.1,3.1,2,7,7.5
11266,Vande Bharat,2026-05-10,5,6,DD,3,250,9,rain,False,0.33,3,0,1,13.6,7.5,2,6,14.5
11266,Vande Bharat,2026-05-10,5,6,MMR,4,257,9,rain,False,0.61,0,0,0,28.1,14.5,2,5,18.9
11266,Vande Bharat,2026-05-10,5,6,BSL,5,74,7,rain,False,0.62,2,1,0,47.0,18.9,2,4,23.2
11266,Vande Bharat,2026-05-10,5,6,AK,6,65,6,rain,False,0.32,0,1,0,70.2,23.2,2,3,25.4
11266,Vande Bharat,2026-05-10,5,6,BD,7,144,7,rain,False,0.25,2,1,0,95.6,25.4,2,2,31.4
11266,Vande Bharat,2026-05-10,5,6,WR,8,239,9,rain,False,0.28,1,1,0,127.0,31.4,2,1,39.6
11266,Vande Bharat,2026-05-10,5,6,NGP,9,319,10,rain,False,0.36,3,1,1,166.6,39.6,0,0,55.0
21510,Mail,2026-08-14,8,2,CSMT,0,0,7,clear,True,0.0,1,0,0,0.0,0.0,0,10,0.0
21510,Mail,2026-08-14,8,2,DR,1,9,7,clear,True,0.41,2,1,0,0.0,0.0,6,9,4.7
21510,Mail,2026-08-14,8,2,TNA,2,34,7,clear,True,0.42,2,0,0,4.7,4.7,6,8,7.0
21510,Mail,2026-08-14,8,2,KYN,3,54,8,clear,True,0.66,2,0,0,11.7,7.0,6,7,14.0
21510,Mail,2026-08-14,8,2,KJT,4,100,8,clear,True,0.44,2,0,0,25.7,14.0,6,6,21.0
21510,Mail,2026-08-14,8,2,LNL,5,128,9,clear,True,0.28,2,1,1,46.7,21.0,6,5,37.3
21510,Mail,2026-08-14,8,2,SVJR,6,190,9,clear,True,0.05,1,1,0,84.0,37.3,6,4,49.7
21510,Mail,2026-08-14,8,2,PUNE,7,192,9,clear,True,0.24,0,1,0,133.7,49.7,6,3,59.8
21510,Mail,2026-08-14,8,2,DD,8,268,10,clear,True,0.57,3,1,0,193.5,59.8,6,2,68.9
21510,Mail,2026-08-14,8,2,KWV,9,377,12,clear,True,0.65,0,1,0,262.4,68.9,6,1,68.5
21510,Mail,2026-08-14,8,2,SUR,10,455,13,clear,True,0.26,1,1,0,330.9,68.5,0,0,70.9
22615,Vande Bharat,2026-08-14,8,2,SUR,0,0,6,clear,True,0.0,4,0,0,0.0,0.0,0,10,0.0
22615,Vande Bharat,2026-08-14,8,2,KWV,1,78,7,clear,True,0.53,1,1,0,0.0,0.0,2,9,9.9
22615,Vande Bharat,2026-08-14,8,2,DD,2,187,8,clear,True,1.0,1,0,0,9.9,9.9,2,8,17.6
22615,Vande Bharat,2026-08-14,8,2,PUNE,3,263,9,clear,True,1.0,1,1,0,27.5,17.6,2,7,29.9
22615,Vande Bharat,2026-08-14,8,2,SVJR,4,265,9,clear,True,0.44,1,1,0,57.4,29.9,2,6,36.2
22615,Vande Bharat,2026-08-14,8,2,LNL,5,327,10,clear,True,1.0,0,1,0,93.6,36.2,2,5,52.4
22615,Vande Bharat,2026-08-14,8,2,KJT,6,355,11,clear,True,0.3,2,1,0,146.0,52.4,2,4,65.0
22615,Vande Bharat,2026-08-14,8,2,KYN,7,401,11,clear,True,0.34,1,1,0,211.0,65.0,2,3,68.7
22615,Vande Bharat,2026-08-14,8,2,TNA,8,421,11,clear,True,0.77,1,1,0,279.7,68.7,2,2,79.8
22615,Vande Bharat,2026-08-14,8,2,DR,9,446,12,clear,True,0.13,1,1,0,359.5,79.8,2,1,78.1
22615,Vande Bharat,2026-08-14,8,2,CSMT,10,455,12,clear,True,0.49,1,1,0,437.6,78.1,0,0,76.9
14835,Mail,2026-08-14,8,2,CSMT,0,0,14,clear,True,0.0,1,0,0,0.0,0.0,0,8,8.6
14835,Mail,2026-08-14,8,2,DR,1,9,14,clear,True,0.79,1,0,0,8.6,8.6,6,7,13.0
14835,Mail,2026-08-14,8,2,TNA,2,34,15,clear,True,0.1,1,0,0,21.6,13.0,6,6,12.4
14835,Mail,2026-08-14,8,2,KYN,3,54,15,clear,True,0.5,0,1,0,34.0,12.4,6,5,17.4
14835,Mail,2026-08-14,8,2,LNL,4,128,16,clear,True,0.32,2,1,0,51.4,17.4,6,4,36.8
14835,Mail,2026-08-14,8,2,PUNE,5,192,17,clear,True,0.6,2,1,2,88.2,36.8,6,3,50.2
14835,Mail,2026-08-14,8,2,MRJ,6,471,20,clear,True,0.46,0,1,0,138.4,50.2,6,2,56.2
14835,Mail,2026-08-14,8,2,SLI,7,478,20,clear,True,0.42,0,1,0,194.6,56.2,6,1,59.9
14835,Mail,2026-08-14,8,2,KOP,8,518,21,clear,True,0.23,0,1,0,254.5,59.9,0,0,64.3
18447,Express,2026-08-14,8,2,KOP,0,0,20,clear,True,0.0,1,0,0,0.0,0.0,0,8,0.0
18447,Express,2026-08-14,8,2,SLI,1,40,20,clear,True,0.23,0,0,0,0.0,0.0,4,7,5.8
18447,Express,2026-08-14,8,2,MRJ,2,47,20,clear,True,0.7,1,1,0,5.8,5.8,4,6,18.6
18447,Express,2026-08-14,8,2,PUNE,3,326,0,clear,True,0.17,3,1,0,24.4,18.6,4,5,32.1
18447,Express,2026-08-14,8,2,LNL,4,390,1,clear,True,0.44,0,1,0,56.5,32.1,4,4,42.7
18447,Express,2026-08-14,8,2,KYN,5,464,2,clear,True,0.31,1,1,0,99.2,42.7,4,3,47.1
18447,Express,2026-08-14,8,2,TNA,6,484,2,clear,True,0.38,1,1,0,146.3,47.1,4,2,51.6
18447,Express,2026-08-14,8,2,DR,7,509,2,clear,True,0.1,1,1,0,197.9,51.6,4,1,57.2
18447,Express,2026-08-14,8,2,CSMT,8,518,2,clear,True,0.43,2,1,0,255.1,57.2,0,0,63.0
17309,Express,2026-08-14,8,2,CSMT,0,0,15,clear,True,0.0,0,0,0,0.0,0.0,0,15,0.0
17309,Express,2026-08-14,8,2,DR,1,9,15,clear,True,0.41,1,0,0,0.0,0.0,4,14,4.2
17309,Express,2026-08-14,8,2,TNA,2,34,16,clear,True,0.25,1,0,0,4.2,4.2,4,13,6.8
17309,Express,2026-08-14,8,2,KYN,3,54,16,clear,True,0.04,3,0,0,11.0,6.8,4,12,14.2
17309,Express,2026-08-14,8,2,IGP,4,137,17,clear,True,0.73,0,0,0,25.2,14.2,4,11,26.4
17309,Express,2026-08-14,8,2,NK,5,188,18,clear,True,0.78,1,1,0,51.6,26.4,4,10,36.3
17309,Express,2026-08-14,8,2,MMR,6,261,19,clear,True,0.5,1,1,0,87.9,36.3,4,9,40.0
17309,Express,2026-08-14,8,2,CSN,7,328,19,clear,True,0.78,3,1,0,127.9,40.0,4,8,62.4
17309,Express,2026-08-14,8,2,JL,8,420,21,clear,True,0.22,2,1,0,190.3,62.4,4,7,65.1
17309,Express,2026-08-14,8,2,BSL,9,444,21,clear,True,0.55,2,1,0,255.4,65.1,4,6,67.2
17309,Express,2026-08-14,8,2,MKU,10,494,22,clear,True,0.34,1,1,0,322.6,67.2,4,5,67.3
17309,Express,2026-08-14,8,2,AK,11,583,23,clear,True,0.34,1,1,0,389.9,67.3,4,4,69.5
17309,Express,2026-08-14,8,2,BD,12,662,0,clear,True,0.52,0,1,0,459.4,69.5,4,3,66.8
17309,Express,2026-08-14,8,2,WR,13,757,1,clear,True,0.45,0,1,0,526.2,66.8,4,2,67.7
17309,Express,2026-08-14,8,2,NGP,14,837,2,clear,True,0.47,1,1,0,593.9,67.7,4,1,69.7
17309,Express,2026-08-14,8,2,G,15,967,3,clear,True,0.33,2,1,1,663.6,69.7,0,0,69.1
21356,Vande Bharat,2026-08-14,8,2,G,0,0,12,clear,True,0.0,3,0,3,0.0,0.0,0,15,0.0
21356,Vande Bharat,2026-08-14,8,2,NGP,1,130,13,clear,True,0.22,0,1,0,0.0,0.0,2,14,8.4
21356,Vande Bharat,2026-08-14,8,2,WR,2,210,14,clear,True,0.45,2,0,0,8.4,8.4,2,13,9.7
21356,Vande Bharat,2026-08-14,8,2,BD,3,305,15,clear,True,0.24,0,0,0,18.1,9.7,2,12,13.4
21356,Vande Bharat,2026-08-14,8,2,AK,4,384,16,clear,True,0.21,1,0,0,31.5,13.4,2,11,12.4
21356,Vande Bharat,2026-08-14,8,2,MKU,5,473,18,clear,True,0.76,2,1,0,43.9,12.4,2,10,23.6
21356,Vande Bharat,2026-08-14,8,2,BSL,6,523,18,clear,True,0.91,1,1,0,67.5,23.6,2,9,36.1
21356,Vande Bharat,2026-08-14,8,2,JL,7,547,19,clear,True,0.99,2,1,1,103.6,36.1,2,8,48.8
21356,Vande Bharat,2026-08-14,8,2,CSN,8,639,20,clear,True,1.0,2,1,0,152.4,48.8,2,7,60.8
21356,Vande Bharat,2026-08-14,8,2,MMR,9,706,21,clear,True,0.43,1,1,0,213.2,60.8,2,6,68.4
21356,Vande Bharat,2026-08-14,8,2,NK,10,779,21,clear,True,0.62,3,1,1,281.6,68.4,2,5,77.2
21356,Vande Bharat,2026-08-14,8,2,IGP,11,830,22,clear,True,0.51,1,1,0,358.8,77.2,2,4,81.4
21356,Vande Bharat,2026-08-14,8,2,KYN,12,913,23,clear,True,0.23,0,1,0,440.2,81.4,2,3,81.9
21356,Vande Bharat,2026-08-14,8,2,TNA,13,933,23,clear,True,0.34,1,1,0,522.1,81.9,2,2,81.9
21356,Vande Bharat,2026-08-14,8,2,DR,14,958,0,clear,True,0.47,3,1,0,604.0,81.9,2,1,86.1
21356,Vande Bharat,2026-08-14,8,2,CSMT,15,967,0,clear,True,0.27,4,1,1,690.1,86.1,0,0,97.9
21763,Vande Bharat,2026-08-14,8,2,CSMT,0,0,6,clear,True,0.0,0,0,0,0.0,0.0,0,9,0.0
21763,Vande Bharat,2026-08-14,8,2,DR,1,9,6,clear,True,0.37,0,0,0,0.0,0.0,2,8,6.6
21763,Vande Bharat,2026-08-14,8,2,TNA,2,34,6,clear,True,0.14,2,1,0,6.6,6.6,2,7,11.2
21763,Vande Bharat,2026-08-14,8,2,KYN,3,54,7,clear,True,0.59,0,1,0,17.8,11.2,2,6,18.7
21763,Vande Bharat,2026-08-14,8,2,IGP,4,137,8,clear,True,0.62,0,1,0,36.5,18.7,2,5,33.1
21763,Vande Bharat,2026-08-14,8,2,NK,5,188,8,clear,True,0.82,1,1,0,69.6,33.1,2,4,44.5
21763,Vande Bharat,2026-08-14,8,2,MMR,6,261,9,clear,True,0.57,4,1,1,114.1,44.5,2,3,57.2
21763,Vande Bharat,2026-08-14,8,2,AWB,7,375,11,clear,True,0.49,4,1,0,171.3,57.2,2,2,66.2
21763,Vande Bharat,2026-08-14,8,2,J,8,438,12,clear,True,0.41,2,1,0,237.5,66.2,2,1,64.6
21763,Vande Bharat,2026-08-14,8,2,NED,9,609,14,clear,True,0.67,1,1,0,302.1,64.6,0,0,60.1
20297,Superfast,2026-08-14,8,2,NED,0,0,14,clear,True,0.0,1,1,0,0.0,0.0,0,9,0.0
20297,Superfast,2026-08-14,8,2,J,1,171,16,clear,True,0.83,1,0,0,0.0,0.0,2,8,6.1
20297,Superfast,2026-08-14,8,2,AWB,2,234,17,clear,True,0.78,1,0,0,6.1,6.1,2,7,15.8
20297,Superfast,2026-08-14,8,2,MMR,3,348,18,clear,True,0.36,0,1,0,21.9,15.8,2,6,25.9
20297,Superfast,2026-08-14,8,2,NK,4,421,19,clear,True,0.51,0,1,0,47.8,25.9,2,5,33.2
20297,Superfast,2026-08-14,8,2,IGP,5,472,20,clear,True,0.59,2,1,3,81.0,33.2,2,4,58.6
20297,Superfast,2026-08-14,8,2,KYN,6,555,21,clear,True,0.5,0,1,0,139.6,58.6,2,3,68.7
20297,Superfast,2026-08-14,8,2,TNA,7,575,21,clear,True,0.5,1,1,0,208.3,68.7,2,2,71.9
20297,Superfast,2026-08-14,8,2,DR,8,600,21,clear,True,0.3,2,1,0,280.2,71.9,2,1,74.0
20297,Superfast,2026-08-14,8,2,CSMT,9,609,22,clear,True,0.23,1,1,0,354.2,74.0,0,0,75.8
21878,Mail,2026-08-14,8,2,CSMT,0,0,15,clear,True,0.0,0,0,0,0.0,0.0,0,5,0.0
21878,Mail,2026-08-14,8,2,DR,1,9,16,clear,True,0.4,4,0,1,0.0,0.0,6,4,10.5
21878,Mail,2026-08-14,8,2,TNA,2,34,16,clear,True,0.23,1,0,0,10.5,10.5,6,3,10.6
21878,Mail,2026-08-14,8,2,PNVL,3,69,16,clear,True,0.34,3,0,2,21.1,10.6,6,2,19.3
21878,Mail,2026-08-14,8,2,RN,4,307,19,clear,True,0.73,0,1,0,40.4,19.3,6,1,35.1
21878,Mail,2026-08-14,8,2,SWV,5,495,22,clear,True,0.28,1,1,0,75.5,35.1,0,0,41.5
18133,Mail,2026-08-14,8,2,SWV,0,0,5,clear,True,0.0,0,0,0,0.0,0.0,0,5,0.0
18133,Mail,2026-08-14,8,2,RN,1,188,8,clear,True,0.28,4,0,2,0.0,0.0,6,4,14.1
18133,Mail,2026-08-14,8,2,PNVL,2,426,11,clear,True,0.98,1,0,0,14.1,14.1,6,3,23.7
18133,Mail,2026-08-14,8,2,TNA,3,461,11,clear,True,0.84,4,1,0,37.8,23.7,6,2,36.8
18133,Mail,2026-08-14,8,2,DR,4,486,11,clear,True,0.39,3,1,1,74.6,36.8,6,1,53.0
18133,Mail,2026-08-14,8,2,CSMT,5,495,11,clear,True,0.17,2,1,0,127.6,53.0,0,0,55.7
16420,Vande Bharat,2026-08-14,8,2,PUNE,0,0,11,clear,True,0.0,1,0,0,0.0,0.0,0,7,6.6
16420,Vande Bharat,2026-08-14,8,2,DD,1,76,11,clear,True,0.14,1,0,0,6.6,6.6,2,6,15.7
16420,Vande Bharat,2026-08-14,8,2,MMR,2,69,11,clear,True,0.45,1,1,0,22.3,15.7,2,5,26.1
16420,Vande Bharat,2026-08-14,8,2,BSL,3,252,14,clear,True,0.26,1,1,0,48.4,26.1,2,4,33.6
16420,Vande Bharat,2026-08-14,8,2,AK,4,391,15,clear,True,0.42,0,1,0,82.0,33.6,2,3,35.0
16420,Vande Bharat,2026-08-14,8,2,BD,5,470,16,clear,True,0.39,1,1,0,117.0,35.0,2,2,36.6
16420,Vande Bharat,2026-08-14,8,2,WR,6,565,18,clear,True,0.36,1,1,0,153.6,36.6,2,1,42.8
16420,Vande Bharat,2026-08-14,8,2,NGP,7,645,19,clear,True,0.58,0,1,0,196.4,42.8,0,0,48.4
22970,Express,2026-08-14,8,2,NGP,0,0,5,clear,True,0.0,0,0,0,0.0,0.0,0,7,0.0
22970,Express,2026-08-14,8,2,WR,1,80,6,clear,True,0.49,4,0,0,0.0,0.0,4,6,7.9
22970,Express,2026-08-14,8,2,BD,2,175,7,clear,True,0.38,1,0,0,7.9,7.9,4,5,7.8
22970,Express,2026-08-14,8,2,AK,3,254,8,clear,True,0.39,2,1,1,15.7,7.8,4,4,21.0
22970,Express,2026-08-14,8,2,BSL,4,393,10,clear,True,0.1,2,1,0,36.7,21.0,4,3,25.9
22970,Express,2026-08-14,8,2,MMR,5,576,12,clear,True,0.18,2,1,1,62.6,25.9,4,2,32.7
22970,Express,2026-08-14,8,2,DD,6,569,12,clear,True,0.62,1,1,0,95.3,32.7,4,1,37.3
22970,Express,2026-08-14,8,2,PUNE,7,645,13,clear,True,0.49,3,1,2,132.6,37.3,0,0,44.6
22446,Express,2026-08-14,8,2,NGP,0,0,21,clear,True,0.0,4,0,1,0.0,0.0,0,9,0.0
22446,Express,2026-08-14,8,2,WR,1,80,22,clear,True,0.27,3,0,2,0.0,0.0,4,8,13.0
22446,Express,2026-08-14,8,2,BD,2,175,0,clear,True,0.39,1,0,0,13.0,13.0,4,7,12.1
22446,Express,2026-08-14,8,2,AK,3,254,1,clear,True,0.56,0,0,0,25.1,12.1,4,6,13.1
22446,Express,2026-08-14,8,2,BSL,4,393,2,clear,True,0.74,2,0,0,38.2,13.1,4,5,16.0
22446,Express,2026-08-14,8,2,MMR,5,576,5,clear,True,0.49,1,1,0,54.2,16.0,4,4,19.3
22446,Express,2026-08-14,8,2,DD,6,569,5,clear,True,0.42,3,1,2,73.5,19.3,4,3,33.6
22446,Express,2026-08-14,8,2,PUNE,7,645,5,clear,True,0.14,1,1,0,107.1,33.6,4,2,41.8
22446,Express,2026-08-14,8,2,MRJ,8,366,2,clear,True,0.18,2,1,0,148.9,41.8,4,1,50.8
22446,Express,2026-08-14,8,2,KOP,9,319,1,clear,True,0.36,3,1,0,199.7,50.8,0,0,54.9
19066,Vande Bharat,2026-08-14,8,2,KOP,0,0,6,clear,True,0.0,0,1,0,0.0,0.0,0,9,0.0
19066,Vande Bharat,2026-08-14,8,2,MRJ,1,47,7,clear,True,0.28,0,0,0,0.0,0.0,2,8,4.3
19066,Vande Bharat,2026-08-14,8,2,PUNE,2,326,10,clear,True,0.52,2,0,1,4.3,4.3,2,7,9.2
19066,Vande Bharat,2026-08-14,8,2,DD,3,250,9,clear,True,0.36,3,0,1,13.5,9.2,2,6,20.7
19066,Vande Bharat,2026-08-14,8,2,MMR,4,257,10,clear,True,0.2,0,1,0,34.2,20.7,2,5,31.1
19066,Vande Bharat,2026-08-14,8,2,BSL,5,74,7,clear,True,0.19,1,1,0,65.3,31.1,2,4,35.5
19066,Vande Bharat,2026-08-14,8,2,AK,6,65,7,clear,True,0.19,0,1,0,100.8,35.5,2,3,42.2
19066,Vande Bharat,2026-08-14,8,2,BD,7,144,8,clear,True,0.28,2,1,2,143.0,42.2,2,2,60.5
19066,Vande Bharat,2026-08-14,8,2,WR,8,239,9,clear,True,0.35,0,1,0,203.5,60.5,2,1,63.3
19066,Vande Bharat,2026-08-14,8,2,NGP,9,319,10,clear,True,0.68,0,1,0,266.8,63.3,0,0,65.1
21020,Mail,2026-04-02,4,3,CSMT,0,0,17,clear,False,0.0,0,0,0,0.0,0.0,0,10,0.0
21020,Mail,2026-04-02,4,3,DR,1,9,17,clear,False,0.4,3,0,3,0.0,0.0,6,9,23.6
21020,Mail,2026-04-02,4,3,TNA,2,34,18,clear,False,0.21,1,1,0,23.6,23.6,6,8,35.7
21020,Mail,2026-04-02,4,3,KYN,3,54,18,clear,False,0.43,3,1,0,59.3,35.7,6,7,46.9
21020,Mail,2026-04-02,4,3,KJT,4,100,18,clear,False,0.24,2,1,0,106.2,46.9,6,6,51.1
21020,Mail,2026-04-02,4,3,LNL,5,128,19,clear,False,0.18,1,1,0,157.3,51.1,6,5,56.8
21020,Mail,2026-04-02,4,3,SVJR,6,190,19,clear,False,0.39,1,1,0,214.1,56.8,6,4,57.4
21020,Mail,2026-04-02,4,3,PUNE,7,192,19,clear,False,0.4,0,1,0,271.5,57.4,6,3,59.3
21020,Mail,2026-04-02,4,3,DD,8,268,20,clear,False,0.55,1,1,0,330.8,59.3,6,2,68.0
21020,Mail,2026-04-02,4,3,KWV,9,377,22,clear,False,0.65,1,1,0,398.8,68.0,6,1,70.0
21020,Mail,2026-04-02,4,3,SUR,10,455,23,clear,False,0.56,1,1,0,468.8,70.0,0,0,67.3
11963,Mail,2026-04-02,4,3,SUR,0,0,6,clear,False,0.0,1,0,0,0.0,0.0,0,10,0.0
11963,Mail,2026-04-02,4,3,KWV,1,78,7,clear,False,0.27,3,0,0,0.0,0.0,6,9,4.4
11963,Mail,2026-04-02,4,3,DD,2,187,8,clear,False,0.54,2,1,2,4.4,4.4,6,8,21.6
11963,Mail,2026-04-02,4,3,PUNE,3,263,9,clear,False,0.63,0,1,0,26.0,21.6,6,7,34.4
11963,Mail,2026-04-02,4,3,SVJR,4,265,9,clear,False,0.41,2,1,1,60.4,34.4,6,6,39.9
11963,Mail,2026-04-02,4,3,LNL,5,327,10,clear,False,0.36,4,1,0,100.3,39.9,6,5,53.8
11963,Mail,2026-04-02,4,3,KJT,6,355,10,clear,False,0.31,1,1,0,154.1,53.8,6,4,58.4
11963,Mail,2026-04-02,4,3,KYN,7,401,11,clear,False,0.45,2,1,0,212.5,58.4,6,3,60.8
11963,Mail,2026-04-02,4,3,TNA,8,421,11,clear,False,0.73,0,1,0,273.3,60.8,6,2,70.4
11963,Mail,2026-04-02,4,3,DR,9,446,11,clear,False,0.11,1,1,0,343.7,70.4,6,1,73.9
11963,Mail,2026-04-02,4,3,CSMT,10,455,12,clear,False,0.29,1,1,0,417.6,73.9,0,0,69.9
15179,Express,2026-04-02,4,3,CSMT,0,0,7,clear,False,0.0,1,0,0,0.0,0.0,0,8,0.0
15179,Express,2026-04-02,4,3,DR,1,9,7,clear,False,0.27,1,0,0,0.0,0.0,4,7,1.3
15179,Express,2026-04-02,4,3,TNA,2,34,7,clear,False,0.28,2,0,1,1.3,1.3,4,6,5.0
15179,Express,2026-04-02,4,3,KYN,3,54,8,clear,False,0.33,0,0,0,6.3,5.0,4,5,7.8
15179,Express,2026-04-02,4,3,LNL,4,128,8,clear,False,0.15,1,1,0,14.1,7.8,4,4,15.2
15179,Express,2026-04-02,4,3,PUNE,5,192,9,clear,False,0.78,0,1,0,29.3,15.2,4,3,29.3
15179,Express,2026-04-02,4,3,MRJ,6,471,13,clear,False,0.4,1,1,0,58.6,29.3,4,2,29.9
15179,Express,2026-04-02,4,3,SLI,7,478,13,clear,False,0.29,3,1,0,88.5,29.9,4,1,41.4
15179,Express,2026-04-02,4,3,KOP,8,518,13,clear,False,0.41,0,1,0,129.9,41.4,0,0,43.3
20105,Mail,2026-04-02,4,3,KOP,0,0,21,clear,False,0.0,0,1,0,0.0,0.0,0,8,0.0
20105,Mail,2026-04-02,4,3,SLI,1,40,21,clear,False,0.18,0,0,0,0.0,0.0,6,7,3.3
20105,Mail,2026-04-02,4,3,MRJ,2,47,22,clear,False,0.25,0,1,0,3.3,3.3,6,6,14.2
20105,Mail,2026-04-02,4,3,PUNE,3,326,1,clear,False,0.4,3,0,1,17.5,14.2,6,5,22.4
20105,Mail,2026-04-02,4,3,LNL,4,390,2,clear,False,0.57,4,1,0,39.9,22.4,6,4,32.3
20105,Mail,2026-04-02,4,3,KYN,5,464,3,clear,False,0.28,2,1,0,72.2,32.3,6,3,37.6
20105,Mail,2026-04-02,4,3,TNA,6,484,3,clear,False,0.59,4,1,2,109.8,37.6,6,2,52.1
20105,Mail,2026-04-02,4,3,DR,7,509,3,clear,False,0.46,3,1,0,161.9,52.1,6,1,55.4
20105,Mail,2026-04-02,4,3,CSMT,8,518,3,clear,False,0.5,1,1,0,217.3,55.4,0,0,54.4
17475,Superfast,2026-04-02,4,3,CSMT,0,0,5,clear,False,0.0,0,0,0,0.0,0.0,0,15,0.0
17475,Superfast,2026-04-02,4,3,DR,1,9,5,clear,False,0.1,2,0,0,0.0,0.0,2,14,1.4
17475,Superfast,2026-04-02,4,3,TNA,2,34,6,clear,False,0.26,1,0,0,1.4,1.4,2,13,4.0
17475,Superfast,2026-04-02,4,3,KYN,3,54,6,clear,False,0.54,0,0,0,5.4,4.0,2,12,5.9
17475,Superfast,2026-04-02,4,3,IGP,4,137,7,clear,False,0.68,1,1,0,11.3,5.9,2,11,11.9
17475,Superfast,2026-04-02,4,3,NK,5,188,8,clear,False,0.26,1,1,0,23.2,11.9,2,10,21.1
17475,Superfast,2026-04-02,4,3,MMR,6,261,9,clear,False,0.57,1,1,0,44.3,21.1,2,9,27.6
17475,Superfast,2026-04-02,4,3,CSN,7,328,9,clear,False,0.27,1,1,0,71.9,27.6,2,8,32.2
17475,Superfast,2026-04-02,4,3,JL,8,420,11,clear,False,0.54,2,1,0,104.1,32.2,2,7,39.4
17475,Superfast,2026-04-02,4,3,BSL,9,444,11,clear,False,0.28,1,1,0,143.5,39.4,2,6,42.1
17475,Superfast,2026-04-02,4,3,MKU,10,494,12,clear,False,0.44,0,1,0,185.6,42.1,2,5,44.4
17475,Superfast,2026-04-02,4,3,AK,11,583,13,clear,False,0.28,2,1,0,230.0,44.4,2,4,47.6
17475,Superfast,2026-04-02,4,3,BD,12,662,14,clear,False,0.41,3,1,0,277.6,47.6,2,3,55.7
17475,Superfast,2026-04-02,4,3,WR,13,757,15,clear,False,0.49,3,1,1,333.3,55.7,2,2,66.4
17475,Superfast,2026-04-02,4,3,NGP,14,837,16,clear,False,0.61,1,1,0,399.7,66.4,2,1,63.4
17475,Superfast,2026-04-02,4,3,G,15,967,17,clear,False,0.66,2,1,0,463.1,63.4,0,0,66.7
16444,Express,2026-04-02,4,3,G,0,0,14,clear,False,0.0,1,0,0,0.0,0.0,0,15,0.0
16444,Express,2026-04-02,4,3,NGP,1,130,16,clear,False,0.1,2,0,1,0.0,0.0,4,14,4.9
16444,Express,2026-04-02,4,3,WR,2,210,17,clear,False,0.59,0,0,0,4.9,4.9,4,13,9.4
16444,Express,2026-04-02,4,3,BD,3,305,18,clear,False,0.4,0,1,0,14.3,9.4,4,12,17.0
16444,Express,2026-04-02,4,3,AK,4,384,19,clear,False,0.11,4,1,0,31.3,17.0,4,11,30.9
16444,Express,2026-04-02,4,3,MKU,5,473,20,clear,False,0.82,1,1,0,62.2,30.9,4,10,43.0
16444,Express,2026-04-02,4,3,BSL,6,523,21,clear,False,0.83,1,1,0,105.2,43.0,4,9,54.5
16444,Express,2026-04-02,4,3,JL,7,547,21,clear,False,0.63,1,1,0,159.7,54.5,4,8,61.8
16444,Express,2026-04-02,4,3,CSN,8,639,22,clear,False,0.31,3,1,0,221.5,61.8,4,7,70.5
16444,Express,2026-04-02,4,3,MMR,9,706,23,clear,False,0.3,3,1,0,292.0,70.5,4,6,73.8
16444,Express,2026-04-02,4,3,NK,10,779,0,clear,False,0.2,4,1,0,365.8,73.8,4,5,79.4
16444,Express,2026-04-02,4,3,IGP,11,830,1,clear,False,0.23,0,1,0,445.2,79.4,4,4,78.6
16444,Express,2026-04-02,4,3,KYN,12,913,2,clear,False,0.59,0,1,0,523.8,78.6,4,3,75.2
16444,Express,2026-04-02,4,3,TNA,13,933,2,clear,False,0.34,0,1,0,599.0,75.2,4,2,74.1
16444,Express,2026-04-02,4,3,DR,14,958,2,clear,False,0.23,1,1,0,673.1,74.1,4,1,76.3
16444,Express,2026-04-02,4,3,CSMT,15,967,2,clear,False,0.32,1,1,0,749.4,76.3,0,0,77.9
13216,Superfast,2026-04-02,4,3,CSMT,0,0,16,clear,False,0.0,1,0,0,0.0,0.0,0,9,0.0
13216,Superfast,2026-04-02,4,3,DR,1,9,17,clear,False,0.79,1,1,0,0.0,0.0,2,8,14.8
13216,Superfast,2026-04-02,4,3,TNA,2,34,17,clear,False,0.58,0,0,0,14.8,14.8,2,7,20.5
13216,Superfast,2026-04-02,4,3,KYN,3,54,17,clear,False,0.38,1,1,0,35.3,20.5,2,6,31.4
13216,Superfast,2026-04-02,4,3,IGP,4,137,18,clear,False,0.81,1,1,0,66.7,31.4,2,5,39.1
13216,Superfast,2026-04-02,4,3,NK,5,188,19,clear,False,0.27,1,1,0,105.8,39.1,2,4,49.6
13216,Superfast,2026-04-02,4,3,MMR,6,261,20,clear,False,0.36,0,1,0,155.4,49.6,2,3,52.8
13216,Superfast,2026-04-02,4,3,AWB,7,375,21,clear,False,0.38,0,1,0,208.2,52.8,2,2,55.4
13216,Superfast,2026-04-02,4,3,J,8,438,22,clear,False,0.39,0,1,0,263.6,55.4,2,1,63.4
13216,Superfast,2026-04-02,4,3,NED,9,609,0,clear,False,0.27,0,1,0,327.0,63.4,0,0,62.3
14588,Superfast,2026-04-02,4,3,NED,0,0,20,clear,False,0.0,1,0,0,0.0,0.0,0,9,0.0
14588,Superfast,2026-04-02,4,3,J,1,171,22,clear,False,0.57,2,1,0,0.0,0.0,2,8,6.2
14588,Superfast,2026-04-02,4,3,AWB,2,234,23,clear,False,0.21,0,0,0,6.2,6.2,2,7,5.7
14588,Superfast,2026-04-02,4,3,MMR,3,348,0,clear,False,0.18,2,0,0,11.9,5.7,2,6,6.9
14588,Superfast,2026-04-02,4,3,NK,4,421,1,clear,False,0.1,3,0,0,18.8,6.9,2,5,13.5
14588,Superfast,2026-04-02,4,3,IGP,5,472,2,clear,False,0.53,0,0,0,32.3,13.5,2,4,15.3
14588,Superfast,2026-04-02,4,3,KYN,6,555,3,clear,False,0.22,0,1,0,47.6,15.3,2,3,25.9
14588,Superfast,2026-04-02,4,3,TNA,7,575,3,clear,False,0.25,1,1,0,73.5,25.9,2,2,28.3
14588,Superfast,2026-04-02,4,3,DR,8,600,3,clear,False,0.62,1,1,0,101.8,28.3,2,1,30.2
14588,Superfast,2026-04-02,4,3,CSMT,9,609,3,clear,False,0.64,1,1,0,132.0,30.2,0,0,35.7
19802,Mail,2026-04-02,4,3,CSMT,0,0,9,clear,False,0.0,2,0,3,0.0,0.0,0,5,3.2
19802,Mail,2026-04-02,4,3,DR,1,9,9,clear,False,0.22,2,0,3,3.2,3.2,6,4,12.5
19802,Mail,2026-04-02,4,3,TNA,2,34,9,clear,False,0.83,0,0,0,15.7,12.5,6,3,19.2
19802,Mail,2026-04-02,4,3,PNVL,3,69,9,clear,False,0.4,3,1,2,34.9,19.2,6,2,37.4
19802,Mail,2026-04-02,4,3,RN,4,307,12,clear,False,0.65,1,1,0,72.3,37.4,6,1,43.7
19802,Mail,2026-04-02,4,3,SWV,5,495,15,clear,False,0.25,0,1,0,116.0,43.7,0,0,47.7
15319,Vande Bharat,2026-04-02,4,3,SWV,0,0,9,clear,False,0.0,1,0,0,0.0,0.0,0,5,0.0
15319,Vande Bharat,2026-04-02,4,3,RN,1,188,11,clear,False,0.56,1,1,0,0.0,0.0,2,4,10.8
15319,Vande Bharat,2026-04-02,4,3,PNVL,2,426,14,clear,False,0.58,0,0,0,10.8,10.8,2,3,13.1
15319,Vande Bharat,2026-04-02,4,3,TNA,3,461,15,clear,False,0.59,3,0,0,23.9,13.1,2,2,18.6
15319,Vande Bharat,2026-04-02,4,3,DR,4,486,15,clear,False,0.15,0,1,0,42.5,18.6,2,1,22.7
15319,Vande Bharat,2026-04-02,4,3,CSMT,5,495,15,clear,False,0.26,3,1,0,65.2,22.7,0,0,34.5
18544,Intercity,2026-04-02,4,3,PUNE,0,0,22,clear,False,0.0,0,0,0,0.0,0.0,0,7,0.0
18544,Intercity,2026-04-02,4,3,DD,1,76,23,clear,False,0.4,0,0,0,0.0,0.0,4,6,1.3
18544,Intercity,2026-04-02,4,3,MMR,2,69,23,clear,False,0.26,2,0,0,1.3,1.3,4,5,5.8
18544,Intercity,2026-04-02,4,3,BSL,3,252,1,clear,False,0.64,1,0,0,7.1,5.8,4,4,6.7
18544,Intercity,2026-04-02,4,3,AK,4,391,3,clear,False,0.2,2,0,0,13.8,6.7,4,3,6.4
18544,Intercity,2026-04-02,4,3,BD,5,470,4,clear,False,0.51,4,0,0,20.2,6.4,4,2,17.3
18544,Intercity,2026-04-02,4,3,WR,6,565,5,clear,False,0.57,1,1,0,37.5,17.3,4,1,22.7
18544,Intercity,2026-04-02,4,3,NGP,7,645,6,clear,False,0.23,2,1,0,60.2,22.7,0,0,26.0
21604,Express,2026-04-02,4,3,NGP,0,0,15,clear,False,0.0,0,0,0,0.0,0.0,0,7,0.0
21604,Express,2026-04-02,4,3,WR,1,80,16,clear,False,0.38,1,0,0,0.0,0.0,4,6,0.6
21604,Express,2026-04-02,4,3,BD,2,175,18,clear,False,0.56,0,0,0,0.6,0.6,4,5,3.8
21604,Express,2026-04-02,4,3,AK,3,254,19,clear,False,0.94,1,0,0,4.4,3.8,4,4,11.6
21604,Express,2026-04-02,4,3,BSL,4,393,20,clear,False,0.47,2,0,1,16.0,11.6,4,3,14.7
21604,Express,2026-04-02,4,3,MMR,5,576,23,clear,False,0.11,3,0,0,30.7,14.7,4,2,20.0
21604,Express,2026-04-02,4,3,DD,6,569,22,clear,False,0.45,2,1,0,50.7,20.0,4,1,25.4
21604,Express,2026-04-02,4,3,PUNE,7,645,23,clear,False,0.26,1,1,0,76.1,25.4,0,0,29.8
19745,Vande Bharat,2026-04-02,4,3,NGP,0,0,18,clear,False,0.0,1,0,0,0.0,0.0,0,9,14.1
19745,Vande Bharat,2026-04-02,4,3,WR,1,80,19,clear,False,0.33,1,0,0,14.1,14.1,2,8,14.9
19745,Vande Bharat,2026-04-02,4,3,BD,2,175,20,clear,False,0.76,1,0,0,29.0,14.9,2,7,20.8
19745,Vande Bharat,2026-04-02,4,3,AK,3,254,21,clear,False,0.77,3,1,1,49.8,20.8,2,6,45.0
19745,Vande Bharat,2026-04-02,4,3,BSL,4,393,23,clear,False,0.15,1,1,0,94.8,45.0,2,5,45.5
19745,Vande Bharat,2026-04-02,4,3,MMR,5,576,1,clear,False,0.4,0,1,0,140.3,45.5,2,4,45.6
19745,Vande Bharat,2026-04-02,4,3,DD,6,569,1,clear,False,0.53,2,1,1,185.9,45.6,2,3,50.5
19745,Vande Bharat,2026-04-02,4,3,PUNE,7,645,2,clear,False,0.69,4,1,0,236.4,50.5,2,2,51.6
19745,Vande Bharat,2026-04-02,4,3,MRJ,8,366,22,clear,False,0.11,4,1,1,288.0,51.6,2,1,62.6
19745,Vande Bharat,2026-04-02,4,3,KOP,9,319,22,clear,False,0.66,1,1,0,350.6,62.6,0,0,61.3
15271,Superfast,2026-04-02,4,3,KOP,0,0,22,clear,False,0.0,0,0,0,0.0,0.0,0,9,32.0
15271,Superfast,2026-04-02,4,3,MRJ,1,47,22,clear,False,0.15,2,1,1,32.0,32.0,2,8,40.7
15271,Superfast,2026-04-02,4,3,PUNE,2,326,2,clear,False,0.17,1,1,0,72.7,40.7,2,7,42.8
15271,Superfast,2026-04-02,4,3,DD,3,250,1,clear,False,0.7,4,1,2,115.5,42.8,2,6,57.8
15271,Superfast,2026-04-02,4,3,MMR,4,257,1,clear,False,0.61,2,1,1,173.3,57.8,2,5,59.4
15271,Superfast,2026-04-02,4,3,BSL,5,74,23,clear,False,0.33,2,1,1,232.7,59.4,2,4,64.1
15271,Superfast,2026-04-02,4,3,AK,6,65,22,clear,False,0.14,1,1,0,296.8,64.1,2,3,64.8
15271,Superfast,2026-04-02,4,3,BD,7,144,23,clear,False,0.55,2,1,1,361.6,64.8,2,2,67.3
15271,Superfast,2026-04-02,4,3,WR,8,239,1,clear,False,0.61,3,1,0,428.9,67.3,2,1,67.7
15271,Superfast,2026-04-02,4,3,NGP,9,319,2,clear,False,0.02,0,1,0,496.6,67.7,0,0,63.1
15437,Intercity,2026-07-19,7,2,CSMT,0,0,12,clear,True,0.0,1,0,0,0.0,0.0,0,10,0.0
15437,Intercity,2026-07-19,7,2,DR,1,9,12,clear,True,0.19,0,1,0,0.0,0.0,4,9,4.5
15437,Intercity,2026-07-19,7,2,TNA,2,34,12,clear,True,0.34,1,1,0,4.5,4.5,4,8,10.0
15437,Intercity,2026-07-19,7,2,KYN,3,54,12,clear,True,0.37,1,0,0,14.5,10.0,4,7,11.7
15437,Intercity,2026-07-19,7,2,KJT,4,100,13,clear,True,0.4,1,0,0,26.2,11.7,4,6,22.9
15437,Intercity,2026-07-19,7,2,LNL,5,128,13,clear,True,0.29,1,1,0,49.1,22.9,4,5,36.4
15437,Intercity,2026-07-19,7,2,SVJR,6,190,14,clear,True,0.25,3,1,0,85.5,36.4,4,4,47.4
15437,Intercity,2026-07-19,7,2,PUNE,7,192,14,clear,True,0.55,0,1,0,132.9,47.4,4,3,46.6
15437,Intercity,2026-07-19,7,2,DD,8,268,15,clear,True,0.27,2,1,0,179.5,46.6,4,2,50.1
15437,Intercity,2026-07-19,7,2,KWV,9,377,16,clear,True,0.22,3,1,0,229.6,50.1,4,1,59.1
15437,Intercity,2026-07-19,7,2,SUR,10,455,17,clear,True,0.83,2,1,2,288.7,59.1,0,0,73.0
11221,Superfast,2026-07-19,7,2,SUR,0,0,13,clear,True,0.0,0,0,0,0.0,0.0,0,10,0.0
11221,Superfast,2026-07-19,7,2,KWV,1,78,14,clear,True,0.25,4,0,0,0.0,0.0,2,9,8.0
11221,Superfast,2026-07-19,7,2,DD,2,187,15,clear,True,0.56,3,0,3,8.0,8.0,2,8,20.0
11221,Superfast,2026-07-19,7,2,PUNE,3,263,16,clear,True,0.38,4,1,0,28.0,20.0,2,7,30.5
11221,Superfast,2026-07-19,7,2,SVJR,4,265,16,clear,True,0.37,0,1,0,58.5,30.5,2,6,34.3
11221,Superfast,2026-07-19,7,2,LNL,5,327,17,clear,True,0.39,3,1,0,92.8,34.3,2,5,54.3
11221,Superfast,2026-07-19,7,2,KJT,6,355,17,clear,True,0.56,1,1,0,147.1,54.3,2,4,67.9
11221,Superfast,2026-07-19,7,2,KYN,7,401,18,clear,True,0.92,2,1,0,215.0,67.9,2,3,71.0
11221,Superfast,2026-07-19,7,2,TNA,8,421,18,clear,True,0.59,0,1,0,286.0,71.0,2,2,73.7
11221,Superfast,2026-07-19,7,2,DR,9,446,18,clear,True,0.71,0,1,0,359.7,73.7,2,1,83.1
11221,Superfast,2026-07-19,7,2,CSMT,10,455,18,clear,True,0.23,2,1,0,442.8,83.1,0,0,80.9
19121,Vande Bharat,2026-07-19,7,2,CSMT,0,0,21,clear,True,0.0,3,1,0,0.0,0.0,0,8,0.0
19121,Vande Bharat,2026-07-19,7,2,DR,1,9,22,clear,True,0.42,1,1,0,0.0,0.0,2,7,7.2
19121,Vande Bharat,2026-07-19,7,2,TNA,2,34,22,clear,True,0.22,3,0,0,7.2,7.2,2,6,11.8
19121,Vande Bharat,2026-07-19,7,2,KYN,3,54,22,clear,True,0.42,1,0,0,19.0,11.8,2,5,10.8
19121,Vande Bharat,2026-07-19,7,2,LNL,4,128,23,clear,True,0.23,1,0,0,29.8,10.8,2,4,18.7
19121,Vande Bharat,2026-07-19,7,2,PUNE,5,192,0,clear,True,0.23,1,1,0,48.5,18.7,2,3,24.3
19121,Vande Bharat,2026-07-19,7,2,MRJ,6,471,3,clear,True,0.23,2,1,1,72.8,24.3,2,2,31.5
19121,Vande Bharat,2026-07-19,7,2,SLI,7,478,3,clear,True,0.34,2,1,0,104.3,31.5,2,1,33.2
19121,Vande Bharat,2026-07-19,7,2,KOP,8,518,4,clear,True,0.26,1,1,0,137.5,33.2,0,0,39.8
21618,Superfast,2026-07-19,7,2,KOP,0,0,21,clear,True,0.0,2,0,0,0.0,0.0,0,8,0.0
21618,Superfast,2026-07-19,7,2,SLI,1,40,22,clear,True,0.25,0,0,0,0.0,0.0,2,7,3.8
21618,Superfast,2026-07-19,7,2,MRJ,2,47,22,clear,True,0.31,1,1,0,3.8,3.8,2,6,13.6
21618,Superfast,2026-07-19,7,2,PUNE,3,326,1,clear,True,0.69,1,0,0,17.4,13.6,2,5,13.6
21618,Superfast,2026-07-19,7,2,LNL,4,390,2,clear,True,0.2,1,1,0,31.0,13.6,2,4,30.7
21618,Superfast,2026-07-19,7,2,KYN,5,464,3,clear,True,0.48,0,1,0,61.7,30.7,2,3,31.6
21618,Superfast,2026-07-19,7,2,TNA,6,484,3,clear,True,0.27,0,1,0,93.3,31.6,2,2,40.3
21618,Superfast,2026-07-19,7,2,DR,7,509,4,clear,True,0.33,3,1,0,133.6,40.3,2,1,43.2
21618,Superfast,2026-07-19,7,2,CSMT,8,518,4,clear,True,0.2,0,1,0,176.8,43.2,0,0,46.4
12030,Mail,2026-07-19,7,2,CSMT,0,0,5,clear,True,0.0,1,0,0,0.0,0.0,0,15,0.0
12030,Mail,2026-07-19,7,2,DR,1,9,5,clear,True,0.5,0,0,0,0.0,0.0,6,14,2.5
12030,Mail,2026-07-19,7,2,TNA,2,34,5,clear,True,0.39,1,0,0,2.5,2.5,6,13,3.6
12030,Mail,2026-07-19,7,2,KYN,3,54,6,clear,True,0.6,2,1,0,6.1,3.6,6,12,13.2
12030,Mail,2026-07-19,7,2,IGP,4,137,7,clear,True,0.18,1,0,0,19.3,13.2,6,11,23.7
12030,Mail,2026-07-19,7,2,NK,5,188,7,clear,True,0.5,0,1,0,43.0,23.7,6,10,31.9
12030,Mail,2026-07-19,7,2,MMR,6,261,8,clear,True,0.34,1,1,0,74.9,31.9,6,9,36.3
12030,Mail,2026-07-19,7,2,CSN,7,328,9,clear,True,0.39,1,1,0,111.2,36.3,6,8,41.4
12030,Mail,2026-07-19,7,2,JL,8,420,10,clear,True,0.78,2,1,0,152.6,41.4,6,7,51.3
12030,Mail,2026-07-19,7,2,BSL,9,444,10,clear,True,0.52,2,1,0,203.9,51.3,6,6,54.5
12030,Mail,2026-07-19,7,2,MKU,10,494,11,clear,True,1.0,0,1,0,258.4,54.5,6,5,63.9
12030,Mail,2026-07-19,7,2,AK,11,583,12,clear,True,0.2,0,1,0,322.3,63.9,6,4,65.9
12030,Mail,2026-07-19,7,2,BD,12,662,13,clear,True,0.23,1,1,0,388.2,65.9,6,3,66.8
12030,Mail,2026-07-19,7,2,WR,13,757,14,clear,True,0.38,1,1,0,455.0,66.8,6,2,63.6
12030,Mail,2026-07-19,7,2,NGP,14,837,15,clear,True,0.22,3,1,1,518.6,63.6,6,1,75.3
12030,Mail,2026-07-19,7,2,G,15,967,17,clear,True,0.24,1,1,0,593.9,75.3,0,0,77.1
15032,Intercity,2026-07-19,7,2,G,0,0,11,clear,True,0.0,4,0,2,0.0,0.0,0,15,0.0
15032,Intercity,2026-07-19,7,2,NGP,1,130,12,clear,True,0.41,0,0,0,0.0,0.0,4,14,3.5
15032,Intercity,2026-07-19,7,2,WR,2,210,13,clear,True,0.29,0,0,0,3.5,3.5,4,13,4.3
15032,Intercity,2026-07-19,7,2,BD,3,305,15,clear,True,0.15,2,0,1,7.8,4.3,4,12,11.3
15032,Intercity,2026-07-19,7,2,AK,4,384,15,clear,True,0.57,0,0,0,19.1,11.3,4,11,11.8
15032,Intercity,2026-07-19,7,2,MKU,5,473,17,clear,True,0.82,1,1,0,30.9,11.8,4,10,22.1
15032,Intercity,2026-07-19,7,2,BSL,6,523,17,clear,True,0.25,1,1,0,53.0,22.1,4,9,28.9
15032,Intercity,2026-07-19,7,2,JL,7,547,18,clear,True,0.37,2,1,1,81.9,28.9,4,8,36.0
15032,Intercity,2026-07-19,7,2,CSN,8,639,19,clear,True,0.21,2,1,0,117.9,36.0,4,7,46.5
15032,Intercity,2026-07-19,7,2,MMR,9,706,20,clear,True,0.37,1,1,0,164.4,46.5,4,6,53.8
15032,Intercity,2026-07-19,7,2,NK,10,779,20,clear,True,0.6,4,1,0,218.2,53.8,4,5,61.0
15032,Intercity,2026-07-19,7,2,IGP,11,830,21,clear,True,0.73,0,1,0,279.2,61.0,4,4,76.7
15032,Intercity,2026-07-19,7,2,KYN,12,913,22,clear,True,0.37,0,1,0,355.9,76.7,4,3,73.3
15032,Intercity,2026-07-19,7,2,TNA,13,933,22,clear,True,0.32,1,1,0,429.2,73.3,4,2,74.1
15032,Intercity,2026-07-19,7,2,DR,14,958,23,clear,True,0.29,0,1,0,503.3,74.1,4,1,74.6
15032,Intercity,2026-07-19,7,2,CSMT,15,967,23,clear,True,0.22,0,1,0,577.9,74.6,0,0,69.9
11632,Intercity,2026-07-19,7,2,CSMT,0,0,6,clear,True,0.0,0,1,0,0.0,0.0,0,9,0.0
11632,Intercity,2026-07-19,7,2,DR,1,9,6,clear,True,0.48,4,0,0,0.0,0.0,4,8,7.2
11632,Intercity,2026-07-19,7,2,TNA,2,34,7,clear,True,0.21,4,0,1,7.2,7.2,4,7,17.6
11632,Intercity,2026-07-19,7,2,KYN,3,54,7,clear,True,0.26,0,1,0,24.8,17.6,4,6,22.7
11632,Intercity,2026-07-19,7,2,IGP,4,137,8,clear,True,0.8,3,1,1,47.5,22.7,4,5,44.2
11632,Intercity,2026-07-19,7,2,NK,5,188,9,clear,True,0.8,1,1,0,91.7,44.2,4,4,52.7
11632,Intercity,2026-07-19,7,2,MMR,6,261,10,clear,True,0.5,1,1,0,144.4,52.7,4,3,54.7
11632,Intercity,2026-07-19,7,2,AWB,7,375,11,clear,True,0.68,2,1,0,199.1,54.7,4,2,66.9
11632,Intercity,2026-07-19,7,2,J,8,438,12,clear,True,0.36,2,1,0,266.0,66.9,4,1,69.1
11632,Intercity,2026-07-19,7,2,NED,9,609,14,clear,True,0.51,4,1,1,335.1,69.1,0,0,75.6
13320,Superfast,2026-07-19,7,2,NED,0,0,22,clear,True,0.0,1,0,0,0.0,0.0,0,9,0.0
13320,Superfast,2026-07-19,7,2,J,1,171,0,clear,True,0.12,1,0,0,0.0,0.0,2,8,2.9
13320,Superfast,2026-07-19,7,2,AWB,2,234,1,clear,True,0.34,1,0,0,2.9,2.9,2,7,6.6
13320,Superfast,2026-07-19,7,2,MMR,3,348,2,clear,True,0.29,3,0,1,9.5,6.6,2,6,12.3
13320,Superfast,2026-07-19,7,2,NK,4,421,3,clear,True,0.4,2,0,2,21.8,12.3,2,5,20.9
13320,Superfast,2026-07-19,7,2,IGP,5,472,4,clear,True,0.48,0,1,0,42.7,20.9,2,4,34.3
13320,Superfast,2026-07-19,7,2,KYN,6,555,5,clear,True,0.41,1,1,0,77.0,34.3,2,3,39.3
13320,Superfast,2026-07-19,7,2,TNA,7,575,5,clear,True,0.22,2,1,3,116.3,39.3,2,2,48.3
13320,Superfast,2026-07-19,7,2,DR,8,600,5,clear,True,0.17,0,1,0,164.6,48.3,2,1,50.9
13320,Superfast,2026-07-19,7,2,CSMT,9,609,5,clear,True,0.65,3,1,2,215.5,50.9,0,0,64.7
15008,Intercity,2026-07-19,7,2,CSMT,0,0,6,clear,True,0.0,1,0,0,0.0,0.0,0,5,0.0
15008,Intercity,2026-07-19,7,2,DR,1,9,6,clear,True,0.21,1,1,0,0.0,0.0,4,4,8.0
15008,Intercity,2026-07-19,7,2,TNA,2,34,6,clear,True,0.35,0,0,0,8.0,8.0,4,3,13.4
15008,Intercity,2026-07-19,7,2,PNVL,3,69,7,clear,True,0.86,1,0,0,21.4,13.4,4,2,19.6
15008,Intercity,2026-07-19,7,2,RN,4,307,10,clear,True,0.48,3,1,1,41.0,19.6,4,1,36.8
15008,Intercity,2026-07-19,7,2,SWV,5,495,12,clear,True,0.42,1,1,0,77.8,36.8,0,0,38.4
14600,Vande Bharat,2026-07-19,7,2,SWV,0,0,18,clear,True,0.0,2,0,0,0.0,0.0,0,5,0.0
14600,Vande Bharat,2026-07-19,7,2,RN,1,188,21,clear,True,0.22,1,0,0,0.0,0.0,2,4,6.2
14600,Vande Bharat,2026-07-19,7,2,PNVL,2,426,0,clear,True,0.47,2,0,0,6.2,6.2,2,3,9.1
14600,Vande Bharat,2026-07-19,7,2,TNA,3,461,0,clear,True,0.6,1,0,0,15.3,9.1,2,2,9.7
14600,Vande Bharat,2026-07-19,7,2,DR,4,486,1,clear,True,0.31,1,0,0,25.0,9.7,2,1,9.3
14600,Vande Bharat,2026-07-19,7,2,CSMT,5,495,1,clear,True,0.17,0,1,0,34.3,9.3,0,0,16.2
17034,Vande Bharat,2026-07-19,7,2,PUNE,0,0,6,clear,True,0.0,1,1,0,0.0,0.0,0,7,0.0
17034,Vande Bharat,2026-07-19,7,2,DD,1,76,7,clear,True,0.08,2,0,0,0.0,0.0,2,6,1.5
17034,Vande Bharat,2026-07-19,7,2,MMR,2,69,7,clear,True,0.45,1,0,0,1.5,1.5,2,5,3.8
17034,Vande Bharat,2026-07-19,7,2,BSL,3,252,9,clear,True,1.0,1,0,0,5.3,3.8,2,4,7.6
17034,Vande Bharat,2026-07-19,7,2,AK,4,391,11,clear,True,0.54,4,0,0,12.9,7.6,2,3,14.5
17034,Vande Bharat,2026-07-19,7,2,BD,5,470,12,clear,True,0.14,1,0,0,27.4,14.5,2,2,13.4
17034,Vande Bharat,2026-07-19,7,2,WR,6,565,13,clear,True,0.35,0,0,0,40.8,13.4,2,1,12.7
17034,Vande Bharat,2026-07-19,7,2,NGP,7,645,14,clear,True,0.27,2,1,0,53.5,12.7,0,0,18.4
21922,Superfast,2026-07-19,7,2,NGP,0,0,5,clear,True,0.0,2,1,1,0.0,0.0,0,7,14.1
21922,Superfast,2026-07-19,7,2,WR,1,80,6,clear,True,0.22,1,0,0,14.1,14.1,2,6,14.1
21922,Superfast,2026-07-19,7,2,BD,2,175,7,clear,True,0.56,1,0,0,28.2,14.1,2,5,15.9
21922,Superfast,2026-07-19,7,2,AK,3,254,8,clear,True,1.0,1,1,0,44.1,15.9,2,4,34.7
21922,Superfast,2026-07-19,7,2,BSL,4,393,10,clear,True,0.96,1,1,0,78.8,34.7,2,3,46.3
21922,Superfast,2026-07-19,7,2,MMR,5,576,12,clear,True,0.12,1,1,0,125.1,46.3,2,2,46.7
21922,Superfast,2026-07-19,7,2,DD,6,569,12,clear,True,0.26,1,1,0,171.8,46.7,2,1,51.0
21922,Superfast,2026-07-19,7,2,PUNE,7,645,13,clear,True,0.57,0,1,0,222.8,51.0,0,0,52.8
18927,Intercity,2026-07-19,7,2,NGP,0,0,9,clear,True,0.0,4,1,0,0.0,0.0,0,9,0.0
18927,Intercity,2026-07-19,7,2,WR,1,80,10,clear,True,0.19,2,0,0,0.0,0.0,4,8,5.9
18927,Intercity,2026-07-19,7,2,BD,2,175,11,clear,True,0.9,1,0,0,5.9,5.9,4,7,13.2
18927,Intercity,2026-07-19,7,2,AK,3,254,12,clear,True,0.52,1,0,0,19.1,13.2,4,6,12.6
18927,Intercity,2026-07-19,7,2,BSL,4,393,14,clear,True,0.32,1,0,0,31.7,12.6,4,5,11.6
18927,Intercity,2026-07-19,7,2,MMR,5,576,16,clear,True,0.46,1,1,0,43.3,11.6,4,4,19.3
18927,Intercity,2026-07-19,7,2,DD,6,569,16,clear,True,0.42,1,1,0,62.6,19.3,4,3,27.0
18927,Intercity,2026-07-19,7,2,PUNE,7,645,17,clear,True,0.36,3,1,0,89.6,27.0,4,2,36.0
18927,Intercity,2026-07-19,7,2,MRJ,8,366,13,clear,True,0.53,1,1,0,125.6,36.0,4,1,39.7
18927,Intercity,2026-07-19,7,2,KOP,9,319,13,clear,True,0.26,1,1,0,165.3,39.7,0,0,42.5
19396,Vande Bharat,2026-07-19,7,2,KOP,0,0,17,clear,True,0.0,1,1,0,0.0,0.0,0,9,5.9
19396,Vande Bharat,2026-07-19,7,2,MRJ,1,47,17,clear,True,0.22,0,1,0,5.9,5.9,2,8,17.3
19396,Vande Bharat,2026-07-19,7,2,PUNE,2,326,21,clear,True,0.73,0,1,0,23.2,17.3,2,7,29.5
19396,Vande Bharat,2026-07-19,7,2,DD,3,250,20,clear,True,0.68,2,1,0,52.7,29.5,2,6,41.2
19396,Vande Bharat,2026-07-19,7,2,MMR,4,257,20,clear,True,0.85,4,1,0,93.9,41.2,2,5,53.8
19396,Vande Bharat,2026-07-19,7,2,BSL,5,74,18,clear,True,0.22,3,1,1,147.7,53.8,2,4,65.3
19396,Vande Bharat,2026-07-19,7,2,AK,6,65,17,clear,True,0.89,0,1,0,213.0,65.3,2,3,70.8
19396,Vande Bharat,2026-07-19,7,2,BD,7,144,18,clear,True,0.17,1,1,0,283.8,70.8,2,2,74.3
19396,Vande Bharat,2026-07-19,7,2,WR,8,239,20,clear,True,0.58,1,1,0,358.1,74.3,2,1,74.3
19396,Vande Bharat,2026-07-19,7,2,NGP,9,319,21,clear,True,0.51,1,1,0,432.4,74.3,0,0,79.4
16071,Intercity,2026-10-19,10,3,CSMT,0,0,20,clear,False,0.0,2,0,0,0.0,0.0,0,10,0.0
16071,Intercity,2026-10-19,10,3,DR,1,9,21,clear,False,0.6,0,0,0,0.0,0.0,4,9,4.3
16071,Intercity,2026-10-19,10,3,TNA,2,34,21,clear,False,0.99,0,0,0,4.3,4.3,4,8,12.3
16071,Intercity,2026-10-19,10,3,KYN,3,54,21,clear,False,0.73,1,0,0,16.6,12.3,4,7,20.6
16071,Intercity,2026-10-19,10,3,KJT,4,100,22,clear,False,0.58,1,1,0,37.2,20.6,4,6,29.8
16071,Intercity,2026-10-19,10,3,LNL,5,128,22,clear,False,0.34,2,1,0,67.0,29.8,4,5,32.4
16071,Intercity,2026-10-19,10,3,SVJR,6,190,23,clear,False,0.28,1,1,0,99.4,32.4,4,4,33.5
16071,Intercity,2026-10-19,10,3,PUNE,7,192,23,clear,False,0.49,1,1,0,132.9,33.5,4,3,39.7
16071,Intercity,2026-10-19,10,3,DD,8,268,0,clear,False,0.19,1,1,0,172.6,39.7,4,2,45.7
16071,Intercity,2026-10-19,10,3,KWV,9,377,1,clear,False,0.64,0,1,0,218.3,45.7,4,1,47.8
16071,Intercity,2026-10-19,10,3,SUR,10,455,2,clear,False,0.47,0,1,0,266.1,47.8,0,0,54.2
20724,Express,2026-10-19,10,3,SUR,0,0,13,clear,False,0.0,1,1,0,0.0,0.0,0,10,6.3
20724,Express,2026-10-19,10,3,KWV,1,78,14,clear,False,0.4,1,1,0,6.3,6.3,4,9,12.8
20724,Express,2026-10-19,10,3,DD,2,187,15,clear,False,0.17,1,0,0,19.1,12.8,4,8,12.0
20724,Express,2026-10-19,10,3,PUNE,3,263,16,clear,False,0.75,3,0,2,31.1,12.0,4,7,22.0
20724,Express,2026-10-19,10,3,SVJR,4,265,16,clear,False,0.5,1,1,0,53.1,22.0,4,6,27.2
20724,Express,2026-10-19,10,3,LNL,5,327,17,clear,False,0.4,1,1,0,80.3,27.2,4,5,37.5
20724,Express,2026-10-19,10,3,KJT,6,355,17,clear,False,0.57,1,1,0,117.8,37.5,4,4,69.6
20724,Express,2026-10-19,10,3,KYN,7,401,18,clear,False,1.0,1,1,0,187.4,69.6,4,3,73.9
20724,Express,2026-10-19,10,3,TNA,8,421,18,clear,False,0.8,1,1,0,261.3,73.9,4,2,75.8
20724,Express,2026-10-19,10,3,DR,9,446,18,clear,False,0.58,1,1,0,337.1,75.8,4,1,77.0
20724,Express,2026-10-19,10,3,CSMT,10,455,19,clear,False,0.76,3,1,0,414.1,77.0,0,0,83.1
12195,Express,2026-10-19,10,3,CSMT,0,0,19,clear,False,0.0,0,0,0,0.0,0.0,0,8,0.0
12195,Express,2026-10-19,10,3,DR,1,9,19,clear,False,0.76,0,0,0,0.0,0.0,4,7,8.8
12195,Express,2026-10-19,10,3,TNA,2,34,19,clear,False,0.72,2,0,0,8.8,8.8,4,6,20.0
12195,Express,2026-10-19,10,3,KYN,3,54,19,clear,False,0.38,1,1,0,28.8,20.0,4,5,28.7
12195,Express,2026-10-19,10,3,LNL,4,128,20,clear,False,0.22,1,1,0,57.5,28.7,4,4,34.5
12195,Express,2026-10-19,10,3,PUNE,5,192,21,clear,False,0.71,1,1,0,92.0,34.5,4,3,44.3
12195,Express,2026-10-19,10,3,MRJ,6,471,1,clear,False,0.53,2,1,1,136.3,44.3,4,2,51.2
12195,Express,2026-10-19,10,3,SLI,7,478,1,clear,False,0.55,0,1,0,187.5,51.2,4,1,51.7
12195,Express,2026-10-19,10,3,KOP,8,518,1,clear,False,0.49,1,1,0,239.2,51.7,0,0,55.6
20919,Superfast,2026-10-19,10,3,KOP,0,0,18,clear,False,0.0,0,0,0,0.0,0.0,0,8,0.0
20919,Superfast,2026-10-19,10,3,SLI,1,40,18,clear,False,0.29,1,0,0,0.0,0.0,2,7,3.7
20919,Superfast,2026-10-19,10,3,MRJ,2,47,18,clear,False,0.27,1,0,0,3.7,3.7,2,6,6.9
20919,Superfast,2026-10-19,10,3,PUNE,3,326,22,clear,False,0.23,0,1,0,10.6,6.9,2,5,16.0
20919,Superfast,2026-10-19,10,3,LNL,4,390,22,clear,False,0.11,4,1,1,26.6,16.0,2,4,29.5
20919,Superfast,2026-10-19,10,3,KYN,5,464,23,clear,False,0.43,1,1,0,56.1,29.5,2,3,32.0
20919,Superfast,2026-10-19,10,3,TNA,6,484,0,clear,False,0.14,0,1,0,88.1,32.0,2,2,35.5
20919,Superfast,2026-10-19,10,3,DR,7,509,0,clear,False,0.53,2,1,0,123.6,35.5,2,1,43.0
20919,Superfast,2026-10-19,10,3,CSMT,8,518,0,clear,False,0.38,3,1,0,166.6,43.0,0,0,46.2
17070,Intercity,2026-10-19,10,3,CSMT,0,0,11,clear,False,0.0,0,0,0,0.0,0.0,0,15,12.6
17070,Intercity,2026-10-19,10,3,DR,1,9,11,clear,False,0.37,0,0,0,12.6,12.6,4,14,16.2
17070,Intercity,2026-10-19,10,3,TNA,2,34,11,clear,False,0.6,1,1,0,28.8,16.2,4,13,23.1
17070,Intercity,2026-10-19,10,3,KYN,3,54,11,clear,False,0.6,1,1,0,51.9,23.1,4,12,28.3
17070,Intercity,2026-10-19,10,3,IGP,4,137,12,clear,False,0.39,2,1,0,80.2,28.3,4,11,44.2
17070,Intercity,2026-10-19,10,3,NK,5,188,13,clear,False,0.06,0,1,0,124.4,44.2,4,10,48.9
17070,Intercity,2026-10-19,10,3,MMR,6,261,14,clear,False,0.52,3,1,1,173.3,48.9,4,9,57.4
17070,Intercity,2026-10-19,10,3,CSN,7,328,15,clear,False,0.44,0,1,0,230.7,57.4,4,8,59.5
17070,Intercity,2026-10-19,10,3,JL,8,420,16,clear,False,0.21,1,1,0,290.2,59.5,4,7,60.0
17070,Intercity,2026-10-19,10,3,BSL,9,444,16,clear,False,0.61,1,1,0,350.2,60.0,4,6,58.9
17070,Intercity,2026-10-19,10,3,MKU,10,494,17,clear,False,0.26,1,1,0,409.1,58.9,4,5,64.0
17070,Intercity,2026-10-19,10,3,AK,11,583,18,clear,False,0.64,1,1,0,473.1,64.0,4,4,66.9
17070,Intercity,2026-10-19,10,3,BD,12,662,19,clear,False,0.88,1,1,0,540.0,66.9,4,3,71.0
17070,Intercity,2026-10-19,10,3,WR,13,757,20,clear,False,0.62,3,1,0,611.0,71.0,4,2,79.9
17070,Intercity,2026-10-19,10,3,NGP,14,837,21,clear,False,0.42,1,1,0,690.9,79.9,4,1,79.8
17070,Intercity,2026-10-19,10,3,G,15,967,23,clear,False,0.43,0,1,0,770.7,79.8,0,0,76.7
15888,Mail,2026-10-19,10,3,G,0,0,8,clear,False,0.0,1,0,0,0.0,0.0,0,15,20.0
15888,Mail,2026-10-19,10,3,NGP,1,130,10,clear,False,0.64,3,1,0,20.0,20.0,6,14,32.8
15888,Mail,2026-10-19,10,3,WR,2,210,11,clear,False,0.63,0,1,0,52.8,32.8,6,13,38.7
15888,Mail,2026-10-19,10,3,BD,3,305,12,clear,False,0.62,0,1,0,91.5,38.7,6,12,40.6
15888,Mail,2026-10-19,10,3,AK,4,384,13,clear,False,0.56,3,1,0,132.1,40.6,6,11,46.7
15888,Mail,2026-10-19,10,3,MKU,5,473,14,clear,False,0.66,0,1,0,178.8,46.7,6,10,48.9
15888,Mail,2026-10-19,10,3,BSL,6,523,14,clear,False,0.55,1,1,0,227.7,48.9,6,9,53.6
15888,Mail,2026-10-19,10,3,JL,7,547,15,clear,False,0.42,0,1,0,281.3,53.6,6,8,52.2
15888,Mail,2026-10-19,10,3,CSN,8,639,16,clear,False,0.14,1,1,0,333.5,52.2,6,7,53.9
15888,Mail,2026-10-19,10,3,MMR,9,706,17,clear,False,0.65,2,1,1,387.4,53.9,6,6,60.9
15888,Mail,2026-10-19,10,3,NK,10,779,18,clear,False,0.48,2,1,1,448.3,60.9,6,5,66.3
15888,Mail,2026-10-19,10,3,IGP,11,830,18,clear,False,0.62,1,1,0,514.6,66.3,6,4,67.9
15888,Mail,2026-10-19,10,3,KYN,12,913,19,clear,False,0.71,1,1,0,582.5,67.9,6,3,77.7
15888,Mail,2026-10-19,10,3,TNA,13,933,20,clear,False,0.65,3,1,1,660.2,77.7,6,2,88.4
15888,Mail,2026-10-19,10,3,DR,14,958,20,clear,False,0.22,0,1,0,748.6,88.4,6,1,87.6
15888,Mail,2026-10-19,10,3,CSMT,15,967,20,clear,False,0.54,1,1,0,836.2,87.6,0,0,86.6
13506,Vande Bharat,2026-10-19,10,3,CSMT,0,0,20,clear,False,0.0,1,0,0,0.0,0.0,0,9,0.0
13506,Vande Bharat,2026-10-19,10,3,DR,1,9,21,clear,False,0.16,1,0,0,0.0,0.0,2,8,5.1
13506,Vande Bharat,2026-10-19,10,3,TNA,2,34,21,clear,False,1.0,0,1,0,5.1,5.1,2,7,18.7
13506,Vande Bharat,2026-10-19,10,3,KYN,3,54,21,clear,False,0.51,0,1,0,23.8,18.7,2,6,30.4
13506,Vande Bharat,2026-10-19,10,3,IGP,4,137,22,clear,False,0.31,0,1,0,54.2,30.4,2,5,32.1
13506,Vande Bharat,2026-10-19,10,3,NK,5,188,23,clear,False,0.48,2,1,0,86.3,32.1,2,4,33.2
13506,Vande Bharat,2026-10-19,10,3,MMR,6,261,0,clear,False,0.4,0,1,0,119.5,33.2,2,3,38.9
13506,Vande Bharat,2026-10-19,10,3,AWB,7,375,1,clear,False,0.56,3,1,0,158.4,38.9,2,2,44.7
13506,Vande Bharat,2026-10-19,10,3,J,8,438,2,clear,False,0.33,1,1,0,203.1,44.7,2,1,43.2
13506,Vande Bharat,2026-10-19,10,3,NED,9,609,4,clear,False,0.16,3,1,0,246.3,43.2,0,0,50.7
13186,Superfast,2026-10-19,10,3,NED,0,0,14,clear,False,0.0,2,1,0,0.0,0.0,0,9,0.0
13186,Superfast,2026-10-19,10,3,J,1,171,16,clear,False,0.31,1,1,0,0.0,0.0,2,8,13.1
13186,Superfast,2026-10-19,10,3,AWB,2,234,17,clear,False,0.76,0,1,0,13.1,13.1,2,7,30.1
13186,Superfast,2026-10-19,10,3,MMR,3,348,18,clear,False,0.57,0,1,0,43.2,30.1,2,6,35.8
13186,Superfast,2026-10-19,10,3,NK,4,421,19,clear,False,0.71,1,1,0,79.0,35.8,2,5,46.2
13186,Superfast,2026-10-19,10,3,IGP,5,472,20,clear,False,0.15,2,1,2,125.2,46.2,2,4,56.7
13186,Superfast,2026-10-19,10,3,KYN,6,555,21,clear,False,0.58,2,1,1,181.9,56.7,2,3,61.6
13186,Superfast,2026-10-19,10,3,TNA,7,575,21,clear,False,0.27,1,1,0,243.5,61.6,2,2,65.2
13186,Superfast,2026-10-19,10,3,DR,8,600,21,clear,False,0.46,2,1,0,308.7,65.2,2,1,66.2
13186,Superfast,2026-10-19,10,3,CSMT,9,609,21,clear,False,0.18,2,1,1,374.9,66.2,0,0,75.1
15554,Superfast,2026-10-19,10,3,CSMT,0,0,16,clear,False,0.0,0,0,0,0.0,0.0,0,5,0.0
15554,Superfast,2026-10-19,10,3,DR,1,9,16,clear,False,0.69,2,0,0,0.0,0.0,2,4,4.4
15554,Superfast,2026-10-19,10,3,TNA,2,34,16,clear,False,0.11,1,0,0,4.4,4.4,2,3,5.1
15554,Superfast,2026-10-19,10,3,PNVL,3,69,17,clear,False,0.66,0,0,0,9.5,5.1,2,2,10.6
15554,Superfast,2026-10-19,10,3,RN,4,307,20,clear,False,0.31,4,1,0,20.1,10.6,2,1,26.9
15554,Superfast,2026-10-19,10,3,SWV,5,495,22,clear,False,0.32,1,1,0,47.0,26.9,0,0,29.1
11268,Mail,2026-10-19,10,3,SWV,0,0,6,clear,False,0.0,4,0,0,0.0,0.0,0,5,6.0
11268,Mail,2026-10-19,10,3,RN,1,188,8,clear,False,0.63,1,0,0,6.0,6.0,6,4,10.0
11268,Mail,2026-10-19,10,3,PNVL,2,426,11,clear,False,0.68,3,0,1,16.0,10.0,6,3,19.3
11268,Mail,2026-10-19,10,3,TNA,3,461,12,clear,False,0.42,2,1,1,35.3,19.3,6,2,26.0
11268,Mail,2026-10-19,10,3,DR,4,486,12,clear,False,0.51,4,1,0,61.3,26.0,6,1,37.9
11268,Mail,2026-10-19,10,3,CSMT,5,495,12,clear,False,0.28,1,1,0,99.2,37.9,0,0,45.1
17781,Express,2026-10-19,10,3,PUNE,0,0,6,clear,False,0.0,1,0,0,0.0,0.0,0,7,0.0
17781,Express,2026-10-19,10,3,DD,1,76,7,clear,False,0.63,0,0,0,0.0,0.0,4,6,3.8
17781,Express,2026-10-19,10,3,MMR,2,69,7,clear,False,0.2,1,0,0,3.8,3.8,4,5,3.8
17781,Express,2026-10-19,10,3,BSL,3,252,10,clear,False,0.52,3,1,1,7.6,3.8,4,4,25.7
17781,Express,2026-10-19,10,3,AK,4,391,11,clear,False,0.51,1,1,0,33.3,25.7,4,3,30.4
17781,Express,2026-10-19,10,3,BD,5,470,12,clear,False,0.43,3,1,0,63.7,30.4,4,2,39.0
17781,Express,2026-10-19,10,3,WR,6,565,13,clear,False,0.63,1,1,0,102.7,39.0,4,1,43.2
17781,Express,2026-10-19,10,3,NGP,7,645,14,clear,False,0.34,1,1,0,145.9,43.2,0,0,42.7
17458,Intercity,2026-10-19,10,3,NGP,0,0,18,clear,False,0.0,1,0,0,0.0,0.0,0,7,0.0
17458,Intercity,2026-10-19,10,3,WR,1,80,19,clear,False,0.78,3,0,1,0.0,0.0,4,6,16.8
17458,Intercity,2026-10-19,10,3,BD,2,175,20,clear,False,0.29,1,1,0,16.8,16.8,4,5,25.9
17458,Intercity,2026-10-19,10,3,AK,3,254,21,clear,False,0.55,0,1,0,42.7,25.9,4,4,29.9
17458,Intercity,2026-10-19,10,3,BSL,4,393,23,clear,False,0.28,0,1,0,72.6,29.9,4,3,39.4
17458,Intercity,2026-10-19,10,3,MMR,5,576,1,clear,False,0.15,0,1,0,112.0,39.4,4,2,50.6
17458,Intercity,2026-10-19,10,3,DD,6,569,1,clear,False,0.34,4,1,1,162.6,50.6,4,1,60.2
17458,Intercity,2026-10-19,10,3,PUNE,7,645,2,clear,False,0.23,4,1,1,222.8,60.2,0,0,64.3
11819,Mail,2026-10-19,10,3,NGP,0,0,17,clear,False,0.0,3,0,0,0.0,0.0,0,9,0.0
11819,Mail,2026-10-19,10,3,WR,1,80,18,clear,False,0.39,1,1,0,0.0,0.0,6,8,9.0
11819,Mail,2026-10-19,10,3,BD,2,175,19,clear,False,0.82,1,0,0,9.0,9.0,6,7,15.4
11819,Mail,2026-10-19,10,3,AK,3,254,20,clear,False,0.33,0,1,0,24.4,15.4,6,6,24.1
11819,Mail,2026-10-19,10,3,BSL,4,393,21,clear,False,0.12,4,1,1,48.5,24.1,6,5,37.3
11819,Mail,2026-10-19,10,3,MMR,5,576,0,clear,False,0.37,0,1,0,85.8,37.3,6,4,36.9
11819,Mail,2026-10-19,10,3,DD,6,569,0,clear,False,0.32,3,1,0,122.7,36.9,6,3,48.0
11819,Mail,2026-10-19,10,3,PUNE,7,645,1,clear,False,0.62,0,1,0,170.7,48.0,6,2,46.8
11819,Mail,2026-10-19,10,3,MRJ,8,366,21,clear,False,0.73,1,1,0,217.5,46.8,6,1,58.2
11819,Mail,2026-10-19,10,3,KOP,9,319,21,clear,False,0.32,1,1,0,275.7,58.2,0,0,61.4
13978,Intercity,2026-10-19,10,3,KOP,0,0,7,clear,False,0.0,1,1,0,0.0,0.0,0,9,0.0
13978,Intercity,2026-10-19,10,3,MRJ,1,47,8,clear,False,0.17,1,0,0,0.0,0.0,4,8,6.8
13978,Intercity,2026-10-19,10,3,PUNE,2,326,12,clear,False,0.68,2,0,1,6.8,6.8,4,7,10.4
13978,Intercity,2026-10-19,10,3,DD,3,250,11,clear,False,0.18,2,1,0,17.2,10.4,4,6,19.6
13978,Intercity,2026-10-19,10,3,MMR,4,257,11,clear,False,0.15,2,1,1,36.8,19.6,4,5,27.0
13978,Intercity,2026-10-19,10,3,BSL,5,74,8,clear,False,0.61,0,1,0,63.8,27.0,4,4,37.0
13978,Intercity,2026-10-19,10,3,AK,6,65,8,clear,False,0.1,1,1,0,100.8,37.0,4,3,41.9
13978,Intercity,2026-10-19,10,3,BD,7,144,9,clear,False,0.65,2,1,1,142.7,41.9,4,2,53.6
13978,Intercity,2026-10-19,10,3,WR,8,239,10,clear,False,0.6,1,1,0,196.3,53.6,4,1,57.9
13978,Intercity,2026-10-19,10,3,NGP,9,319,11,clear,False,0.53,3,1,0,254.2,57.9,0,0,65.6
21057,Express,2026-03-28,3,0,CSMT,0,0,17,clear,False,0.0,2,1,1,0.0,0.0,0,10,0.0
21057,Express,2026-03-28,3,0,DR,1,9,17,clear,False,0.32,2,0,0,0.0,0.0,4,9,4.3
21057,Express,2026-03-28,3,0,TNA,2,34,17,clear,False,0.5,2,1,0,4.3,4.3,4,8,12.8
21057,Express,2026-03-28,3,0,KYN,3,54,17,clear,False,0.65,2,1,2,17.1,12.8,4,7,29.3
21057,Express,2026-03-28,3,0,KJT,4,100,18,clear,False,0.69,2,1,0,46.4,29.3,4,6,36.9
21057,Express,2026-03-28,3,0,LNL,5,128,18,clear,False,0.82,1,1,0,83.3,36.9,4,5,44.2
21057,Express,2026-03-28,3,0,SVJR,6,190,19,clear,False,0.5,1,1,0,127.5,44.2,4,4,50.6
21057,Express,2026-03-28,3,0,PUNE,7,192,19,clear,False,0.09,3,1,0,178.1,50.6,4,3,61.6
21057,Express,2026-03-28,3,0,DD,8,268,20,clear,False,0.27,0,1,0,239.7,61.6,4,2,62.9
21057,Express,2026-03-28,3,0,KWV,9,377,22,clear,False,0.2,1,1,0,302.6,62.9,4,1,62.3
21057,Express,2026-03-28,3,0,SUR,10,455,22,clear,False,0.5,1,1,0,364.9,62.3,0,0,61.0
20383,Express,2026-03-28,3,0,SUR,0,0,18,clear,False,0.0,1,1,0,0.0,0.0,0,10,0.0
20383,Express,2026-03-28,3,0,KWV,1,78,19,clear,False,0.49,3,0,0,0.0,0.0,4,9,11.3
20383,Express,2026-03-28,3,0,DD,2,187,20,clear,False,0.21,0,0,0,11.3,11.3,4,8,16.5
20383,Express,2026-03-28,3,0,PUNE,3,263,21,clear,False,0.63,1,1,0,27.8,16.5,4,7,25.7
20383,Express,2026-03-28,3,0,SVJR,4,265,21,clear,False,0.5,1,1,0,53.5,25.7,4,6,31.5
20383,Express,2026-03-28,3,0,LNL,5,327,22,clear,False,0.14,0,1,0,85.0,31.5,4,5,34.2
20383,Express,2026-03-28,3,0,KJT,6,355,22,clear,False,0.09,2,1,0,119.2,34.2,4,4,37.7
20383,Express,2026-03-28,3,0,KYN,7,401,23,clear,False,0.51,1,1,0,156.9,37.7,4,3,40.9
20383,Express,2026-03-28,3,0,TNA,8,421,23,clear,False,0.24,2,1,0,197.8,40.9,4,2,45.4
20383,Express,2026-03-28,3,0,DR,9,446,23,clear,False,0.55,0,1,0,243.2,45.4,4,1,47.0
20383,Express,2026-03-28,3,0,CSMT,10,455,23,clear,False,0.05,1,1,0,290.2,47.0,0,0,52.9
16564,Mail,2026-03-28,3,0,CSMT,0,0,6,clear,False,0.0,0,0,0,0.0,0.0,0,8,0.0
16564,Mail,2026-03-28,3,0,DR,1,9,6,clear,False,0.6,0,0,0,0.0,0.0,6,7,2.8
16564,Mail,2026-03-28,3,0,TNA,2,34,7,clear,False,0.32,1,0,0,2.8,2.8,6,6,7.1
16564,Mail,2026-03-28,3,0,KYN,3,54,7,clear,False,0.41,2,1,1,9.9,7.1,6,5,18.5
16564,Mail,2026-03-28,3,0,LNL,4,128,8,clear,False,0.3,0,1,0,28.4,18.5,6,4,26.8
16564,Mail,2026-03-28,3,0,PUNE,5,192,9,clear,False,0.24,0,1,0,55.2,26.8,6,3,36.2
16564,Mail,2026-03-28,3,0,MRJ,6,471,12,clear,False,0.44,2,1,0,91.4,36.2,6,2,39.8
16564,Mail,2026-03-28,3,0,SLI,7,478,12,clear,False,0.38,2,1,1,131.2,39.8,6,1,46.2
16564,Mail,2026-03-28,3,0,KOP,8,518,13,clear,False,0.25,1,1,0,177.4,46.2,0,0,47.8
17834,Mail,2026-03-28,3,0,KOP,0,0,14,clear,False,0.0,1,1,0,0.0,0.0,0,8,0.0
17834,Mail,2026-03-28,3,0,SLI,1,40,15,clear,False,0.43,0,0,0,0.0,0.0,6,7,1.7
17834,Mail,2026-03-28,3,0,MRJ,2,47,15,clear,False,0.49,1,1,0,1.7,1.7,6,6,9.8
17834,Mail,2026-03-28,3,0,PUNE,3,326,18,clear,False,0.48,1,0,0,11.5,9.8,6,5,17.9
17834,Mail,2026-03-28,3,0,LNL,4,390,19,clear,False,0.36,0,1,0,29.4,17.9,6,4,27.1
17834,Mail,2026-03-28,3,0,KYN,5,464,20,clear,False,0.66,0,1,0,56.5,27.1,6,3,31.2
17834,Mail,2026-03-28,3,0,TNA,6,484,20,clear,False,0.12,0,1,0,87.7,31.2,6,2,38.6
17834,Mail,2026-03-28,3,0,DR,7,509,21,clear,False,0.31,3,1,1,126.3,38.6,6,1,53.9
17834,Mail,2026-03-28,3,0,CSMT,8,518,21,clear,False,0.54,1,1,0,180.2,53.9,0,0,60.4
16362,Mail,2026-03-28,3,0,CSMT,0,0,18,clear,False,0.0,1,0,0,0.0,0.0,0,15,0.0
16362,Mail,2026-03-28,3,0,DR,1,9,19,clear,False,0.7,2,0,0,0.0,0.0,6,14,8.9
16362,Mail,2026-03-28,3,0,TNA,2,34,19,clear,False,0.49,1,1,0,8.9,8.9,6,13,15.3
16362,Mail,2026-03-28,3,0,KYN,3,54,19,clear,False,0.87,1,1,0,24.2,15.3,6,12,29.2
16362,Mail,2026-03-28,3,0,IGP,4,137,20,clear,False,0.85,1,1,0,53.4,29.2,6,11,40.8
16362,Mail,2026-03-28,3,0,NK,5,188,21,clear,False,0.53,1,1,0,94.2,40.8,6,10,46.0
16362,Mail,2026-03-28,3,0,MMR,6,261,22,clear,False,0.61,0,1,0,140.2,46.0,6,9,48.5
16362,Mail,2026-03-28,3,0,CSN,7,328,23,clear,False,0.5,1,1,0,188.7,48.5,6,8,54.7
16362,Mail,2026-03-28,3,0,JL,8,420,0,clear,False,0.28,1,1,0,243.4,54.7,6,7,56.3
16362,Mail,2026-03-28,3,0,BSL,9,444,0,clear,False,0.38,1,1,0,299.7,56.3,6,6,58.4
16362,Mail,2026-03-28,3,0,MKU,10,494,1,clear,False,0.52,0,1,0,358.1,58.4,6,5,59.2
16362,Mail,2026-03-28,3,0,AK,11,583,2,clear,False,0.49,3,1,0,417.3,59.2,6,4,65.4
16362,Mail,2026-03-28,3,0,BD,12,662,3,clear,False,0.6,3,1,0,482.7,65.4,6,3,69.9
16362,Mail,2026-03-28,3,0,WR,13,757,4,clear,False,0.3,3,1,1,552.6,69.9,6,2,78.5
16362,Mail,2026-03-28,3,0,NGP,14,837,5,clear,False,0.21,1,1,0,631.1,78.5,6,1,77.6
16362,Mail,2026-03-28,3,0,G,15,967,7,clear,False,0.22,4,1,1,708.7,77.6,0,0,86.1
21677,Vande Bharat,2026-03-28,3,0,G,0,0,7,clear,False,0.0,0,0,0,0.0,0.0,0,15,6.7
21677,Vande Bharat,2026-03-28,3,0,NGP,1,130,9,clear,False,0.75,3,0,0,6.7,6.7,2,14,20.6
21677,Vande Bharat,2026-03-28,3,0,WR,2,210,10,clear,False,0.65,2,1,0,27.3,20.6,2,13,36.9
21677,Vande Bharat,2026-03-28,3,0,BD,3,305,11,clear,False,0.69,0,1,0,64.2,36.9,2,12,47.0
21677,Vande Bharat,2026-03-28,3,0,AK,4,384,12,clear,False,0.49,2,1,0,111.2,47.0,2,11,49.4
21677,Vande Bharat,2026-03-28,3,0,MKU,5,473,13,clear,False,0.31,1,1,0,160.6,49.4,2,10,48.5
21677,Vande Bharat,2026-03-28,3,0,BSL,6,523,14,clear,False,0.38,0,1,0,209.1,48.5,2,9,52.2
21677,Vande Bharat,2026-03-28,3,0,JL,7,547,14,clear,False,0.62,1,1,0,261.3,52.2,2,8,57.1
21677,Vande Bharat,2026-03-28,3,0,CSN,8,639,15,clear,False,0.09,0,1,0,318.4,57.1,2,7,54.6
21677,Vande Bharat,2026-03-28,3,0,MMR,9,706,16,clear,False,0.1,0,1,0,373.0,54.6,2,6,53.5
21677,Vande Bharat,2026-03-28,3,0,NK,10,779,17,clear,False,0.62,3,1,0,426.5,53.5,2,5,66.4
21677,Vande Bharat,2026-03-28,3,0,IGP,11,830,18,clear,False,0.47,1,1,0,492.9,66.4,2,4,71.5
21677,Vande Bharat,2026-03-28,3,0,KYN,12,913,19,clear,False,0.73,0,1,0,564.4,71.5,2,3,78.6
21677,Vande Bharat,2026-03-28,3,0,TNA,13,933,19,clear,False,0.16,2,1,0,643.0,78.6,2,2,78.1
21677,Vande Bharat,2026-03-28,3,0,DR,14,958,19,clear,False,0.59,1,1,0,721.1,78.1,2,1,83.0
21677,Vande Bharat,2026-03-28,3,0,CSMT,15,967,19,clear,False,0.85,2,1,2,804.1,83.0,0,0,95.7
13905,Superfast,2026-03-28,3,0,CSMT,0,0,20,clear,False,0.0,0,0,0,0.0,0.0,0,9,0.0
13905,Superfast,2026-03-28,3,0,DR,1,9,20,clear,False,0.3,1,0,0,0.0,0.0,2,8,2.7
13905,Superfast,2026-03-28,3,0,TNA,2,34,20,clear,False,0.59,4,1,0,2.7,2.7,2,7,20.6
13905,Superfast,2026-03-28,3,0,KYN,3,54,20,clear,False,0.37,3,1,0,23.3,20.6,2,6,40.5
13905,Superfast,2026-03-28,3,0,IGP,4,137,21,clear,False,0.77,0,1,0,63.8,40.5,2,5,56.7
13905,Superfast,2026-03-28,3,0,NK,5,188,22,clear,False,0.49,1,1,0,120.5,56.7,2,4,55.8
13905,Superfast,2026-03-28,3,0,MMR,6,261,23,clear,False,0.3,2,1,0,176.3,55.8,2,3,60.3
13905,Superfast,2026-03-28,3,0,AWB,7,375,0,clear,False,0.51,0,1,0,236.6,60.3,2,2,59.7
13905,Superfast,2026-03-28,3,0,J,8,438,1,clear,False,0.12,1,1,0,296.3,59.7,2,1,60.4
13905,Superfast,2026-03-28,3,0,NED,9,609,3,clear,False,0.24,0,1,0,356.7,60.4,0,0,63.7
21876,Superfast,2026-03-28,3,0,NED,0,0,14,clear,False,0.0,3,0,0,0.0,0.0,0,9,0.0
21876,Superfast,2026-03-28,3,0,J,1,171,16,clear,False,0.68,2,0,0,0.0,0.0,2,8,2.2
21876,Superfast,2026-03-28,3,0,AWB,2,234,17,clear,False,0.59,3,0,1,2.2,2.2,2,7,9.5
21876,Superfast,2026-03-28,3,0,MMR,3,348,18,clear,False,0.51,3,0,0,11.7,9.5,2,6,13.7
21876,Superfast,2026-03-28,3,0,NK,4,421,19,clear,False,0.29,3,0,1,25.4,13.7,2,5,24.7
21876,Superfast,2026-03-28,3,0,IGP,5,472,20,clear,False,0.51,1,1,0,50.1,24.7,2,4,35.1
21876,Superfast,2026-03-28,3,0,KYN,6,555,21,clear,False,0.89,1,1,0,85.2,35.1,2,3,45.4
21876,Superfast,2026-03-28,3,0,TNA,7,575,21,clear,False,0.43,0,1,0,130.6,45.4,2,2,50.4
21876,Superfast,2026-03-28,3,0,DR,8,600,21,clear,False,0.62,2,1,0,181.0,50.4,2,1,54.3
21876,Superfast,2026-03-28,3,0,CSMT,9,609,21,clear,False,0.95,1,1,0,235.3,54.3,0,0,62.6
12645,Mail,2026-03-28,3,0,CSMT,0,0,20,clear,False,0.0,0,1,0,0.0,0.0,0,5,5.1
12645,Mail,2026-03-28,3,0,DR,1,9,20,clear,False,0.55,1,0,0,5.1,5.1,6,4,9.9
12645,Mail,2026-03-28,3,0,TNA,2,34,20,clear,False,0.8,0,0,0,15.0,9.9,6,3,16.3
12645,Mail,2026-03-28,3,0,PNVL,3,69,21,clear,False,0.83,2,1,0,31.3,16.3,6,2,27.1
12645,Mail,2026-03-28,3,0,RN,4,307,0,clear,False,0.17,1,1,0,58.4,27.1,6,1,38.0
12645,Mail,2026-03-28,3,0,SWV,5,495,2,clear,False,0.27,0,1,0,96.4,38.0,0,0,38.6
21825,Express,2026-03-28,3,0,SWV,0,0,13,clear,False,0.0,0,0,0,0.0,0.0,0,5,0.0
21825,Express,2026-03-28,3,0,RN,1,188,16,clear,False,0.28,2,0,1,0.0,0.0,4,4,3.4
21825,Express,2026-03-28,3,0,PNVL,2,426,19,clear,False,0.35,2,0,1,3.4,3.4,4,3,15.6
21825,Express,2026-03-28,3,0,TNA,3,461,19,clear,False,0.57,1,1,0,19.0,15.6,4,2,23.5
21825,Express,2026-03-28,3,0,DR,4,486,20,clear,False,0.54,2,1,0,42.5,23.5,4,1,28.4
21825,Express,2026-03-28,3,0,CSMT,5,495,20,clear,False,0.63,1,1,0,70.9,28.4,0,0,37.0
13662,Mail,2026-03-28,3,0,PUNE,0,0,11,clear,False,0.0,1,0,0,0.0,0.0,0,7,0.0
13662,Mail,2026-03-28,3,0,DD,1,76,12,clear,False,0.04,2,0,2,0.0,0.0,6,6,8.4
13662,Mail,2026-03-28,3,0,MMR,2,69,12,clear,False,0.57,1,0,0,8.4,8.4,6,5,10.6
13662,Mail,2026-03-28,3,0,BSL,3,252,14,clear,False,0.1,1,0,0,19.0,10.6,6,4,11.8
13662,Mail,2026-03-28,3,0,AK,4,391,16,clear,False,0.35,0,0,0,30.8,11.8,6,3,16.7
13662,Mail,2026-03-28,3,0,BD,5,470,17,clear,False,0.9,1,1,0,47.5,16.7,6,2,31.0
13662,Mail,2026-03-28,3,0,WR,6,565,18,clear,False,0.38,1,1,0,78.5,31.0,6,1,40.9
13662,Mail,2026-03-28,3,0,NGP,7,645,19,clear,False,0.52,1,1,0,119.4,40.9,0,0,52.0
20214,Vande Bharat,2026-03-28,3,0,NGP,0,0,5,clear,False,0.0,1,0,0,0.0,0.0,0,7,0.0
20214,Vande Bharat,2026-03-28,3,0,WR,1,80,6,clear,False,0.33,1,0,0,0.0,0.0,2,6,0.8
20214,Vande Bharat,2026-03-28,3,0,BD,2,175,7,clear,False,0.31,3,0,0,0.8,0.8,2,5,6.7
20214,Vande Bharat,2026-03-28,3,0,AK,3,254,8,clear,False,0.78,4,1,1,7.5,6.7,2,4,27.3
20214,Vande Bharat,2026-03-28,3,0,BSL,4,393,9,clear,False,0.83,1,1,0,34.8,27.3,2,3,41.7
20214,Vande Bharat,2026-03-28,3,0,MMR,5,576,12,clear,False,0.72,1,1,0,76.5,41.7,2,2,51.1
20214,Vande Bharat,2026-03-28,3,0,DD,6,569,12,clear,False,0.37,2,1,1,127.6,51.1,2,1,53.3
20214,Vande Bharat,2026-03-28,3,0,PUNE,7,645,13,clear,False,0.82,0,1,0,180.9,53.3,0,0,62.6
19736,Mail,2026-03-28,3,0,NGP,0,0,6,clear,False,0.0,2,0,0,0.0,0.0,0,9,0.0
19736,Mail,2026-03-28,3,0,WR,1,80,7,clear,False,0.19,2,1,1,0.0,0.0,6,8,11.2
19736,Mail,2026-03-28,3,0,BD,2,175,9,clear,False,0.81,2,0,0,11.2,11.2,6,7,18.8
19736,Mail,2026-03-28,3,0,AK,3,254,10,clear,False,0.22,0,1,0,30.0,18.8,6,6,24.8
19736,Mail,2026-03-28,3,0,BSL,4,393,11,clear,False,0.54,4,1,0,54.8,24.8,6,5,39.0
19736,Mail,2026-03-28,3,0,MMR,5,576,14,clear,False,0.41,1,1,0,93.8,39.0,6,4,40.2
19736,Mail,2026-03-28,3,0,DD,6,569,14,clear,False,0.5,1,1,0,134.0,40.2,6,3,45.5
19736,Mail,2026-03-28,3,0,PUNE,7,645,14,clear,False,0.41,0,1,0,179.5,45.5,6,2,48.9
19736,Mail,2026-03-28,3,0,MRJ,8,366,11,clear,False,0.28,0,1,0,228.4,48.9,6,1,56.3
19736,Mail,2026-03-28,3,0,KOP,9,319,10,clear,False,0.64,1,1,0,284.7,56.3,0,0,60.1
11008,Superfast,2026-03-28,3,0,KOP,0,0,15,clear,False,0.0,1,0,0,0.0,0.0,0,9,0.0
11008,Superfast,2026-03-28,3,0,MRJ,1,47,15,clear,False,0.53,1,0,0,0.0,0.0,2,8,1.9
11008,Superfast,2026-03-28,3,0,PUNE,2,326,19,clear,False,0.41,2,0,1,1.9,1.9,2,7,7.7
11008,Superfast,2026-03-28,3,0,DD,3,250,18,clear,False,0.68,2,0,2,9.6,7.7,2,6,15.5
11008,Superfast,2026-03-28,3,0,MMR,4,257,18,clear,False,0.48,4,1,0,25.1,15.5,2,5,33.5
11008,Superfast,2026-03-28,3,0,BSL,5,74,15,clear,False,0.43,3,1,2,58.6,33.5,2,4,42.2
11008,Superfast,2026-03-28,3,0,AK,6,65,15,clear,False,0.25,1,1,0,100.8,42.2,2,3,42.6
11008,Superfast,2026-03-28,3,0,BD,7,144,16,clear,False,0.39,0,1,0,143.4,42.6,2,2,46.3
11008,Superfast,2026-03-28,3,0,WR,8,239,18,clear,False,0.5,0,1,0,189.7,46.3,2,1,54.4
11008,Superfast,2026-03-28,3,0,NGP,9,319,19,clear,False,0.76,1,1,0,244.1,54.4,0,0,61.7
16830,Mail,2026-02-28,2,4,CSMT,0,0,16,rain,False,0.0,1,1,0,0.0,0.0,0,10,0.0
16830,Mail,2026-02-28,2,4,DR,1,9,16,rain,False,0.33,1,0,0,0.0,0.0,6,9,1.0
16830,Mail,2026-02-28,2,4,TNA,2,34,17,rain,False,0.42,4,0,2,1.0,1.0,6,8,18.0
16830,Mail,2026-02-28,2,4,KYN,3,54,17,rain,False,0.64,1,1,0,19.0,18.0,6,7,29.8
16830,Mail,2026-02-28,2,4,KJT,4,100,17,rain,False,0.62,0,1,0,48.8,29.8,6,6,37.5
16830,Mail,2026-02-28,2,4,LNL,5,128,18,rain,False,0.11,3,1,1,86.3,37.5,6,5,56.0
16830,Mail,2026-02-28,2,4,SVJR,6,190,18,rain,False,0.5,1,1,0,142.3,56.0,6,4,83.6
16830,Mail,2026-02-28,2,4,PUNE,7,192,19,rain,False,0.28,3,1,0,225.9,83.6,6,3,85.6
16830,Mail,2026-02-28,2,4,DD,8,268,19,rain,False,0.92,1,1,0,311.5,85.6,6,2,95.1
16830,Mail,2026-02-28,2,4,KWV,9,377,21,rain,False,0.66,1,1,0,406.6,95.1,6,1,94.0
16830,Mail,2026-02-28,2,4,SUR,10,455,22,rain,False,0.45,0,1,0,500.6,94.0,0,0,92.2
15964,Express,2026-02-28,2,4,SUR,0,0,22,rain,False,0.0,1,0,0,0.0,0.0,0,10,0.0
15964,Express,2026-02-28,2,4,KWV,1,78,23,rain,False,0.28,1,0,0,0.0,0.0,4,9,1.0
15964,Express,2026-02-28,2,4,DD,2,187,0,rain,False,0.11,1,0,0,1.0,1.0,4,8,1.7
15964,Express,2026-02-28,2,4,PUNE,3,263,1,rain,False,0.22,1,0,0,2.7,1.7,4,7,3.5
15964,Express,2026-02-28,2,4,SVJR,4,265,1,rain,False,0.37,0,0,0,6.2,3.5,4,6,4.9
15964,Express,2026-02-28,2,4,LNL,5,327,2,rain,False,0.25,1,0,0,11.1,4.9,4,5,5.6
15964,Express,2026-02-28,2,4,KJT,6,355,2,rain,False,0.57,0,0,0,16.7,5.6,4,4,8.0
15964,Express,2026-02-28,2,4,KYN,7,401,3,rain,False,0.55,1,0,0,24.7,8.0,4,3,9.0
15964,Express,2026-02-28,2,4,TNA,8,421,3,rain,False,0.46,3,1,2,33.7,9.0,4,2,27.6
15964,Express,2026-02-28,2,4,DR,9,446,3,rain,False,0.61,2,1,2,61.3,27.6,4,1,38.5
15964,Express,2026-02-28,2,4,CSMT,10,455,3,rain,False,0.36,0,1,0,99.8,38.5,0,0,38.4
14530,Superfast,2026-02-28,2,4,CSMT,0,0,21,rain,False,0.0,1,0,0,0.0,0.0,0,8,0.0
14530,Superfast,2026-02-28,2,4,DR,1,9,21,rain,False,0.31,1,0,0,0.0,0.0,2,7,2.5
14530,Superfast,2026-02-28,2,4,TNA,2,34,22,rain,False,0.53,1,0,0,2.5,2.5,2,6,2.8
14530,Superfast,2026-02-28,2,4,KYN,3,54,22,rain,False,0.36,2,0,0,5.3,2.8,2,5,3.9
14530,Superfast,2026-02-28,2,4,LNL,4,128,23,rain,False,0.53,1,1,0,9.2,3.9,2,4,11.3
14530,Superfast,2026-02-28,2,4,PUNE,5,192,0,rain,False,0.04,2,0,0,20.5,11.3,2,3,11.3
14530,Superfast,2026-02-28,2,4,MRJ,6,471,3,rain,False,0.14,1,0,0,31.8,11.3,2,2,10.2
14530,Superfast,2026-02-28,2,4,SLI,7,478,3,rain,False,0.44,0,1,0,42.0,10.2,2,1,17.3
14530,Superfast,2026-02-28,2,4,KOP,8,518,4,rain,False,0.29,1,1,0,59.3,17.3,0,0,19.4
13723,Vande Bharat,2026-02-28,2,4,KOP,0,0,17,rain,False,0.0,1,1,0,0.0,0.0,0,8,0.0
13723,Vande Bharat,2026-02-28,2,4,SLI,1,40,18,rain,False,0.19,0,1,0,0.0,0.0,2,7,11.0
13723,Vande Bharat,2026-02-28,2,4,MRJ,2,47,18,rain,False,1.0,0,0,0,11.0,11.0,2,6,18.8
13723,Vande Bharat,2026-02-28,2,4,PUNE,3,326,21,rain,False,0.27,3,1,0,29.8,18.8,2,5,38.6
13723,Vande Bharat,2026-02-28,2,4,LNL,4,390,22,rain,False,0.25,2,1,3,68.4,38.6,2,4,50.9
13723,Vande Bharat,2026-02-28,2,4,KYN,5,464,23,rain,False,0.4,1,1,0,119.3,50.9,2,3,52.5
13723,Vande Bharat,2026-02-28,2,4,TNA,6,484,23,rain,False,0.31,1,1,0,171.8,52.5,2,2,52.3
13723,Vande Bharat,2026-02-28,2,4,DR,7,509,23,rain,False,0.36,2,1,0,224.1,52.3,2,1,55.4
13723,Vande Bharat,2026-02-28,2,4,CSMT,8,518,0,rain,False,0.3,2,1,0,279.5,55.4,0,0,54.2
20575,Superfast,2026-02-28,2,4,CSMT,0,0,17,rain,False,0.0,2,1,2,0.0,0.0,0,15,14.4
20575,Superfast,2026-02-28,2,4,DR,1,9,17,rain,False,0.65,0,0,0,14.4,14.4,2,14,16.3
20575,Superfast,2026-02-28,2,4,TNA,2,34,17,rain,False,1.0,1,1,0,30.7,16.3,2,13,29.8
20575,Superfast,2026-02-28,2,4,KYN,3,54,17,rain,False,0.64,1,1,0,60.5,29.8,2,12,37.1
20575,Superfast,2026-02-28,2,4,IGP,4,137,18,rain,False,0.36,3,1,1,97.6,37.1,2,11,49.9
20575,Superfast,2026-02-28,2,4,NK,5,188,19,rain,False,0.46,1,1,0,147.5,49.9,2,10,54.6
20575,Superfast,2026-02-28,2,4,MMR,6,261,20,rain,False,0.37,1,1,0,202.1,54.6,2,9,61.4
20575,Superfast,2026-02-28,2,4,CSN,7,328,21,rain,False,0.41,1,1,0,263.5,61.4,2,8,63.2
20575,Superfast,2026-02-28,2,4,JL,8,420,22,rain,False,0.12,1,1,0,326.7,63.2,2,7,61.2
20575,Superfast,2026-02-28,2,4,BSL,9,444,22,rain,False,0.13,2,1,2,387.9,61.2,2,6,65.9
20575,Superfast,2026-02-28,2,4,MKU,10,494,23,rain,False,0.48,2,1,0,453.8,65.9,2,5,66.2
20575,Superfast,2026-02-28,2,4,AK,11,583,0,rain,False,0.37,2,1,0,520.0,66.2,2,4,65.7
20575,Superfast,2026-02-28,2,4,BD,12,662,1,rain,False,0.05,1,1,0,585.7,65.7,2,3,67.5
20575,Superfast,2026-02-28,2,4,WR,13,757,2,rain,False,0.46,4,1,0,653.2,67.5,2,2,72.6
20575,Superfast,2026-02-28,2,4,NGP,14,837,3,rain,False,0.61,2,1,0,725.8,72.6,2,1,71.2
20575,Superfast,2026-02-28,2,4,G,15,967,5,rain,False,0.53,0,1,0,797.0,71.2,0,0,71.3
14641,Vande Bharat,2026-02-28,2,4,G,0,0,8,rain,False,0.0,1,0,0,0.0,0.0,0,15,7.2
14641,Vande Bharat,2026-02-28,2,4,NGP,1,130,10,rain,False,0.39,0,0,0,7.2,7.2,2,14,13.0
14641,Vande Bharat,2026-02-28,2,4,WR,2,210,11,rain,False,0.7,1,0,0,20.2,13.0,2,13,21.6
14641,Vande Bharat,2026-02-28,2,4,BD,3,305,12,rain,False,0.23,0,1,0,41.8,21.6,2,12,28.0
14641,Vande Bharat,2026-02-28,2,4,AK,4,384,13,rain,False,0.48,1,1,0,69.8,28.0,2,11,32.6
14641,Vande Bharat,2026-02-28,2,4,MKU,5,473,14,rain,False,0.38,3,1,0,102.4,32.6,2,10,37.5
14641,Vande Bharat,2026-02-28,2,4,BSL,6,523,15,rain,False,0.37,1,1,0,139.9,37.5,2,9,37.3
14641,Vande Bharat,2026-02-28,2,4,JL,7,547,15,rain,False,0.35,1,1,0,177.2,37.3,2,8,41.1
14641,Vande Bharat,2026-02-28,2,4,CSN,8,639,16,rain,False,0.38,1,1,0,218.3,41.1,2,7,42.2
14641,Vande Bharat,2026-02-28,2,4,MMR,9,706,17,rain,False,0.91,0,1,0,260.5,42.2,2,6,51.3
14641,Vande Bharat,2026-02-28,2,4,NK,10,779,18,rain,False,0.42,1,1,0,311.8,51.3,2,5,60.1
14641,Vande Bharat,2026-02-28,2,4,IGP,11,830,18,rain,False,0.37,2,1,1,371.9,60.1,2,4,65.0
14641,Vande Bharat,2026-02-28,2,4,KYN,12,913,19,rain,False,0.81,0,1,0,436.9,65.0,2,3,73.4
14641,Vande Bharat,2026-02-28,2,4,TNA,13,933,20,rain,False,0.38,0,1,0,510.3,73.4,2,2,73.7
14641,Vande Bharat,2026-02-28,2,4,DR,14,958,20,rain,False,0.7,2,1,0,584.0,73.7,2,1,76.6
14641,Vande Bharat,2026-02-28,2,4,CSMT,15,967,20,rain,False,0.13,3,1,1,660.6,76.6,0,0,88.3
15792,Superfast,2026-02-28,2,4,CSMT,0,0,10,rain,False,0.0,0,0,0,0.0,0.0,0,9,0.0
15792,Superfast,2026-02-28,2,4,DR,1,9,10,rain,False,0.31,3,0,0,0.0,0.0,2,8,9.9
15792,Superfast,2026-02-28,2,4,TNA,2,34,10,rain,False,0.33,3,0,0,9.9,9.9,2,7,15.8
15792,Superfast,2026-02-28,2,4,KYN,3,54,10,rain,False,1.0,2,1,1,25.7,15.8,2,6,35.5
15792,Superfast,2026-02-28,2,4,IGP,4,137,11,rain,False,0.26,1,1,0,61.2,35.5,2,5,45.4
15792,Superfast,2026-02-28,2,4,NK,5,188,12,rain,False,0.23,2,1,2,106.6,45.4,2,4,58.0
15792,Superfast,2026-02-28,2,4,MMR,6,261,13,rain,False,0.48,0,1,0,164.6,58.0,2,3,56.5
15792,Superfast,2026-02-28,2,4,AWB,7,375,14,rain,False,0.18,1,1,0,221.1,56.5,2,2,61.5
15792,Superfast,2026-02-28,2,4,J,8,438,15,rain,False,0.53,0,1,0,282.6,61.5,2,1,60.1
15792,Superfast,2026-02-28,2,4,NED,9,609,17,rain,False,0.26,1,1,0,342.7,60.1,0,0,64.9
20460,Superfast,2026-02-28,2,4,NED,0,0,5,rain,False,0.0,2,0,0,0.0,0.0,0,9,19.2
20460,Superfast,2026-02-28,2,4,J,1,171,7,rain,False,0.24,0,1,0,19.2,19.2,2,8,25.5
20460,Superfast,2026-02-28,2,4,AWB,2,234,8,rain,False,0.21,2,1,0,44.7,25.5,2,7,37.2
20460,Superfast,2026-02-28,2,4,MMR,3,348,9,rain,False,0.18,2,1,1,81.9,37.2,2,6,47.5
20460,Superfast,2026-02-28,2,4,NK,4,421,10,rain,False,0.48,1,1,0,129.4,47.5,2,5,50.3
20460,Superfast,2026-02-28,2,4,IGP,5,472,11,rain,False,0.77,1,1,0,179.7,50.3,2,4,58.2
20460,Superfast,2026-02-28,2,4,KYN,6,555,12,rain,False,0.51,2,1,0,237.9,58.2,2,3,63.1
20460,Superfast,2026-02-28,2,4,TNA,7,575,12,rain,False,0.33,1,1,0,301.0,63.1,2,2,64.2
20460,Superfast,2026-02-28,2,4,DR,8,600,12,rain,False,0.43,3,1,1,365.2,64.2,2,1,71.8
20460,Superfast,2026-02-28,2,4,CSMT,9,609,12,rain,False,0.09,1,1,0,437.0,71.8,0,0,75.2
16710,Mail,2026-02-28,2,4,CSMT,0,0,18,rain,False,0.0,1,1,0,0.0,0.0,0,5,0.0
16710,Mail,2026-02-28,2,4,DR,1,9,18,rain,False,0.7,0,1,0,0.0,0.0,6,4,15.5
16710,Mail,2026-02-28,2,4,TNA,2,34,19,rain,False,0.14,2,1,0,15.5,15.5,6,3,27.2
16710,Mail,2026-02-28,2,4,PNVL,3,69,19,rain,False,0.67,2,1,1,42.7,27.2,6,2,35.7
16710,Mail,2026-02-28,2,4,RN,4,307,22,rain,False,0.41,0,1,0,78.4,35.7,6,1,39.1
16710,Mail,2026-02-28,2,4,SWV,5,495,0,rain,False,0.5,1,1,0,117.5,39.1,0,0,39.8
18403,Mail,2026-02-28,2,4,SWV,0,0,21,rain,False,0.0,3,0,0,0.0,0.0,0,5,0.0
18403,Mail,2026-02-28,2,4,RN,1,188,23,rain,False,0.18,1,0,0,0.0,0.0,6,4,0.6
18403,Mail,2026-02-28,2,4,PNVL,2,426,2,rain,False,0.08,0,0,0,0.6,0.6,6,3,1.8
18403,Mail,2026-02-28,2,4,TNA,3,461,2,rain,False,0.7,3,0,1,2.4,1.8,6,2,21.0
18403,Mail,2026-02-28,2,4,DR,4,486,3,rain,False,0.37,0,1,0,23.4,21.0,6,1,29.3
18403,Mail,2026-02-28,2,4,CSMT,5,495,3,rain,False,0.45,4,1,0,52.7,29.3,0,0,37.6
21456,Superfast,2026-02-28,2,4,PUNE,0,0,5,rain,False,0.0,1,0,0,0.0,0.0,0,7,0.0
21456,Superfast,2026-02-28,2,4,DD,1,76,6,rain,False,0.27,2,0,1,0.0,0.0,2,6,5.1
21456,Superfast,2026-02-28,2,4,MMR,2,69,6,rain,False,0.19,4,0,0,5.1,5.1,2,5,12.0
21456,Superfast,2026-02-28,2,4,BSL,3,252,8,rain,False,0.68,3,0,0,17.1,12.0,2,4,22.4
21456,Superfast,2026-02-28,2,4,AK,4,391,10,rain,False,0.54,2,1,1,39.5,22.4,2,3,31.4
21456,Superfast,2026-02-28,2,4,BD,5,470,11,rain,False,0.34,3,1,1,70.9,31.4,2,2,40.8
21456,Superfast,2026-02-28,2,4,WR,6,565,12,rain,False,0.37,1,1,0,111.7,40.8,2,1,45.4
21456,Superfast,2026-02-28,2,4,NGP,7,645,13,rain,False,0.49,0,1,0,157.1,45.4,0,0,50.0
17068,Vande Bharat,2026-02-28,2,4,NGP,0,0,10,rain,False,0.0,1,0,0,0.0,0.0,0,7,0.0
17068,Vande Bharat,2026-02-28,2,4,WR,1,80,11,rain,False,0.84,2,0,1,0.0,0.0,2,6,12.2
17068,Vande Bharat,2026-02-28,2,4,BD,2,175,12,rain,False,0.3,2,0,0,12.2,12.2,2,5,11.9
17068,Vande Bharat,2026-02-28,2,4,AK,3,254,13,rain,False,0.36,0,0,0,24.1,11.9,2,4,13.0
17068,Vande Bharat,2026-02-28,2,4,BSL,4,393,15,rain,False,0.44,4,1,1,37.1,13.0,2,3,19.0
17068,Vande Bharat,2026-02-28,2,4,MMR,5,576,17,rain,False,0.45,1,1,0,56.1,19.0,2,2,29.7
17068,Vande Bharat,2026-02-28,2,4,DD,6,569,17,rain,False,0.23,1,1,0,85.8,29.7,2,1,34.5
17068,Vande Bharat,2026-02-28,2,4,PUNE,7,645,18,rain,False,0.26,0,1,0,120.3,34.5,0,0,41.8
12307,Mail,2026-02-28,2,4,NGP,0,0,5,rain,False,0.0,1,0,0,0.0,0.0,0,9,0.0
12307,Mail,2026-02-28,2,4,WR,1,80,6,rain,False,0.35,1,0,0,0.0,0.0,6,8,2.3
12307,Mail,2026-02-28,2,4,BD,2,175,7,rain,False,0.44,1,1,0,2.3,2.3,6,7,10.2
12307,Mail,2026-02-28,2,4,AK,3,254,8,rain,False,0.45,2,1,0,12.5,10.2,6,6,20.8
12307,Mail,2026-02-28,2,4,BSL,4,393,10,rain,False,0.45,1,1,0,33.3,20.8,6,5,26.6
12307,Mail,2026-02-28,2,4,MMR,5,576,12,rain,False,0.45,2,1,1,59.9,26.6,6,4,32.8
12307,Mail,2026-02-28,2,4,DD,6,569,12,rain,False,0.27,0,1,0,92.7,32.8,6,3,37.3
12307,Mail,2026-02-28,2,4,PUNE,7,645,13,rain,False,0.43,3,1,1,130.0,37.3,6,2,45.0
12307,Mail,2026-02-28,2,4,MRJ,8,366,9,rain,False,0.51,0,1,0,175.0,45.0,6,1,50.9
12307,Mail,2026-02-28,2,4,KOP,9,319,9,rain,False,0.71,1,1,0,225.9,50.9,0,0,59.5
19129,Mail,2026-02-28,2,4,KOP,0,0,8,rain,False,0.0,0,0,0,0.0,0.0,0,9,0.0
19129,Mail,2026-02-28,2,4,MRJ,1,47,9,rain,False,0.52,1,0,0,0.0,0.0,6,8,3.0
19129,Mail,2026-02-28,2,4,PUNE,2,326,12,rain,False,0.28,1,0,0,3.0,3.0,6,7,5.4
19129,Mail,2026-02-28,2,4,DD,3,250,11,rain,False,0.37,1,0,0,8.4,5.4,6,6,12.4
19129,Mail,2026-02-28,2,4,MMR,4,257,11,rain,False,0.9,0,1,0,20.8,12.4,6,5,24.7
19129,Mail,2026-02-28,2,4,BSL,5,74,9,rain,False,0.11,1,1,0,45.5,24.7,6,4,33.0
19129,Mail,2026-02-28,2,4,AK,6,65,9,rain,False,0.51,3,1,3,78.5,33.0,6,3,51.0
19129,Mail,2026-02-28,2,4,BD,7,144,10,rain,False,0.19,0,1,0,129.5,51.0,6,2,56.6
19129,Mail,2026-02-28,2,4,WR,8,239,11,rain,False,0.56,1,1,0,186.1,56.6,6,1,59.8
19129,Mail,2026-02-28,2,4,NGP,9,319,12,rain,False,0.14,0,1,0,245.9,59.8,0,0,56.9
20581,Superfast,2026-07-13,7,6,CSMT,0,0,13,heavy_rain,True,0.0,1,0,0,0.0,0.0,0,10,26.8
20581,Superfast,2026-07-13,7,6,DR,1,9,13,heavy_rain,True,0.38,1,1,0,26.8,26.8,2,9,30.7
20581,Superfast,2026-07-13,7,6,TNA,2,34,14,heavy_rain,True,0.13,2,1,0,57.5,30.7,2,8,34.6
20581,Superfast,2026-07-13,7,6,KYN,3,54,14,heavy_rain,True,0.49,1,1,0,92.1,34.6,2,7,39.6
20581,Superfast,2026-07-13,7,6,KJT,4,100,15,heavy_rain,True,0.56,1,1,0,131.7,39.6,2,6,53.5
20581,Superfast,2026-07-13,7,6,LNL,5,128,15,heavy_rain,True,0.26,3,1,0,185.2,53.5,2,5,63.6
20581,Superfast,2026-07-13,7,6,SVJR,6,190,16,heavy_rain,True,0.31,2,1,0,248.8,63.6,2,4,61.3
20581,Superfast,2026-07-13,7,6,PUNE,7,192,16,heavy_rain,True,0.24,3,1,0,310.1,61.3,2,3,65.3
20581,Superfast,2026-07-13,7,6,DD,8,268,17,heavy_rain,True,0.22,1,1,0,375.4,65.3,2,2,69.7
20581,Superfast,2026-07-13,7,6,KWV,9,377,18,heavy_rain,True,0.8,0,1,0,445.1,69.7,2,1,79.8
20581,Superfast,2026-07-13,7,6,SUR,10,455,19,heavy_rain,True,0.57,1,1,0,524.9,79.8,0,0,81.6
21214,Vande Bharat,2026-07-13,7,6,SUR,0,0,22,heavy_rain,True,0.0,3,0,0,0.0,0.0,0,10,0.0
21214,Vande Bharat,2026-07-13,7,6,KWV,1,78,23,heavy_rain,True,0.19,2,0,0,0.0,0.0,2,9,0.1
21214,Vande Bharat,2026-07-13,7,6,DD,2,187,1,heavy_rain,True,0.41,1,0,0,0.1,0.1,2,8,0.5
21214,Vande Bharat,2026-07-13,7,6,PUNE,3,263,2,heavy_rain,True,0.47,4,1,1,0.6,0.5,2,7,10.5
21214,Vande Bharat,2026-07-13,7,6,SVJR,4,265,2,heavy_rain,True,0.23,1,1,0,11.1,10.5,2,6,18.8
21214,Vande Bharat,2026-07-13,7,6,LNL,5,327,3,heavy_rain,True,0.65,4,1,0,29.9,18.8,2,5,38.6
21214,Vande Bharat,2026-07-13,7,6,KJT,6,355,3,heavy_rain,True,0.32,1,1,0,68.5,38.6,2,4,47.8
21214,Vande Bharat,2026-07-13,7,6,KYN,7,401,3,heavy_rain,True,0.36,3,1,0,116.3,47.8,2,3,52.6
21214,Vande Bharat,2026-07-13,7,6,TNA,8,421,4,heavy_rain,True,0.67,1,1,0,168.9,52.6,2,2,53.2
21214,Vande Bharat,2026-07-13,7,6,DR,9,446,4,heavy_rain,True,0.46,1,1,0,222.1,53.2,2,1,56.1
21214,Vande Bharat,2026-07-13,7,6,CSMT,10,455,4,heavy_rain,True,0.29,1,1,0,278.2,56.1,0,0,53.7
11354,Superfast,2026-07-13,7,6,CSMT,0,0,15,heavy_rain,True,0.0,0,0,0,0.0,0.0,0,8,0.0
11354,Superfast,2026-07-13,7,6,DR,1,9,15,heavy_rain,True,0.12,2,0,2,0.0,0.0,2,7,9.8
11354,Superfast,2026-07-13,7,6,TNA,2,34,15,heavy_rain,True,0.31,1,0,0,9.8,9.8,2,6,9.7
11354,Superfast,2026-07-13,7,6,KYN,3,54,16,heavy_rain,True,0.43,0,1,0,19.5,9.7,2,5,16.9
11354,Superfast,2026-07-13,7,6,LNL,4,128,16,heavy_rain,True,0.15,1,1,0,36.4,16.9,2,4,27.8
11354,Superfast,2026-07-13,7,6,PUNE,5,192,17,heavy_rain,True,0.51,1,1,0,64.2,27.8,2,3,33.7
11354,Superfast,2026-07-13,7,6,MRJ,6,471,21,heavy_rain,True,0.65,1,1,0,97.9,33.7,2,2,37.4
11354,Superfast,2026-07-13,7,6,SLI,7,478,21,heavy_rain,True,0.23,1,1,0,135.3,37.4,2,1,45.8
11354,Superfast,2026-07-13,7,6,KOP,8,518,21,heavy_rain,True,0.17,0,1,0,181.1,45.8,0,0,51.5
19808,Express,2026-07-13,7,6,KOP,0,0,18,heavy_rain,True,0.0,2,1,0,0.0,0.0,0,8,0.0
19808,Express,2026-07-13,7,6,SLI,1,40,18,heavy_rain,True,0.83,1,0,0,0.0,0.0,4,7,11.3
19808,Express,2026-07-13,7,6,MRJ,2,47,19,heavy_rain,True,0.16,1,0,0,11.3,11.3,4,6,16.3
19808,Express,2026-07-13,7,6,PUNE,3,326,22,heavy_rain,True,0.2,0,1,0,27.6,16.3,4,5,21.1
19808,Express,2026-07-13,7,6,LNL,4,390,23,heavy_rain,True,0.48,1,1,0,48.7,21.1,4,4,33.9
19808,Express,2026-07-13,7,6,KYN,5,464,0,heavy_rain,True,0.24,1,1,0,82.6,33.9,4,3,37.3
19808,Express,2026-07-13,7,6,TNA,6,484,0,heavy_rain,True,0.07,2,1,2,119.9,37.3,4,2,44.0
19808,Express,2026-07-13,7,6,DR,7,509,0,heavy_rain,True,0.37,1,1,0,163.9,44.0,4,1,45.8
19808,Express,2026-07-13,7,6,CSMT,8,518,0,heavy_rain,True,0.42,3,1,0,209.7,45.8,0,0,54.5
18261,Intercity,2026-07-13,7,6,CSMT,0,0,16,heavy_rain,True,0.0,1,0,0,0.0,0.0,0,15,0.0
18261,Intercity,2026-07-13,7,6,DR,1,9,16,heavy_rain,True,0.33,1,0,0,0.0,0.0,4,14,1.5
18261,Intercity,2026-07-13,7,6,TNA,2,34,17,heavy_rain,True,0.21,0,0,0,1.5,1.5,4,13,5.2
18261,Intercity,2026-07-13,7,6,KYN,3,54,17,heavy_rain,True,0.37,0,1,0,6.7,5.2,4,12,16.6
18261,Intercity,2026-07-13,7,6,IGP,4,137,18,heavy_rain,True,0.42,0,1,0,23.3,16.6,4,11,36.5
18261,Intercity,2026-07-13,7,6,NK,5,188,19,heavy_rain,True,0.64,3,1,0,59.8,36.5,4,10,44.7
18261,Intercity,2026-07-13,7,6,MMR,6,261,19,heavy_rain,True,0.27,1,1,0,104.5,44.7,4,9,48.4
18261,Intercity,2026-07-13,7,6,CSN,7,328,20,heavy_rain,True,0.64,0,1,0,152.9,48.4,4,8,52.4
18261,Intercity,2026-07-13,7,6,JL,8,420,21,heavy_rain,True,0.07,1,1,0,205.3,52.4,4,7,61.0
18261,Intercity,2026-07-13,7,6,BSL,9,444,22,heavy_rain,True,0.23,2,1,2,266.3,61.0,4,6,64.0
18261,Intercity,2026-07-13,7,6,MKU,10,494,22,heavy_rain,True,0.47,0,1,0,330.3,64.0,4,5,68.1
18261,Intercity,2026-07-13,7,6,AK,11,583,0,heavy_rain,True,0.57,3,1,0,398.4,68.1,4,4,78.0
18261,Intercity,2026-07-13,7,6,BD,12,662,1,heavy_rain,True,0.33,0,1,0,476.4,78.0,4,3,78.9
18261,Intercity,2026-07-13,7,6,WR,13,757,2,heavy_rain,True,0.29,1,1,0,555.3,78.9,4,2,74.2
18261,Intercity,2026-07-13,7,6,NGP,14,837,3,heavy_rain,True,0.25,1,1,0,629.5,74.2,4,1,78.4
18261,Intercity,2026-07-13,7,6,G,15,967,4,heavy_rain,True,0.38,0,1,0,707.9,78.4,0,0,76.0
22296,Intercity,2026-07-13,7,6,G,0,0,15,heavy_rain,True,0.0,0,1,0,0.0,0.0,0,15,0.0
22296,Intercity,2026-07-13,7,6,NGP,1,130,17,heavy_rain,True,0.71,4,0,0,0.0,0.0,4,14,14.8
22296,Intercity,2026-07-13,7,6,WR,2,210,18,heavy_rain,True,0.34,0,0,0,14.8,14.8,4,13,23.3
22296,Intercity,2026-07-13,7,6,BD,3,305,19,heavy_rain,True,0.25,2,1,3,38.1,23.3,4,12,33.5
22296,Intercity,2026-07-13,7,6,AK,4,384,20,heavy_rain,True,0.73,3,1,0,71.6,33.5,4,11,49.9
22296,Intercity,2026-07-13,7,6,MKU,5,473,21,heavy_rain,True,0.35,4,1,1,121.5,49.9,4,10,59.7
22296,Intercity,2026-07-13,7,6,BSL,6,523,22,heavy_rain,True,0.27,1,1,0,181.2,59.7,4,9,57.7
22296,Intercity,2026-07-13,7,6,JL,7,547,22,heavy_rain,True,0.58,1,1,0,238.9,57.7,4,8,57.5
22296,Intercity,2026-07-13,7,6,CSN,8,639,23,heavy_rain,True,0.37,3,1,0,296.4,57.5,4,7,67.8
22296,Intercity,2026-07-13,7,6,MMR,9,706,0,heavy_rain,True,0.07,1,1,0,364.2,67.8,4,6,65.1
22296,Intercity,2026-07-13,7,6,NK,10,779,1,heavy_rain,True,0.3,2,1,0,429.3,65.1,4,5,61.6
22296,Intercity,2026-07-13,7,6,IGP,11,830,2,heavy_rain,True,0.59,0,1,0,490.9,61.6,4,4,69.8
22296,Intercity,2026-07-13,7,6,KYN,12,913,3,heavy_rain,True,0.47,2,1,0,560.7,69.8,4,3,70.7
22296,Intercity,2026-07-13,7,6,TNA,13,933,3,heavy_rain,True,0.13,0,1,0,631.4,70.7,4,2,70.5
22296,Intercity,2026-07-13,7,6,DR,14,958,3,heavy_rain,True,0.44,1,1,0,701.9,70.5,4,1,68.7
22296,Intercity,2026-07-13,7,6,CSMT,15,967,3,heavy_rain,True,0.56,1,1,0,770.6,68.7,0,0,68.3
22264,Vande Bharat,2026-07-13,7,6,CSMT,0,0,11,heavy_rain,True,0.0,0,0,0,0.0,0.0,0,9,0.0
22264,Vande Bharat,2026-07-13,7,6,DR,1,9,11,heavy_rain,True,0.51,0,0,0,0.0,0.0,2,8,41.4
22264,Vande Bharat,2026-07-13,7,6,TNA,2,34,12,heavy_rain,True,0.31,0,1,0,41.4,41.4,2,7,45.3
22264,Vande Bharat,2026-07-13,7,6,KYN,3,54,12,heavy_rain,True,0.33,1,1,0,86.7,45.3,2,6,48.6
22264,Vande Bharat,2026-07-13,7,6,IGP,4,137,13,heavy_rain,True,0.39,0,1,0,135.3,48.6,2,5,57.4
22264,Vande Bharat,2026-07-13,7,6,NK,5,188,14,heavy_rain,True,0.38,1,1,0,192.7,57.4,2,4,57.5
22264,Vande Bharat,2026-07-13,7,6,MMR,6,261,15,heavy_rain,True,0.18,1,1,0,250.2,57.5,2,3,58.7
22264,Vande Bharat,2026-07-13,7,6,AWB,7,375,16,heavy_rain,True,0.17,4,1,0,308.9,58.7,2,2,61.8
22264,Vande Bharat,2026-07-13,7,6,J,8,438,17,heavy_rain,True,0.32,1,1,0,370.7,61.8,2,1,66.4
22264,Vande Bharat,2026-07-13,7,6,NED,9,609,19,heavy_rain,True,0.36,0,1,0,437.1,66.4,0,0,68.6
13237,Superfast,2026-07-13,7,6,NED,0,0,11,heavy_rain,True,0.0,4,1,0,0.0,0.0,0,9,0.0
13237,Superfast,2026-07-13,7,6,J,1,171,13,heavy_rain,True,0.44,0,0,0,0.0,0.0,2,8,0.5
13237,Superfast,2026-07-13,7,6,AWB,2,234,13,heavy_rain,True,0.5,0,0,0,0.5,0.5,2,7,1.2
13237,Superfast,2026-07-13,7,6,MMR,3,348,15,heavy_rain,True,0.55,0,1,0,1.7,1.2,2,6,12.5
13237,Superfast,2026-07-13,7,6,NK,4,421,16,heavy_rain,True,0.04,1,0,0,14.2,12.5,2,5,11.8
13237,Superfast,2026-07-13,7,6,IGP,5,472,16,heavy_rain,True,0.65,0,0,0,26.0,11.8,2,4,19.7
13237,Superfast,2026-07-13,7,6,KYN,6,555,17,heavy_rain,True,0.43,3,1,0,45.7,19.7,2,3,29.8
13237,Superfast,2026-07-13,7,6,TNA,7,575,18,heavy_rain,True,0.22,0,1,0,75.5,29.8,2,2,37.2
13237,Superfast,2026-07-13,7,6,DR,8,600,18,heavy_rain,True,0.57,2,1,2,112.7,37.2,2,1,49.3
13237,Superfast,2026-07-13,7,6,CSMT,9,609,18,heavy_rain,True,0.29,2,1,1,162.0,49.3,0,0,57.0
12817,Intercity,2026-07-13,7,6,CSMT,0,0,15,heavy_rain,True,0.0,4,1,1,0.0,0.0,0,5,0.0
12817,Intercity,2026-07-13,7,6,DR,1,9,15,heavy_rain,True,0.63,1,0,0,0.0,0.0,4,4,2.7
12817,Intercity,2026-07-13,7,6,TNA,2,34,15,heavy_rain,True,0.25,4,1,0,2.7,2.7,4,3,19.4
12817,Intercity,2026-07-13,7,6,PNVL,3,69,16,heavy_rain,True,0.16,1,1,0,22.1,19.4,4,2,23.3
12817,Intercity,2026-07-13,7,6,RN,4,307,19,heavy_rain,True,0.71,3,1,0,45.4,23.3,4,1,42.3
12817,Intercity,2026-07-13,7,6,SWV,5,495,21,heavy_rain,True,0.4,0,1,0,87.7,42.3,0,0,44.7
16608,Superfast,2026-07-13,7,6,SWV,0,0,8,heavy_rain,True,0.0,1,1,0,0.0,0.0,0,5,0.0
16608,Superfast,2026-07-13,7,6,RN,1,188,10,heavy_rain,True,0.49,3,0,0,0.0,0.0,2,4,9.0
16608,Superfast,2026-07-13,7,6,PNVL,2,426,13,heavy_rain,True,0.39,1,0,0,9.0,9.0,2,3,8.3
16608,Superfast,2026-07-13,7,6,TNA,3,461,14,heavy_rain,True,0.56,1,0,0,17.3,8.3,2,2,8.8
16608,Superfast,2026-07-13,7,6,DR,4,486,14,heavy_rain,True,0.3,3,0,0,26.1,8.8,2,1,13.3
16608,Superfast,2026-07-13,7,6,CSMT,5,495,14,heavy_rain,True,0.21,2,0,1,39.4,13.3,0,0,15.0
12546,Express,2026-07-13,7,6,PUNE,0,0,9,heavy_rain,True,0.0,1,0,0,0.0,0.0,0,7,0.0
12546,Express,2026-07-13,7,6,DD,1,76,9,heavy_rain,True,0.57,1,0,0,0.0,0.0,4,6,7.9
12546,Express,2026-07-13,7,6,MMR,2,69,9,heavy_rain,True,0.18,4,0,0,7.9,7.9,4,5,12.9
12546,Express,2026-07-13,7,6,BSL,3,252,12,heavy_rain,True,0.44,1,0,0,20.8,12.9,4,4,14.0
12546,Express,2026-07-13,7,6,AK,4,391,13,heavy_rain,True,0.32,1,0,0,34.8,14.0,4,3,15.4
12546,Express,2026-07-13,7,6,BD,5,470,14,heavy_rain,True,0.38,1,1,0,50.2,15.4,4,2,21.0
12546,Express,2026-07-13,7,6,WR,6,565,16,heavy_rain,True,0.12,0,1,0,71.2,21.0,4,1,24.8
12546,Express,2026-07-13,7,6,NGP,7,645,17,heavy_rain,True,0.29,1,1,0,96.0,24.8,0,0,35.5
12489,Mail,2026-07-13,7,6,NGP,0,0,8,heavy_rain,True,0.0,3,0,1,0.0,0.0,0,7,0.0
12489,Mail,2026-07-13,7,6,WR,1,80,9,heavy_rain,True,0.27,2,0,0,0.0,0.0,6,6,5.7
12489,Mail,2026-07-13,7,6,BD,2,175,10,heavy_rain,True,0.52,1,0,0,5.7,5.7,6,5,10.7
12489,Mail,2026-07-13,7,6,AK,3,254,11,heavy_rain,True,0.64,3,0,0,16.4,10.7,6,4,18.1
12489,Mail,2026-07-13,7,6,BSL,4,393,12,heavy_rain,True,0.23,0,1,0,34.5,18.1,6,3,26.3
12489,Mail,2026-07-13,7,6,MMR,5,576,15,heavy_rain,True,0.4,0,1,0,60.8,26.3,6,2,30.5
12489,Mail,2026-07-13,7,6,DD,6,569,15,heavy_rain,True,0.5,1,1,0,91.3,30.5,6,1,33.7
12489,Mail,2026-07-13,7,6,PUNE,7,645,16,heavy_rain,True,0.38,1,1,0,125.0,33.7,0,0,40.9
18181,Superfast,2026-07-13,7,6,NGP,0,0,19,heavy_rain,True,0.0,0,0,0,0.0,0.0,0,9,0.0
18181,Superfast,2026-07-13,7,6,WR,1,80,20,heavy_rain,True,0.58,1,0,0,0.0,0.0,2,8,3.7
18181,Superfast,2026-07-13,7,6,BD,2,175,21,heavy_rain,True,0.31,1,1,0,3.7,3.7,2,7,9.6
18181,Superfast,2026-07-13,7,6,AK,3,254,22,heavy_rain,True,0.09,1,1,0,13.3,9.6,2,6,16.3
18181,Superfast,2026-07-13,7,6,BSL,4,393,0,heavy_rain,True,0.45,1,1,0,29.6,16.3,2,5,18.9
18181,Superfast,2026-07-13,7,6,MMR,5,576,2,heavy_rain,True,0.29,1,1,0,48.5,18.9,2,4,20.0
18181,Superfast,2026-07-13,7,6,DD,6,569,2,heavy_rain,True,0.47,3,1,0,68.5,20.0,2,3,26.5
18181,Superfast,2026-07-13,7,6,PUNE,7,645,3,heavy_rain,True,0.39,4,1,1,95.0,26.5,2,2,41.1
18181,Superfast,2026-07-13,7,6,MRJ,8,366,0,heavy_rain,True,0.45,2,1,0,136.1,41.1,2,1,45.3
18181,Superfast,2026-07-13,7,6,KOP,9,319,23,heavy_rain,True,0.17,1,1,0,181.4,45.3,0,0,46.5
11640,Intercity,2026-07-13,7,6,KOP,0,0,14,heavy_rain,True,0.0,1,0,0,0.0,0.0,0,9,0.0
11640,Intercity,2026-07-13,7,6,MRJ,1,47,14,heavy_rain,True,0.23,1,1,0,0.0,0.0,4,8,8.0
11640,Intercity,2026-07-13,7,6,PUNE,2,326,18,heavy_rain,True,0.26,3,1,3,8.0,8.0,4,7,30.5
11640,Intercity,2026-07-13,7,6,DD,3,250,17,heavy_rain,True,0.87,0,1,0,38.5,30.5,4,6,47.4
11640,Intercity,2026-07-13,7,6,MMR,4,257,17,heavy_rain,True,0.39,2,1,2,85.9,47.4,4,5,58.4
11640,Intercity,2026-07-13,7,6,BSL,5,74,15,heavy_rain,True,0.3,1,1,0,144.3,58.4,4,4,61.8
11640,Intercity,2026-07-13,7,6,AK,6,65,14,heavy_rain,True,0.35,3,1,0,206.1,61.8,4,3,67.8
11640,Intercity,2026-07-13,7,6,BD,7,144,15,heavy_rain,True,0.16,0,1,0,273.9,67.8,4,2,69.4
11640,Intercity,2026-07-13,7,6,WR,8,239,17,heavy_rain,True,0.02,1,1,0,343.3,69.4,4,1,72.1
11640,Intercity,2026-07-13,7,6,NGP,9,319,18,heavy_rain,True,0.31,2,1,0,415.4,72.1,0,0,70.5
11055,Vande Bharat,2026-10-20,10,0,CSMT,0,0,14,clear,False,0.0,2,0,0,0.0,0.0,0,10,2.9
11055,Vande Bharat,2026-10-20,10,0,DR,1,9,14,clear,False,0.41,2,1,3,2.9,2.9,2,9,15.3
11055,Vande Bharat,2026-10-20,10,0,TNA,2,34,14,clear,False,0.07,3,1,1,18.2,15.3,2,8,30.8
11055,Vande Bharat,2026-10-20,10,0,KYN,3,54,14,clear,False,0.26,1,1,0,49.0,30.8,2,7,36.4
11055,Vande Bharat,2026-10-20,10,0,KJT,4,100,15,clear,False,0.22,0,1,0,85.4,36.4,2,6,39.9
11055,Vande Bharat,2026-10-20,10,0,LNL,5,128,15,clear,False,0.16,3,1,0,125.3,39.9,2,5,47.9
11055,Vande Bharat,2026-10-20,10,0,SVJR,6,190,16,clear,False,0.26,1,1,0,173.2,47.9,2,4,50.6
11055,Vande Bharat,2026-10-20,10,0,PUNE,7,192,16,clear,False,0.54,2,1,1,223.8,50.6,2,3,52.9
11055,Vande Bharat,2026-10-20,10,0,DD,8,268,17,clear,False,0.44,1,1,0,276.7,52.9,2,2,58.9
11055,Vande Bharat,2026-10-20,10,0,KWV,9,377,19,clear,False,0.49,2,1,3,335.6,58.9,2,1,71.0
11055,Vande Bharat,2026-10-20,10,0,SUR,10,455,19,clear,False,0.25,4,1,2,406.6,71.0,0,0,78.4
17967,Mail,2026-10-20,10,0,SUR,0,0,13,clear,False,0.0,0,1,0,0.0,0.0,0,10,0.0
17967,Mail,2026-10-20,10,0,KWV,1,78,14,clear,False,0.38,2,0,0,0.0,0.0,6,9,0.3
17967,Mail,2026-10-20,10,0,DD,2,187,15,clear,False,0.41,2,0,0,0.3,0.3,6,8,1.1
17967,Mail,2026-10-20,10,0,PUNE,3,263,16,clear,False,0.3,0,0,0,1.4,1.1,6,7,1.7
17967,Mail,2026-10-20,10,0,SVJR,4,265,16,clear,False,0.52,4,1,0,3.1,1.7,6,6,11.5
17967,Mail,2026-10-20,10,0,LNL,5,327,17,clear,False,0.7,3,0,1,14.6,11.5,6,5,27.2
17967,Mail,2026-10-20,10,0,KJT,6,355,18,clear,False,0.9,1,1,0,41.8,27.2,6,4,42.5
17967,Mail,2026-10-20,10,0,KYN,7,401,18,clear,False,0.31,1,1,0,84.3,42.5,6,3,50.5
17967,Mail,2026-10-20,10,0,TNA,8,421,18,clear,False,0.32,2,1,0,134.8,50.5,6,2,57.8
17967,Mail,2026-10-20,10,0,DR,9,446,19,clear,False,0.39,4,1,0,192.6,57.8,6,1,64.9
17967,Mail,2026-10-20,10,0,CSMT,10,455,19,clear,False,0.54,2,1,0,257.5,64.9,0,0,67.5
14918,Express,2026-10-20,10,0,CSMT,0,0,9,clear,False,0.0,1,0,0,0.0,0.0,0,8,0.0
14918,Express,2026-10-20,10,0,DR,1,9,10,clear,False,0.34,1,0,0,0.0,0.0,4,7,4.5
14918,Express,2026-10-20,10,0,TNA,2,34,10,clear,False,0.53,3,0,0,4.5,4.5,4,6,18.1
14918,Express,2026-10-20,10,0,KYN,3,54,10,clear,False,0.62,1,1,0,22.6,18.1,4,5,27.0
14918,Express,2026-10-20,10,0,LNL,4,128,11,clear,False,0.6,0,1,0,49.6,27.0,4,4,37.1
14918,Express,2026-10-20,10,0,PUNE,5,192,12,clear,False,0.6,1,1,0,86.7,37.1,4,3,38.3
14918,Express,2026-10-20,10,0,MRJ,6,471,15,clear,False,0.22,0,1,0,125.0,38.3,4,2,38.5
14918,Express,2026-10-20,10,0,SLI,7,478,15,clear,False,0.3,2,1,1,163.5,38.5,4,1,43.2
14918,Express,2026-10-20,10,0,KOP,8,518,16,clear,False,0.19,0,1,0,206.7,43.2,0,0,44.9
19410,Superfast,2026-10-20,10,0,KOP,0,0,13,clear,False,0.0,1,1,0,0.0,0.0,0,8,0.0
19410,Superfast,2026-10-20,10,0,SLI,1,40,13,clear,False,0.41,1,1,0,0.0,0.0,2,7,10.1
19410,Superfast,2026-10-20,10,0,MRJ,2,47,13,clear,False,0.35,1,0,0,10.1,10.1,2,6,12.7
19410,Superfast,2026-10-20,10,0,PUNE,3,326,17,clear,False,0.12,1,0,0,22.8,12.7,2,5,16.5
19410,Superfast,2026-10-20,10,0,LNL,4,390,17,clear,False,0.29,3,1,1,39.3,16.5,2,4,33.4
19410,Superfast,2026-10-20,10,0,KYN,5,464,18,clear,False,0.44,1,1,0,72.7,33.4,2,3,45.3
19410,Superfast,2026-10-20,10,0,TNA,6,484,19,clear,False,0.48,1,1,0,118.0,45.3,2,2,53.0
19410,Superfast,2026-10-20,10,0,DR,7,509,19,clear,False,0.6,3,1,0,171.0,53.0,2,1,67.4
19410,Superfast,2026-10-20,10,0,CSMT,8,518,19,clear,False,0.15,0,1,0,238.4,67.4,0,0,66.7
12551,Mail,2026-10-20,10,0,CSMT,0,0,22,clear,False,0.0,0,0,0,0.0,0.0,0,15,16.0
12551,Mail,2026-10-20,10,0,DR,1,9,22,clear,False,0.08,0,1,0,16.0,16.0,6,14,22.7
12551,Mail,2026-10-20,10,0,TNA,2,34,23,clear,False,0.11,0,1,0,38.7,22.7,6,13,28.0
12551,Mail,2026-10-20,10,0,KYN,3,54,23,clear,False,0.38,1,1,0,66.7,28.0,6,12,30.4
12551,Mail,2026-10-20,10,0,IGP,4,137,0,clear,False,0.34,1,1,0,97.1,30.4,6,11,30.5
12551,Mail,2026-10-20,10,0,NK,5,188,1,clear,False,0.21,3,1,2,127.6,30.5,6,10,44.3
12551,Mail,2026-10-20,10,0,MMR,6,261,2,clear,False,0.29,0,1,0,171.9,44.3,6,9,44.6
12551,Mail,2026-10-20,10,0,CSN,7,328,2,clear,False,0.58,0,1,0,216.5,44.6,6,8,47.4
12551,Mail,2026-10-20,10,0,JL,8,420,4,clear,False,0.31,1,1,0,263.9,47.4,6,7,50.4
12551,Mail,2026-10-20,10,0,BSL,9,444,4,clear,False,0.3,0,1,0,314.3,50.4,6,6,53.0
12551,Mail,2026-10-20,10,0,MKU,10,494,5,clear,False,0.51,0,1,0,367.3,53.0,6,5,56.3
12551,Mail,2026-10-20,10,0,AK,11,583,6,clear,False,0.44,0,1,0,423.6,56.3,6,4,58.5
12551,Mail,2026-10-20,10,0,BD,12,662,7,clear,False,0.09,3,1,2,482.1,58.5,6,3,66.9
12551,Mail,2026-10-20,10,0,WR,13,757,8,clear,False,0.72,1,1,0,549.0,66.9,6,2,78.4
12551,Mail,2026-10-20,10,0,NGP,14,837,9,clear,False,0.24,1,1,0,627.4,78.4,6,1,82.6
12551,Mail,2026-10-20,10,0,G,15,967,10,clear,False,0.17,0,1,0,710.0,82.6,0,0,83.4
19722,Express,2026-10-20,10,0,G,0,0,17,clear,False,0.0,1,0,0,0.0,0.0,0,15,0.0
19722,Express,2026-10-20,10,0,NGP,1,130,19,clear,False,0.56,2,0,2,0.0,0.0,4,14,7.5
19722,Express,2026-10-20,10,0,WR,2,210,20,clear,False,0.26,2,0,1,7.5,7.5,4,13,14.7
19722,Express,2026-10-20,10,0,BD,3,305,21,clear,False,0.41,4,0,0,22.2,14.7,4,12,23.4
19722,Express,2026-10-20,10,0,AK,4,384,22,clear,False,0.47,0,1,0,45.6,23.4,4,11,27.3
19722,Express,2026-10-20,10,0,MKU,5,473,23,clear,False,0.44,4,1,0,72.9,27.3,4,10,36.8
19722,Express,2026-10-20,10,0,BSL,6,523,0,clear,False,0.29,2,1,1,109.7,36.8,4,9,44.2
19722,Express,2026-10-20,10,0,JL,7,547,0,clear,False,0.77,1,1,0,153.9,44.2,4,8,53.1
19722,Express,2026-10-20,10,0,CSN,8,639,1,clear,False,0.36,1,1,0,207.0,53.1,4,7,56.2
19722,Express,2026-10-20,10,0,MMR,9,706,2,clear,False,0.53,1,1,0,263.2,56.2,4,6,56.6
19722,Express,2026-10-20,10,0,NK,10,779,3,clear,False,0.22,2,1,0,319.8,56.6,4,5,63.5
19722,Express,2026-10-20,10,0,IGP,11,830,4,clear,False,0.37,0,1,0,383.3,63.5,4,4,63.7
19722,Express,2026-10-20,10,0,KYN,12,913,5,clear,False,0.02,1,1,0,447.0,63.7,4,3,93.7
19722,Express,2026-10-20,10,0,TNA,13,933,5,clear,False,0.32,1,1,0,540.7,93.7,4,2,90.8
19722,Express,2026-10-20,10,0,DR,14,958,5,clear,False,0.34,3,1,1,631.5,90.8,4,1,91.2
19722,Express,2026-10-20,10,0,CSMT,15,967,5,clear,False,0.18,0,1,0,722.7,91.2,0,0,86.3
17459,Superfast,2026-10-20,10,0,CSMT,0,0,13,clear,False,0.0,2,0,0,0.0,0.0,0,9,0.0
17459,Superfast,2026-10-20,10,0,DR,1,9,13,clear,False,0.24,2,0,0,0.0,0.0,2,8,0.9
17459,Superfast,2026-10-20,10,0,TNA,2,34,13,clear,False,0.72,0,0,0,0.9,0.9,2,7,8.4
17459,Superfast,2026-10-20,10,0,KYN,3,54,13,clear,False,0.49,4,0,0,9.3,8.4,2,6,14.4
17459,Superfast,2026-10-20,10,0,IGP,4,137,14,clear,False,0.22,4,0,0,23.7,14.4,2,5,20.1
17459,Superfast,2026-10-20,10,0,NK,5,188,15,clear,False,0.27,3,1,1,43.8,20.1,2,4,38.1
17459,Superfast,2026-10-20,10,0,MMR,6,261,16,clear,False,0.48,1,1,0,81.9,38.1,2,3,42.5
17459,Superfast,2026-10-20,10,0,AWB,7,375,17,clear,False,0.81,2,1,1,124.4,42.5,2,2,74.8
17459,Superfast,2026-10-20,10,0,J,8,438,18,clear,False,0.6,1,1,0,199.2,74.8,2,1,80.0
17459,Superfast,2026-10-20,10,0,NED,9,609,20,clear,False,0.3,4,1,0,279.2,80.0,0,0,87.8
20267,Mail,2026-10-20,10,0,NED,0,0,13,clear,False,0.0,0,0,0,0.0,0.0,0,9,0.0
20267,Mail,2026-10-20,10,0,J,1,171,15,clear,False,0.06,2,0,0,0.0,0.0,6,8,2.7
20267,Mail,2026-10-20,10,0,AWB,2,234,16,clear,False,0.21,1,0,0,2.7,2.7,6,7,3.1
20267,Mail,2026-10-20,10,0,MMR,3,348,18,clear,False,0.55,1,1,0,5.8,3.1,6,6,11.6
20267,Mail,2026-10-20,10,0,NK,4,421,18,clear,False,1.0,0,1,0,17.4,11.6,6,5,21.9
20267,Mail,2026-10-20,10,0,IGP,5,472,19,clear,False,0.76,2,1,0,39.3,21.9,6,4,37.3
20267,Mail,2026-10-20,10,0,KYN,6,555,20,clear,False,0.57,2,1,0,76.6,37.3,6,3,45.9
20267,Mail,2026-10-20,10,0,TNA,7,575,20,clear,False,0.73,1,1,0,122.5,45.9,6,2,55.4
20267,Mail,2026-10-20,10,0,DR,8,600,21,clear,False,0.93,4,1,0,177.9,55.4,6,1,64.1
20267,Mail,2026-10-20,10,0,CSMT,9,609,21,clear,False,0.25,1,1,0,242.0,64.1,0,0,67.6
12656,Vande Bharat,2026-10-20,10,0,CSMT,0,0,17,clear,False,0.0,2,0,0,0.0,0.0,0,5,2.2
12656,Vande Bharat,2026-10-20,10,0,DR,1,9,17,clear,False,0.23,0,0,0,2.2,2.2,2,4,7.6
12656,Vande Bharat,2026-10-20,10,0,TNA,2,34,17,clear,False,0.31,1,0,0,9.8,7.6,2,3,11.2
12656,Vande Bharat,2026-10-20,10,0,PNVL,3,69,17,clear,False,1.0,1,0,0,21.0,11.2,2,2,16.8
12656,Vande Bharat,2026-10-20,10,0,RN,4,307,20,clear,False,0.1,1,1,0,37.8,16.8,2,1,25.6
12656,Vande Bharat,2026-10-20,10,0,SWV,5,495,23,clear,False,0.22,1,1,0,63.4,25.6,0,0,34.8
19654,Vande Bharat,2026-10-20,10,0,SWV,0,0,14,clear,False,0.0,1,1,0,0.0,0.0,0,5,0.0
19654,Vande Bharat,2026-10-20,10,0,RN,1,188,16,clear,False,0.26,1,0,0,0.0,0.0,2,4,1.1
19654,Vande Bharat,2026-10-20,10,0,PNVL,2,426,19,clear,False,0.68,1,1,0,1.1,1.1,2,3,15.2
19654,Vande Bharat,2026-10-20,10,0,TNA,3,461,20,clear,False,0.85,0,1,0,16.3,15.2,2,2,26.9
19654,Vande Bharat,2026-10-20,10,0,DR,4,486,20,clear,False,0.25,0,1,0,43.2,26.9,2,1,33.6
19654,Vande Bharat,2026-10-20,10,0,CSMT,5,495,20,clear,False,0.51,1,1,0,76.8,33.6,0,0,39.3
12347,Express,2026-10-20,10,0,PUNE,0,0,19,clear,False,0.0,3,1,0,0.0,0.0,0,7,0.0
12347,Express,2026-10-20,10,0,DD,1,76,20,clear,False,0.4,2,0,0,0.0,0.0,4,6,8.6
12347,Express,2026-10-20,10,0,MMR,2,69,20,clear,False,0.66,3,0,0,8.6,8.6,4,5,19.3
12347,Express,2026-10-20,10,0,BSL,3,252,22,clear,False,0.15,2,1,0,27.9,19.3,4,4,22.3
12347,Express,2026-10-20,10,0,AK,4,391,0,clear,False,0.2,4,1,0,50.2,22.3,4,3,34.4
12347,Express,2026-10-20,10,0,BD,5,470,1,clear,False,0.39,2,1,0,84.6,34.4,4,2,39.3
12347,Express,2026-10-20,10,0,WR,6,565,2,clear,False,0.55,2,1,2,123.9,39.3,4,1,47.1
12347,Express,2026-10-20,10,0,NGP,7,645,3,clear,False,0.48,0,1,0,171.0,47.1,0,0,51.3
11531,Express,2026-10-20,10,0,NGP,0,0,21,clear,False,0.0,3,0,0,0.0,0.0,0,7,9.9
11531,Express,2026-10-20,10,0,WR,1,80,22,clear,False,0.33,2,0,0,9.9,9.9,4,6,9.0
11531,Express,2026-10-20,10,0,BD,2,175,0,clear,False,0.2,1,0,0,18.9,9.0,4,5,8.8
11531,Express,2026-10-20,10,0,AK,3,254,1,clear,False,0.13,1,0,0,27.7,8.8,4,4,9.8
11531,Express,2026-10-20,10,0,BSL,4,393,2,clear,False,0.33,0,0,0,37.5,9.8,4,3,8.9
11531,Express,2026-10-20,10,0,MMR,5,576,5,clear,False,0.62,1,0,0,46.4,8.9,4,2,8.0
11531,Express,2026-10-20,10,0,DD,6,569,5,clear,False,0.04,2,0,1,54.4,8.0,4,1,10.6
11531,Express,2026-10-20,10,0,PUNE,7,645,5,clear,False,0.53,1,0,0,65.0,10.6,0,0,10.5
22825,Vande Bharat,2026-10-20,10,0,NGP,0,0,14,clear,False,0.0,1,0,0,0.0,0.0,0,9,0.0
22825,Vande Bharat,2026-10-20,10,0,WR,1,80,15,clear,False,0.44,2,0,0,0.0,0.0,2,8,2.9
22825,Vande Bharat,2026-10-20,10,0,BD,2,175,16,clear,False,0.45,0,1,0,2.9,2.9,2,7,7.2
22825,Vande Bharat,2026-10-20,10,0,AK,3,254,17,clear,False,0.46,0,0,0,10.1,7.2,2,6,12.3
22825,Vande Bharat,2026-10-20,10,0,BSL,4,393,19,clear,False,0.48,0,0,0,22.4,12.3,2,5,16.1
22825,Vande Bharat,2026-10-20,10,0,MMR,5,576,21,clear,False,0.31,2,1,2,38.5,16.1,2,4,30.8
22825,Vande Bharat,2026-10-20,10,0,DD,6,569,21,clear,False,0.41,1,1,0,69.3,30.8,2,3,34.5
22825,Vande Bharat,2026-10-20,10,0,PUNE,7,645,22,clear,False,0.53,2,1,0,103.8,34.5,2,2,38.8
22825,Vande Bharat,2026-10-20,10,0,MRJ,8,366,18,clear,False,0.04,0,1,0,142.6,38.8,2,1,44.3
22825,Vande Bharat,2026-10-20,10,0,KOP,9,319,18,clear,False,0.6,2,1,0,186.9,44.3,0,0,47.6
12733,Intercity,2026-10-20,10,0,KOP,0,0,12,clear,False,0.0,1,0,0,0.0,0.0,0,9,0.0
12733,Intercity,2026-10-20,10,0,MRJ,1,47,13,clear,False,0.25,2,1,0,0.0,0.0,4,8,9.7
12733,Intercity,2026-10-20,10,0,PUNE,2,326,16,clear,False,0.52,1,0,0,9.7,9.7,4,7,9.3
12733,Intercity,2026-10-20,10,0,DD,3,250,15,clear,False,0.11,1,0,0,19.0,9.3,4,6,11.3
12733,Intercity,2026-10-20,10,0,MMR,4,257,15,clear,False,0.64,1,0,0,30.3,11.3,4,5,10.4
12733,Intercity,2026-10-20,10,0,BSL,5,74,13,clear,False,0.06,1,0,0,40.7,10.4,4,4,9.3
12733,Intercity,2026-10-20,10,0,AK,6,65,13,clear,False,0.43,2,1,2,50.0,9.3,4,3,18.5
12733,Intercity,2026-10-20,10,0,BD,7,144,14,clear,False,0.42,1,1,0,68.5,18.5,4,2,22.8
12733,Intercity,2026-10-20,10,0,WR,8,239,15,clear,False,0.11,3,1,0,91.3,22.8,4,1,31.1
12733,Intercity,2026-10-20,10,0,NGP,9,319,16,clear,False,0.6,0,1,0,122.4,31.1,0,0,34.2
18627,Express,2026-09-26,9,2,CSMT,0,0,20,rain,True,0.0,0,0,0,0.0,0.0,0,10,0.0
18627,Express,2026-09-26,9,2,DR,1,9,20,rain,True,0.6,1,0,0,0.0,0.0,4,9,6.5
18627,Express,2026-09-26,9,2,TNA,2,34,21,rain,True,0.47,0,0,0,6.5,6.5,4,8,10.9
18627,Express,2026-09-26,9,2,KYN,3,54,21,rain,True,0.35,4,1,1,17.4,10.9,4,7,27.4
18627,Express,2026-09-26,9,2,KJT,4,100,21,rain,True,0.34,1,1,0,44.8,27.4,4,6,42.5
18627,Express,2026-09-26,9,2,LNL,5,128,22,rain,True,0.61,4,1,1,87.3,42.5,4,5,52.0
18627,Express,2026-09-26,9,2,SVJR,6,190,22,rain,True,0.43,1,1,0,139.3,52.0,4,4,52.7
18627,Express,2026-09-26,9,2,PUNE,7,192,23,rain,True,0.71,1,1,0,192.0,52.7,4,3,59.2
18627,Express,2026-09-26,9,2,DD,8,268,23,rain,True,0.31,0,1,0,251.2,59.2,4,2,60.1
18627,Express,2026-09-26,9,2,KWV,9,377,1,rain,True,0.46,2,1,0,311.3,60.1,4,1,62.3
18627,Express,2026-09-26,9,2,SUR,10,455,2,rain,True,0.44,2,1,1,373.6,62.3,0,0,64.6
22419,Express,2026-09-26,9,2,SUR,0,0,18,rain,True,0.0,0,0,0,0.0,0.0,0,10,0.0
22419,Express,2026-09-26,9,2,KWV,1,78,19,rain,True,0.54,2,0,1,0.0,0.0,4,9,12.4
22419,Express,2026-09-26,9,2,DD,2,187,20,rain,True,0.76,1,1,0,12.4,12.4,4,8,29.1
22419,Express,2026-09-26,9,2,PUNE,3,263,21,rain,True,0.55,3,1,0,41.5,29.1,4,7,42.4
22419,Express,2026-09-26,9,2,SVJR,4,265,21,rain,True,0.29,4,1,1,83.9,42.4,4,6,52.4
22419,Express,2026-09-26,9,2,LNL,5,327,22,rain,True,0.13,2,1,0,136.3,52.4,4,5,64.4
22419,Express,2026-09-26,9,2,KJT,6,355,22,rain,True,0.41,2,1,1,200.7,64.4,4,4,73.1
22419,Express,2026-09-26,9,2,KYN,7,401,23,rain,True,0.26,1,1,0,273.8,73.1,4,3,75.9
22419,Express,2026-09-26,9,2,TNA,8,421,23,rain,True,0.48,1,1,0,349.7,75.9,4,2,71.4
22419,Express,2026-09-26,9,2,DR,9,446,0,rain,True,0.39,3,1,0,421.1,71.4,4,1,74.2
22419,Express,2026-09-26,9,2,CSMT,10,455,0,rain,True,0.35,0,1,0,495.3,74.2,0,0,70.2
20841,Intercity,2026-09-26,9,2,CSMT,0,0,19,rain,True,0.0,1,0,0,0.0,0.0,0,8,10.6
20841,Intercity,2026-09-26,9,2,DR,1,9,19,rain,True,0.14,1,1,0,10.6,10.6,4,7,36.6
20841,Intercity,2026-09-26,9,2,TNA,2,34,19,rain,True,0.31,1,1,0,47.2,36.6,4,6,41.6
20841,Intercity,2026-09-26,9,2,KYN,3,54,20,rain,True,0.27,2,1,0,88.8,41.6,4,5,46.0
20841,Intercity,2026-09-26,9,2,LNL,4,128,21,rain,True,0.04,1,1,0,134.8,46.0,4,4,55.0
20841,Intercity,2026-09-26,9,2,PUNE,5,192,21,rain,True,0.44,0,1,0,189.8,55.0,4,3,66.0
20841,Intercity,2026-09-26,9,2,MRJ,6,471,1,rain,True,0.47,3,1,0,255.8,66.0,4,2,74.1
20841,Intercity,2026-09-26,9,2,SLI,7,478,1,rain,True,0.41,1,1,0,329.9,74.1,4,1,73.5
20841,Intercity,2026-09-26,9,2,KOP,8,518,2,rain,True,0.36,1,1,0,403.4,73.5,0,0,74.7
19170,Express,2026-09-26,9,2,KOP,0,0,12,rain,True,0.0,0,0,0,0.0,0.0,0,8,0.0
19170,Express,2026-09-26,9,2,SLI,1,40,13,rain,True,0.18,2,0,0,0.0,0.0,4,7,0.9
19170,Express,2026-09-26,9,2,MRJ,2,47,13,rain,True,0.37,1,0,0,0.9,0.9,4,6,2.7
19170,Express,2026-09-26,9,2,PUNE,3,326,16,rain,True,0.27,1,0,0,3.6,2.7,4,5,4.1
19170,Express,2026-09-26,9,2,LNL,4,390,17,rain,True,0.3,3,1,1,7.7,4.1,4,4,33.6
19170,Express,2026-09-26,9,2,KYN,5,464,18,rain,True,0.5,3,1,0,41.3,33.6,4,3,48.3
19170,Express,2026-09-26,9,2,TNA,6,484,18,rain,True,0.41,0,1,0,89.6,48.3,4,2,56.9
19170,Express,2026-09-26,9,2,DR,7,509,18,rain,True,0.39,1,1,0,146.5,56.9,4,1,55.9
19170,Express,2026-09-26,9,2,CSMT,8,518,19,rain,True,0.46,1,1,0,202.4,55.9,0,0,64.0
13535,Express,2026-09-26,9,2,CSMT,0,0,11,rain,True,0.0,0,0,0,0.0,0.0,0,15,0.0
13535,Express,2026-09-26,9,2,DR,1,9,11,rain,True,0.52,0,0,0,0.0,0.0,4,14,4.2
13535,Express,2026-09-26,9,2,TNA,2,34,12,rain,True,0.82,0,0,0,4.2,4.2,4,13,9.1
13535,Express,2026-09-26,9,2,KYN,3,54,12,rain,True,0.32,1,0,0,13.3,9.1,4,12,10.0
13535,Express,2026-09-26,9,2,IGP,4,137,13,rain,True,0.53,2,0,0,23.3,10.0,4,11,17.0
13535,Express,2026-09-26,9,2,NK,5,188,14,rain,True,0.44,2,1,0,40.3,17.0,4,10,21.5
13535,Express,2026-09-26,9,2,MMR,6,261,15,rain,True,0.38,0,1,0,61.8,21.5,4,9,27.3
13535,Express,2026-09-26,9,2,CSN,7,328,15,rain,True,0.35,1,1,0,89.1,27.3,4,8,35.7
13535,Express,2026-09-26,9,2,JL,8,420,17,rain,True,0.34,1,1,0,124.8,35.7,4,7,44.6
13535,Express,2026-09-26,9,2,BSL,9,444,17,rain,True,0.78,1,1,0,169.4,44.6,4,6,51.6
13535,Express,2026-09-26,9,2,MKU,10,494,17,rain,True,0.68,2,1,1,221.0,51.6,4,5,61.5
13535,Express,2026-09-26,9,2,AK,11,583,19,rain,True,1.0,0,1,0,282.5,61.5,4,4,66.7
13535,Express,2026-09-26,9,2,BD,12,662,20,rain,True,0.22,0,1,0,349.2,66.7,4,3,69.1
13535,Express,2026-09-26,9,2,WR,13,757,21,rain,True,0.53,1,1,0,418.3,69.1,4,2,77.5
13535,Express,2026-09-26,9,2,NGP,14,837,22,rain,True,0.55,1,1,0,495.8,77.5,4,1,73.9
13535,Express,2026-09-26,9,2,G,15,967,23,rain,True,0.45,3,1,0,569.7,73.9,0,0,79.6
19245,Express,2026-09-26,9,2,G,0,0,20,rain,True,0.0,2,0,0,0.0,0.0,0,15,12.5
19245,Express,2026-09-26,9,2,NGP,1,130,21,rain,True,0.38,1,0,0,12.5,12.5,4,14,18.9
19245,Express,2026-09-26,9,2,WR,2,210,22,rain,True,0.31,2,1,0,31.4,18.9,4,13,25.2
19245,Express,2026-09-26,9,2,BD,3,305,0,rain,True,0.37,1,1,0,56.6,25.2,4,12,29.5
19245,Express,2026-09-26,9,2,AK,4,384,1,rain,True,0.17,2,1,0,86.1,29.5,4,11,37.0
19245,Express,2026-09-26,9,2,MKU,5,473,2,rain,True,0.83,1,1,0,123.1,37.0,4,10,42.6
19245,Express,2026-09-26,9,2,BSL,6,523,2,rain,True,0.27,1,1,0,165.7,42.6,4,9,44.9
19245,Express,2026-09-26,9,2,JL,7,547,3,rain,True,0.45,2,1,2,210.6,44.9,4,8,53.7
19245,Express,2026-09-26,9,2,CSN,8,639,4,rain,True,0.57,3,1,2,264.3,53.7,4,7,67.0
19245,Express,2026-09-26,9,2,MMR,9,706,5,rain,True,0.51,0,1,0,331.3,67.0,4,6,69.2
19245,Express,2026-09-26,9,2,NK,10,779,5,rain,True,0.18,3,1,1,400.5,69.2,4,5,76.4
19245,Express,2026-09-26,9,2,IGP,11,830,6,rain,True,0.62,1,1,0,476.9,76.4,4,4,80.2
19245,Express,2026-09-26,9,2,KYN,12,913,7,rain,True,0.31,3,1,0,557.1,80.2,4,3,86.7
19245,Express,2026-09-26,9,2,TNA,13,933,7,rain,True,0.23,1,1,0,643.8,86.7,4,2,86.5
19245,Express,2026-09-26,9,2,DR,14,958,8,rain,True,0.6,3,1,1,730.3,86.5,4,1,93.3
19245,Express,2026-09-26,9,2,CSMT,15,967,8,rain,True,0.32,1,1,0,823.6,93.3,0,0,93.2
20688,Intercity,2026-09-26,9,2,CSMT,0,0,17,rain,True,0.0,2,0,1,0.0,0.0,0,9,0.0
20688,Intercity,2026-09-26,9,2,DR,1,9,17,rain,True,0.09,1,1,0,0.0,0.0,4,8,11.2
20688,Intercity,2026-09-26,9,2,TNA,2,34,17,rain,True,0.43,1,0,0,11.2,11.2,4,7,12.2
20688,Intercity,2026-09-26,9,2,KYN,3,54,17,rain,True,0.2,2,0,0,23.4,12.2,4,6,14.2
20688,Intercity,2026-09-26,9,2,IGP,4,137,18,rain,True,0.35,2,0,0,37.6,14.2,4,5,23.1
20688,Intercity,2026-09-26,9,2,NK,5,188,19,rain,True,0.6,3,1,0,60.7,23.1,4,4,34.5
20688,Intercity,2026-09-26,9,2,MMR,6,261,20,rain,True,0.82,0,1,0,95.2,34.5,4,3,47.0
20688,Intercity,2026-09-26,9,2,AWB,7,375,21,rain,True,0.42,2,1,0,142.2,47.0,4,2,58.4
20688,Intercity,2026-09-26,9,2,J,8,438,22,rain,True,0.56,2,1,2,200.6,58.4,4,1,61.7
20688,Intercity,2026-09-26,9,2,NED,9,609,0,rain,True,0.7,1,1,0,262.3,61.7,0,0,64.2
13601,Express,2026-09-26,9,2,NED,0,0,12,rain,True,0.0,0,0,0,0.0,0.0,0,9,0.0
13601,Express,2026-09-26,9,2,J,1,171,14,rain,True,0.18,2,0,2,0.0,0.0,4,8,31.4
13601,Express,2026-09-26,9,2,AWB,2,234,15,rain,True,0.41,2,1,1,31.4,31.4,4,7,36.3
13601,Express,2026-09-26,9,2,MMR,3,348,17,rain,True,0.33,0,1,0,67.7,36.3,4,6,40.6
13601,Express,2026-09-26,9,2,NK,4,421,18,rain,True,0.28,0,1,0,108.3,40.6,4,5,47.1
13601,Express,2026-09-26,9,2,IGP,5,472,18,rain,True,0.9,1,1,0,155.4,47.1,4,4,64.0
13601,Express,2026-09-26,9,2,KYN,6,555,19,rain,True,0.99,0,1,0,219.4,64.0,4,3,70.2
13601,Express,2026-09-26,9,2,TNA,7,575,20,rain,True,0.58,1,1,0,289.6,70.2,4,2,72.3
13601,Express,2026-09-26,9,2,DR,8,600,20,rain,True,0.39,1,1,0,361.9,72.3,4,1,73.6
13601,Express,2026-09-26,9,2,CSMT,9,609,20,rain,True,0.48,1,1,0,435.5,73.6,0,0,78.9
15825,Vande Bharat,2026-09-26,9,2,CSMT,0,0,7,rain,True,0.0,1,0,0,0.0,0.0,0,5,0.0
15825,Vande Bharat,2026-09-26,9,2,DR,1,9,7,rain,True,0.17,1,0,0,0.0,0.0,2,4,4.1
15825,Vande Bharat,2026-09-26,9,2,TNA,2,34,8,rain,True,0.88,0,1,0,4.1,4.1,2,3,19.8
15825,Vande Bharat,2026-09-26,9,2,PNVL,3,69,8,rain,True,0.51,0,1,0,23.9,19.8,2,2,29.3
15825,Vande Bharat,2026-09-26,9,2,RN,4,307,11,rain,True,0.15,1,1,0,53.2,29.3,2,1,36.1
15825,Vande Bharat,2026-09-26,9,2,SWV,5,495,14,rain,True,0.37,3,1,0,89.3,36.1,0,0,42.1
17770,Superfast,2026-09-26,9,2,SWV,0,0,22,rain,True,0.0,2,1,3,0.0,0.0,0,5,0.0
17770,Superfast,2026-09-26,9,2,RN,1,188,1,rain,True,0.44,0,0,0,0.0,0.0,2,4,0.9
17770,Superfast,2026-09-26,9,2,PNVL,2,426,4,rain,True,0.21,1,1,0,0.9,0.9,2,3,8.6
17770,Superfast,2026-09-26,9,2,TNA,3,461,4,rain,True,0.48,1,1,0,9.5,8.6,2,2,16.8
17770,Superfast,2026-09-26,9,2,DR,4,486,4,rain,True,0.07,0,1,0,26.3,16.8,2,1,28.0
17770,Superfast,2026-09-26,9,2,CSMT,5,495,5,rain,True,0.65,3,1,0,54.3,28.0,0,0,38.8
17554,Vande Bharat,2026-09-26,9,2,PUNE,0,0,21,rain,True,0.0,2,0,1,0.0,0.0,0,7,0.0
17554,Vande Bharat,2026-09-26,9,2,DD,1,76,22,rain,True,0.54,1,1,0,0.0,0.0,2,6,8.6
17554,Vande Bharat,2026-09-26,9,2,MMR,2,69,22,rain,True,0.17,0,0,0,8.6,8.6,2,5,7.9
17554,Vande Bharat,2026-09-26,9,2,BSL,3,252,0,rain,True,0.46,0,0,0,16.5,7.9,2,4,11.8
17554,Vande Bharat,2026-09-26,9,2,AK,4,391,2,rain,True,0.48,1,0,0,28.3,11.8,2,3,12.5
17554,Vande Bharat,2026-09-26,9,2,BD,5,470,3,rain,True,0.59,0,0,0,40.8,12.5,2,2,11.7
17554,Vande Bharat,2026-09-26,9,2,WR,6,565,4,rain,True,0.49,0,0,0,52.5,11.7,2,1,11.4
17554,Vande Bharat,2026-09-26,9,2,NGP,7,645,5,rain,True,0.07,1,0,0,63.9,11.4,0,0,10.8
11087,Mail,2026-09-26,9,2,NGP,0,0,14,rain,True,0.0,0,0,0,0.0,0.0,0,7,0.0
11087,Mail,2026-09-26,9,2,WR,1,80,15,rain,True,0.08,1,1,0,0.0,0.0,6,6,6.9
11087,Mail,2026-09-26,9,2,BD,2,175,16,rain,True,0.35,1,0,0,6.9,6.9,6,5,10.0
11087,Mail,2026-09-26,9,2,AK,3,254,17,rain,True,0.34,2,0,0,16.9,10.0,6,4,15.4
11087,Mail,2026-09-26,9,2,BSL,4,393,19,rain,True,0.12,1,1,0,32.3,15.4,6,3,26.3
11087,Mail,2026-09-26,9,2,MMR,5,576,21,rain,True,0.85,0,1,0,58.6,26.3,6,2,33.8
11087,Mail,2026-09-26,9,2,DD,6,569,21,rain,True,0.58,0,1,0,92.4,33.8,6,1,37.8
11087,Mail,2026-09-26,9,2,PUNE,7,645,22,rain,True,0.35,0,1,0,130.2,37.8,0,0,42.3
20381,Superfast,2026-09-26,9,2,NGP,0,0,7,rain,True,0.0,1,1,0,0.0,0.0,0,9,0.0
20381,Superfast,2026-09-26,9,2,WR,1,80,8,rain,True,0.45,1,0,0,0.0,0.0,2,8,1.1
20381,Superfast,2026-09-26,9,2,BD,2,175,9,rain,True,0.5,0,0,0,1.1,1.1,2,7,4.9
20381,Superfast,2026-09-26,9,2,AK,3,254,10,rain,True,0.8,1,0,0,6.0,4.9,2,6,17.6
20381,Superfast,2026-09-26,9,2,BSL,4,393,12,rain,True,0.3,1,1,0,23.6,17.6,2,5,24.7
20381,Superfast,2026-09-26,9,2,MMR,5,576,14,rain,True,0.35,3,1,0,48.3,24.7,2,4,34.8
20381,Superfast,2026-09-26,9,2,DD,6,569,14,rain,True,0.25,4,1,0,83.1,34.8,2,3,46.6
20381,Superfast,2026-09-26,9,2,PUNE,7,645,15,rain,True,0.49,2,1,0,129.7,46.6,2,2,50.2
20381,Superfast,2026-09-26,9,2,MRJ,8,366,11,rain,True,0.79,2,1,0,179.9,50.2,2,1,59.6
20381,Superfast,2026-09-26,9,2,KOP,9,319,11,rain,True,0.2,1,1,0,239.5,59.6,0,0,61.1
16953,Intercity,2026-09-26,9,2,KOP,0,0,18,rain,True,0.0,0,1,0,0.0,0.0,0,9,12.7
16953,Intercity,2026-09-26,9,2,MRJ,1,47,19,rain,True,0.25,2,1,3,12.7,12.7,4,8,31.8
16953,Intercity,2026-09-26,9,2,PUNE,2,326,22,rain,True,0.47,2,1,0,44.5,31.8,4,7,35.7
16953,Intercity,2026-09-26,9,2,DD,3,250,21,rain,True,0.23,2,1,1,80.2,35.7,4,6,47.8
16953,Intercity,2026-09-26,9,2,MMR,4,257,21,rain,True,0.56,3,1,0,128.0,47.8,4,5,60.6
16953,Intercity,2026-09-26,9,2,BSL,5,74,19,rain,True,0.57,0,1,0,188.6,60.6,4,4,66.0
16953,Intercity,2026-09-26,9,2,AK,6,65,19,rain,True,1.0,1,1,0,254.6,66.0,4,3,75.2
16953,Intercity,2026-09-26,9,2,BD,7,144,20,rain,True,0.21,0,1,0,329.8,75.2,4,2,79.6
16953,Intercity,2026-09-26,9,2,WR,8,239,21,rain,True,0.6,1,1,0,409.4,79.6,4,1,82.3
16953,Intercity,2026-09-26,9,2,NGP,9,319,22,rain,True,0.05,0,1,0,491.7,82.3,0,0,84.3
11667,Vande Bharat,2026-03-12,3,1,CSMT,0,0,7,clear,False,0.0,2,0,2,0.0,0.0,0,10,16.6
11667,Vande Bharat,2026-03-12,3,1,DR,1,9,7,clear,False,0.08,1,1,0,16.6,16.6,2,9,24.3
11667,Vande Bharat,2026-03-12,3,1,TNA,2,34,8,clear,False,0.57,4,1,1,40.9,24.3,2,8,36.6
11667,Vande Bharat,2026-03-12,3,1,KYN,3,54,8,clear,False,0.78,2,1,2,77.5,36.6,2,7,53.2
11667,Vande Bharat,2026-03-12,3,1,KJT,4,100,9,clear,False,0.44,1,1,0,130.7,53.2,2,6,54.6
11667,Vande Bharat,2026-03-12,3,1,LNL,5,128,9,clear,False,0.27,2,1,1,185.3,54.6,2,5,64.3
11667,Vande Bharat,2026-03-12,3,1,SVJR,6,190,10,clear,False,0.33,1,1,0,249.6,64.3,2,4,66.0
11667,Vande Bharat,2026-03-12,3,1,PUNE,7,192,10,clear,False,0.39,0,1,0,315.6,66.0,2,3,69.9
11667,Vande Bharat,2026-03-12,3,1,DD,8,268,11,clear,False,0.25,1,1,0,385.5,69.9,2,2,74.5
11667,Vande Bharat,2026-03-12,3,1,KWV,9,377,12,clear,False,0.59,3,1,0,460.0,74.5,2,1,76.5
11667,Vande Bharat,2026-03-12,3,1,SUR,10,455,13,clear,False,0.2,2,1,0,536.5,76.5,0,0,78.8
21569,Mail,2026-03-12,3,1,SUR,0,0,9,clear,False,0.0,4,0,0,0.0,0.0,0,10,11.7
21569,Mail,2026-03-12,3,1,KWV,1,78,10,clear,False,0.33,1,0,0,11.7,11.7,6,9,14.2
21569,Mail,2026-03-12,3,1,DD,2,187,11,clear,False,0.15,1,0,0,25.9,14.2,6,8,20.7
21569,Mail,2026-03-12,3,1,PUNE,3,263,12,clear,False,0.37,1,1,0,46.6,20.7,6,7,23.9
21569,Mail,2026-03-12,3,1,SVJR,4,265,12,clear,False,0.56,1,1,0,70.5,23.9,6,6,31.1
21569,Mail,2026-03-12,3,1,LNL,5,327,13,clear,False,0.15,0,1,0,101.6,31.1,6,5,39.0
21569,Mail,2026-03-12,3,1,KJT,6,355,13,clear,False,0.71,4,1,0,140.6,39.0,6,4,52.1
21569,Mail,2026-03-12,3,1,KYN,7,401,14,clear,False,0.32,1,1,0,192.7,52.1,6,3,54.1
21569,Mail,2026-03-12,3,1,TNA,8,421,14,clear,False,0.14,1,1,0,246.8,54.1,6,2,56.6
21569,Mail,2026-03-12,3,1,DR,9,446,14,clear,False,0.22,0,1,0,303.4,56.6,6,1,53.6
21569,Mail,2026-03-12,3,1,CSMT,10,455,14,clear,False,0.2,2,1,0,357.0,53.6,0,0,55.0
18342,Superfast,2026-03-12,3,1,CSMT,0,0,11,clear,False,0.0,0,1,0,0.0,0.0,0,8,0.0
18342,Superfast,2026-03-12,3,1,DR,1,9,11,clear,False,0.41,0,0,0,0.0,0.0,2,7,0.8
18342,Superfast,2026-03-12,3,1,TNA,2,34,11,clear,False,0.77,1,0,0,0.8,0.8,2,6,9.3
18342,Superfast,2026-03-12,3,1,KYN,3,54,11,clear,False,0.66,1,0,0,10.1,9.3,2,5,15.6
18342,Superfast,2026-03-12,3,1,LNL,4,128,12,clear,False,0.23,3,1,0,25.7,15.6,2,4,24.7
18342,Superfast,2026-03-12,3,1,PUNE,5,192,13,clear,False,0.24,2,1,2,50.4,24.7,2,3,36.9
18342,Superfast,2026-03-12,3,1,MRJ,6,471,17,clear,False,0.58,1,1,0,87.3,36.9,2,2,46.4
18342,Superfast,2026-03-12,3,1,SLI,7,478,17,clear,False,0.46,3,1,2,133.7,46.4,2,1,62.9
18342,Superfast,2026-03-12,3,1,KOP,8,518,17,clear,False,0.29,1,1,0,196.6,62.9,0,0,69.4
11433,Superfast,2026-03-12,3,1,KOP,0,0,5,clear,False,0.0,2,0,2,0.0,0.0,0,8,0.0
11433,Superfast,2026-03-12,3,1,SLI,1,40,5,clear,False,0.35,0,1,0,0.0,0.0,2,7,5.2
11433,Superfast,2026-03-12,3,1,MRJ,2,47,5,clear,False,0.26,0,1,0,5.2,5.2,2,6,13.4
11433,Superfast,2026-03-12,3,1,PUNE,3,326,9,clear,False,0.55,1,0,0,18.6,13.4,2,5,15.3
11433,Superfast,2026-03-12,3,1,LNL,4,390,9,clear,False,0.29,1,1,0,33.9,15.3,2,4,21.0
11433,Superfast,2026-03-12,3,1,KYN,5,464,10,clear,False,0.66,0,1,0,54.9,21.0,2,3,30.6
11433,Superfast,2026-03-12,3,1,TNA,6,484,11,clear,False,0.43,2,1,1,85.5,30.6,2,2,41.3
11433,Superfast,2026-03-12,3,1,DR,7,509,11,clear,False,0.54,1,1,0,126.8,41.3,2,1,50.5
11433,Superfast,2026-03-12,3,1,CSMT,8,518,11,clear,False,0.17,0,1,0,177.3,50.5,0,0,55.3
20687,Intercity,2026-03-12,3,1,CSMT,0,0,13,clear,False,0.0,1,0,0,0.0,0.0,0,15,0.0
20687,Intercity,2026-03-12,3,1,DR,1,9,13,clear,False,0.52,2,0,0,0.0,0.0,4,14,0.8
20687,Intercity,2026-03-12,3,1,TNA,2,34,13,clear,False,0.88,0,0,0,0.8,0.8,4,13,6.6
20687,Intercity,2026-03-12,3,1,KYN,3,54,13,clear,False,0.39,2,0,1,7.4,6.6,4,12,8.4
20687,Intercity,2026-03-12,3,1,IGP,4,137,15,clear,False,0.61,1,0,0,15.8,8.4,4,11,8.3
20687,Intercity,2026-03-12,3,1,NK,5,188,15,clear,False,0.02,2,0,1,24.1,8.3,4,10,11.6
20687,Intercity,2026-03-12,3,1,MMR,6,261,16,clear,False,0.22,4,0,0,35.7,11.6,4,9,15.5
20687,Intercity,2026-03-12,3,1,CSN,7,328,17,clear,False,0.51,1,1,0,51.2,15.5,4,8,26.1
20687,Intercity,2026-03-12,3,1,JL,8,420,18,clear,False,0.23,1,1,0,77.3,26.1,4,7,36.9
20687,Intercity,2026-03-12,3,1,BSL,9,444,18,clear,False,0.51,0,1,0,114.2,36.9,4,6,42.2
20687,Intercity,2026-03-12,3,1,MKU,10,494,19,clear,False,0.5,0,1,0,156.4,42.2,4,5,50.7
20687,Intercity,2026-03-12,3,1,AK,11,583,20,clear,False,0.55,1,1,0,207.1,50.7,4,4,53.9
20687,Intercity,2026-03-12,3,1,BD,12,662,21,clear,False,0.44,1,1,0,261.0,53.9,4,3,59.0
20687,Intercity,2026-03-12,3,1,WR,13,757,22,clear,False,0.47,1,1,0,320.0,59.0,4,2,61.5
20687,Intercity,2026-03-12,3,1,NGP,14,837,23,clear,False,0.5,1,1,0,381.5,61.5,4,1,60.8
20687,Intercity,2026-03-12,3,1,G,15,967,1,clear,False,0.35,2,1,0,442.3,60.8,0,0,60.0
16464,Mail,2026-03-12,3,1,G,0,0,16,clear,False,0.0,1,0,0,0.0,0.0,0,15,0.0
16464,Mail,2026-03-12,3,1,NGP,1,130,18,clear,False,0.64,2,1,1,0.0,0.0,6,14,13.6
16464,Mail,2026-03-12,3,1,WR,2,210,19,clear,False,0.97,2,0,0,13.6,13.6,6,13,22.8
16464,Mail,2026-03-12,3,1,BD,3,305,20,clear,False,0.49,1,1,0,36.4,22.8,6,12,32.8
16464,Mail,2026-03-12,3,1,AK,4,384,21,clear,False,0.36,2,1,0,69.2,32.8,6,11,43.4
16464,Mail,2026-03-12,3,1,MKU,5,473,22,clear,False,0.62,2,1,0,112.6,43.4,6,10,45.5
16464,Mail,2026-03-12,3,1,BSL,6,523,22,clear,False,0.41,3,1,1,158.1,45.5,6,9,54.3
16464,Mail,2026-03-12,3,1,JL,7,547,23,clear,False,0.19,1,1,0,212.4,54.3,6,8,52.2
16464,Mail,2026-03-12,3,1,CSN,8,639,0,clear,False,0.33,2,1,0,264.6,52.2,6,7,52.5
16464,Mail,2026-03-12,3,1,MMR,9,706,1,clear,False,0.37,0,1,0,317.1,52.5,6,6,51.9
16464,Mail,2026-03-12,3,1,NK,10,779,2,clear,False,0.57,0,1,0,369.0,51.9,6,5,56.0
16464,Mail,2026-03-12,3,1,IGP,11,830,2,clear,False,0.81,0,1,0,425.0,56.0,6,4,60.9
16464,Mail,2026-03-12,3,1,KYN,12,913,3,clear,False,0.32,2,1,0,485.9,60.9,6,3,61.3
16464,Mail,2026-03-12,3,1,TNA,13,933,4,clear,False,0.52,3,1,0,547.2,61.3,6,2,63.7
16464,Mail,2026-03-12,3,1,DR,14,958,4,clear,False,0.61,1,1,0,610.9,63.7,6,1,69.0
16464,Mail,2026-03-12,3,1,CSMT,15,967,4,clear,False,0.11,1,1,0,679.9,69.0,0,0,69.1
12485,Vande Bharat,2026-03-12,3,1,CSMT,0,0,20,clear,False,0.0,0,0,0,0.0,0.0,0,9,11.6
12485,Vande Bharat,2026-03-12,3,1,DR,1,9,20,clear,False,0.24,1,1,0,11.6,11.6,2,8,22.6
12485,Vande Bharat,2026-03-12,3,1,TNA,2,34,20,clear,False,0.58,0,1,0,34.2,22.6,2,7,24.6
12485,Vande Bharat,2026-03-12,3,1,KYN,3,54,20,clear,False,0.37,2,1,0,58.8,24.6,2,6,29.9
12485,Vande Bharat,2026-03-12,3,1,IGP,4,137,22,clear,False,0.59,2,1,0,88.7,29.9,2,5,35.0
12485,Vande Bharat,2026-03-12,3,1,NK,5,188,22,clear,False,0.63,0,1,0,123.7,35.0,2,4,40.2
12485,Vande Bharat,2026-03-12,3,1,MMR,6,261,23,clear,False,0.55,3,1,0,163.9,40.2,2,3,44.2
12485,Vande Bharat,2026-03-12,3,1,AWB,7,375,1,clear,False,0.24,1,1,0,208.1,44.2,2,2,46.6
12485,Vande Bharat,2026-03-12,3,1,J,8,438,1,clear,False,0.58,0,1,0,254.7,46.6,2,1,47.6
12485,Vande Bharat,2026-03-12,3,1,NED,9,609,3,clear,False,0.31,1,1,0,302.3,47.6,0,0,51.2
21068,Superfast,2026-03-12,3,1,NED,0,0,6,clear,False,0.0,0,1,0,0.0,0.0,0,9,0.0
21068,Superfast,2026-03-12,3,1,J,1,171,8,clear,False,0.61,0,0,0,0.0,0.0,2,8,5.9
21068,Superfast,2026-03-12,3,1,AWB,2,234,9,clear,False,0.61,0,0,0,5.9,5.9,2,7,12.3
21068,Superfast,2026-03-12,3,1,MMR,3,348,10,clear,False,0.64,1,1,0,18.2,12.3,2,6,22.6
21068,Superfast,2026-03-12,3,1,NK,4,421,11,clear,False,0.83,1,1,0,40.8,22.6,2,5,34.7
21068,Superfast,2026-03-12,3,1,IGP,5,472,12,clear,False,0.46,0,1,0,75.5,34.7,2,4,37.8
21068,Superfast,2026-03-12,3,1,KYN,6,555,13,clear,False,0.24,4,1,0,113.3,37.8,2,3,43.5
21068,Superfast,2026-03-12,3,1,TNA,7,575,13,clear,False,0.35,1,1,0,156.8,43.5,2,2,49.1
21068,Superfast,2026-03-12,3,1,DR,8,600,13,clear,False,0.41,1,1,0,205.9,49.1,2,1,52.8
21068,Superfast,2026-03-12,3,1,CSMT,9,609,13,clear,False,0.24,3,1,1,258.7,52.8,0,0,63.7
18766,Vande Bharat,2026-03-12,3,1,CSMT,0,0,22,clear,False,0.0,1,1,0,0.0,0.0,0,5,0.0
18766,Vande Bharat,2026-03-12,3,1,DR,1,9,22,clear,False,0.69,3,1,0,0.0,0.0,2,4,13.1
18766,Vande Bharat,2026-03-12,3,1,TNA,2,34,22,clear,False,0.3,0,1,0,13.1,13.1,2,3,18.3
18766,Vande Bharat,2026-03-12,3,1,PNVL,3,69,23,clear,False,0.36,1,1,0,31.4,18.3,2,2,23.3
18766,Vande Bharat,2026-03-12,3,1,RN,4,307,2,clear,False,0.43,2,1,2,54.7,23.3,2,1,31.9
18766,Vande Bharat,2026-03-12,3,1,SWV,5,495,4,clear,False,0.34,2,1,2,86.6,31.9,0,0,44.6
17723,Superfast,2026-03-12,3,1,SWV,0,0,7,clear,False,0.0,2,0,1,0.0,0.0,0,5,0.0
17723,Superfast,2026-03-12,3,1,RN,1,188,9,clear,False,0.33,1,0,0,0.0,0.0,2,4,4.8
17723,Superfast,2026-03-12,3,1,PNVL,2,426,12,clear,False,0.42,2,0,0,4.8,4.8,2,3,4.6
17723,Superfast,2026-03-12,3,1,TNA,3,461,12,clear,False,0.17,2,1,1,9.4,4.6,2,2,12.1
17723,Superfast,2026-03-12,3,1,DR,4,486,13,clear,False,0.39,1,0,0,21.5,12.1,2,1,13.9
17723,Superfast,2026-03-12,3,1,CSMT,5,495,13,clear,False,0.54,2,0,0,35.4,13.9,0,0,14.9
11518,Intercity,2026-03-12,3,1,PUNE,0,0,12,clear,False,0.0,2,0,0,0.0,0.0,0,7,0.0
11518,Intercity,2026-03-12,3,1,DD,1,76,13,clear,False,0.29,2,0,1,0.0,0.0,4,6,5.7
11518,Intercity,2026-03-12,3,1,MMR,2,69,13,clear,False,0.35,1,0,0,5.7,5.7,4,5,8.5
11518,Intercity,2026-03-12,3,1,BSL,3,252,15,clear,False,0.48,0,0,0,14.2,8.5,4,4,9.4
11518,Intercity,2026-03-12,3,1,AK,4,391,17,clear,False,0.7,0,1,0,23.6,9.4,4,3,19.5
11518,Intercity,2026-03-12,3,1,BD,5,470,18,clear,False,0.02,2,1,0,43.1,19.5,4,2,23.9
11518,Intercity,2026-03-12,3,1,WR,6,565,19,clear,False,0.43,0,1,0,67.0,23.9,4,1,31.3
11518,Intercity,2026-03-12,3,1,NGP,7,645,20,clear,False,0.52,0,1,0,98.3,31.3,0,0,35.2
14591,Mail,2026-03-12,3,1,NGP,0,0,13,clear,False,0.0,1,0,0,0.0,0.0,0,7,9.5
14591,Mail,2026-03-12,3,1,WR,1,80,14,clear,False,0.15,1,0,0,9.5,9.5,6,6,10.7
14591,Mail,2026-03-12,3,1,BD,2,175,15,clear,False,0.31,1,1,0,20.2,10.7,6,5,21.8
14591,Mail,2026-03-12,3,1,AK,3,254,16,clear,False,0.53,2,1,0,42.0,21.8,6,4,25.9
14591,Mail,2026-03-12,3,1,BSL,4,393,17,clear,False,0.53,2,1,0,67.9,25.9,6,3,30.1
14591,Mail,2026-03-12,3,1,MMR,5,576,20,clear,False,0.45,1,1,0,98.0,30.1,6,2,39.0
14591,Mail,2026-03-12,3,1,DD,6,569,20,clear,False,0.46,2,1,1,137.0,39.0,6,1,51.5
14591,Mail,2026-03-12,3,1,PUNE,7,645,21,clear,False,0.82,1,1,0,188.5,51.5,0,0,60.2
22275,Express,2026-03-12,3,1,NGP,0,0,13,clear,False,0.0,1,0,0,0.0,0.0,0,9,2.3
22275,Express,2026-03-12,3,1,WR,1,80,14,clear,False,0.24,0,0,0,2.3,2.3,4,8,3.6
22275,Express,2026-03-12,3,1,BD,2,175,15,clear,False,0.31,1,0,0,5.9,3.6,4,7,4.3
22275,Express,2026-03-12,3,1,AK,3,254,16,clear,False,0.38,3,0,0,10.2,4.3,4,6,10.6
22275,Express,2026-03-12,3,1,BSL,4,393,18,clear,False,0.69,2,0,0,20.8,10.6,4,5,14.9
22275,Express,2026-03-12,3,1,MMR,5,576,20,clear,False,0.49,2,0,1,35.7,14.9,4,4,19.9
22275,Express,2026-03-12,3,1,DD,6,569,20,clear,False,0.13,1,1,0,55.6,19.9,4,3,28.1
22275,Express,2026-03-12,3,1,PUNE,7,645,21,clear,False,0.39,0,1,0,83.7,28.1,4,2,35.4
22275,Express,2026-03-12,3,1,MRJ,8,366,17,clear,False,0.72,1,1,0,119.1,35.4,4,1,47.7
22275,Express,2026-03-12,3,1,KOP,9,319,17,clear,False,0.39,2,1,0,166.8,47.7,0,0,57.4
12537,Intercity,2026-03-12,3,1,KOP,0,0,10,clear,False,0.0,4,0,0,0.0,0.0,0,9,0.0
12537,Intercity,2026-03-12,3,1,MRJ,1,47,10,clear,False,0.64,1,0,0,0.0,0.0,4,8,3.9
12537,Intercity,2026-03-12,3,1,PUNE,2,326,14,clear,False,0.3,1,0,0,3.9,3.9,4,7,4.1
12537,Intercity,2026-03-12,3,1,DD,3,250,13,clear,False,0.22,2,0,2,8.0,4.1,4,6,10.0
12537,Intercity,2026-03-12,3,1,MMR,4,257,13,clear,False,0.34,1,0,0,18.0,10.0,4,5,15.7
12537,Intercity,2026-03-12,3,1,BSL,5,74,11,clear,False,0.38,1,1,0,33.7,15.7,4,4,20.9
12537,Intercity,2026-03-12,3,1,AK,6,65,11,clear,False,0.39,1,1,0,54.6,20.9,4,3,26.9
12537,Intercity,2026-03-12,3,1,BD,7,144,12,clear,False,0.32,1,1,0,81.5,26.9,4,2,30.0
12537,Intercity,2026-03-12,3,1,WR,8,239,13,clear,False,0.67,4,1,1,111.5,30.0,4,1,41.9
12537,Intercity,2026-03-12,3,1,NGP,9,319,14,clear,False,0.31,3,1,0,153.4,41.9,0,0,47.1
11549,Mail,2026-09-20,9,5,CSMT,0,0,21,heavy_rain,True,0.0,1,0,0,0.0,0.0,0,10,0.0
11549,Mail,2026-09-20,9,5,DR,1,9,22,heavy_rain,True,0.37,0,0,0,0.0,0.0,6,9,8.0
11549,Mail,2026-09-20,9,5,TNA,2,34,22,heavy_rain,True,0.34,1,1,0,8.0,8.0,6,8,17.0
11549,Mail,2026-09-20,9,5,KYN,3,54,22,heavy_rain,True,0.6,1,1,0,25.0,17.0,6,7,24.0
11549,Mail,2026-09-20,9,5,KJT,4,100,23,heavy_rain,True,0.5,1,1,0,49.0,24.0,6,6,44.4
11549,Mail,2026-09-20,9,5,LNL,5,128,23,heavy_rain,True,0.24,4,1,1,93.4,44.4,6,5,58.7
11549,Mail,2026-09-20,9,5,SVJR,6,190,0,heavy_rain,True,0.56,1,1,0,152.1,58.7,6,4,58.8
11549,Mail,2026-09-20,9,5,PUNE,7,192,0,heavy_rain,True,0.43,0,1,0,210.9,58.8,6,3,57.9
11549,Mail,2026-09-20,9,5,DD,8,268,1,heavy_rain,True,0.08,1,1,0,268.8,57.9,6,2,66.1
11549,Mail,2026-09-20,9,5,KWV,9,377,2,heavy_rain,True,0.46,1,1,0,334.9,66.1,6,1,70.0
11549,Mail,2026-09-20,9,5,SUR,10,455,3,heavy_rain,True,0.39,0,1,0,404.9,70.0,0,0,66.6
21909,Intercity,2026-09-20,9,5,SUR,0,0,8,heavy_rain,True,0.0,1,0,0,0.0,0.0,0,10,0.0
21909,Intercity,2026-09-20,9,5,KWV,1,78,9,heavy_rain,True,0.41,1,1,0,0.0,0.0,4,9,9.6
21909,Intercity,2026-09-20,9,5,DD,2,187,11,heavy_rain,True,0.36,2,0,2,9.6,9.6,4,8,19.8
21909,Intercity,2026-09-20,9,5,PUNE,3,263,12,heavy_rain,True,0.17,1,1,0,29.4,19.8,4,7,22.1
21909,Intercity,2026-09-20,9,5,SVJR,4,265,12,heavy_rain,True,0.17,1,1,0,51.5,22.1,4,6,35.2
21909,Intercity,2026-09-20,9,5,LNL,5,327,12,heavy_rain,True,0.73,0,1,0,86.7,35.2,4,5,44.5
21909,Intercity,2026-09-20,9,5,KJT,6,355,13,heavy_rain,True,0.39,1,1,0,131.2,44.5,4,4,59.2
21909,Intercity,2026-09-20,9,5,KYN,7,401,13,heavy_rain,True,0.22,1,1,0,190.4,59.2,4,3,62.6
21909,Intercity,2026-09-20,9,5,TNA,8,421,14,heavy_rain,True,0.31,1,1,0,253.0,62.6,4,2,59.1
21909,Intercity,2026-09-20,9,5,DR,9,446,14,heavy_rain,True,0.35,2,1,1,312.1,59.1,4,1,65.4
21909,Intercity,2026-09-20,9,5,CSMT,10,455,14,heavy_rain,True,0.34,1,1,0,377.5,65.4,0,0,63.0
22409,Superfast,2026-09-20,9,5,CSMT,0,0,14,heavy_rain,True,0.0,2,0,3,0.0,0.0,0,8,23.0
22409,Superfast,2026-09-20,9,5,DR,1,9,14,heavy_rain,True,0.54,2,1,1,23.0,23.0,2,7,33.9
22409,Superfast,2026-09-20,9,5,TNA,2,34,14,heavy_rain,True,0.2,2,1,1,56.9,33.9,2,6,42.2
22409,Superfast,2026-09-20,9,5,KYN,3,54,14,heavy_rain,True,0.38,1,1,0,99.1,42.2,2,5,48.9
22409,Superfast,2026-09-20,9,5,LNL,4,128,15,heavy_rain,True,0.48,0,1,0,148.0,48.9,2,4,61.9
22409,Superfast,2026-09-20,9,5,PUNE,5,192,16,heavy_rain,True,0.34,1,1,0,209.9,61.9,2,3,64.0
22409,Superfast,2026-09-20,9,5,MRJ,6,471,20,heavy_rain,True,0.13,1,1,0,273.9,64.0,2,2,67.9
22409,Superfast,2026-09-20,9,5,SLI,7,478,20,heavy_rain,True,0.1,0,1,0,341.8,67.9,2,1,67.4
22409,Superfast,2026-09-20,9,5,KOP,8,518,20,heavy_rain,True,0.78,2,1,0,409.2,67.4,0,0,77.6
14060,Superfast,2026-09-20,9,5,KOP,0,0,20,heavy_rain,True,0.0,1,1,0,0.0,0.0,0,8,0.0
14060,Superfast,2026-09-20,9,5,SLI,1,40,20,heavy_rain,True,0.16,2,0,0,0.0,0.0,2,7,10.2
14060,Superfast,2026-09-20,9,5,MRJ,2,47,20,heavy_rain,True,0.42,3,0,0,10.2,10.2,2,6,20.8
14060,Superfast,2026-09-20,9,5,PUNE,3,326,0,heavy_rain,True,0.05,2,1,0,31.0,20.8,2,5,28.8
14060,Superfast,2026-09-20,9,5,LNL,4,390,0,heavy_rain,True,0.6,4,1,2,59.8,28.8,2,4,47.0
14060,Superfast,2026-09-20,9,5,KYN,5,464,1,heavy_rain,True,0.15,1,1,0,106.8,47.0,2,3,54.9
14060,Superfast,2026-09-20,9,5,TNA,6,484,2,heavy_rain,True,0.37,1,1,0,161.7,54.9,2,2,55.1
14060,Superfast,2026-09-20,9,5,DR,7,509,2,heavy_rain,True,0.29,3,1,1,216.8,55.1,2,1,61.0
14060,Superfast,2026-09-20,9,5,CSMT,8,518,2,heavy_rain,True,0.49,1,1,0,277.8,61.0,0,0,65.4
19747,Vande Bharat,2026-09-20,9,5,CSMT,0,0,12,heavy_rain,True,0.0,1,1,0,0.0,0.0,0,15,0.0
19747,Vande Bharat,2026-09-20,9,5,DR,1,9,12,heavy_rain,True,0.4,0,1,0,0.0,0.0,2,14,7.2
19747,Vande Bharat,2026-09-20,9,5,TNA,2,34,13,heavy_rain,True,0.17,2,0,3,7.2,7.2,2,13,17.8
19747,Vande Bharat,2026-09-20,9,5,KYN,3,54,13,heavy_rain,True,0.19,0,1,0,25.0,17.8,2,12,26.7
19747,Vande Bharat,2026-09-20,9,5,IGP,4,137,14,heavy_rain,True,0.55,2,1,0,51.7,26.7,2,11,39.8
19747,Vande Bharat,2026-09-20,9,5,NK,5,188,14,heavy_rain,True,0.23,2,1,1,91.5,39.8,2,10,43.9
19747,Vande Bharat,2026-09-20,9,5,MMR,6,261,15,heavy_rain,True,0.44,0,1,0,135.4,43.9,2,9,44.4
19747,Vande Bharat,2026-09-20,9,5,CSN,7,328,16,heavy_rain,True,0.15,1,1,0,179.8,44.4,2,8,46.6
19747,Vande Bharat,2026-09-20,9,5,JL,8,420,17,heavy_rain,True,0.4,1,1,0,226.4,46.6,2,7,52.2
19747,Vande Bharat,2026-09-20,9,5,BSL,9,444,18,heavy_rain,True,0.52,1,1,0,278.6,52.2,2,6,60.2
19747,Vande Bharat,2026-09-20,9,5,MKU,10,494,18,heavy_rain,True,0.48,1,1,0,338.8,60.2,2,5,71.1
19747,Vande Bharat,2026-09-20,9,5,AK,11,583,19,heavy_rain,True,0.54,0,1,0,409.9,71.1,2,4,70.6
19747,Vande Bharat,2026-09-20,9,5,BD,12,662,20,heavy_rain,True,0.37,4,1,3,480.5,70.6,2,3,82.3
19747,Vande Bharat,2026-09-20,9,5,WR,13,757,22,heavy_rain,True,0.64,1,1,0,562.8,82.3,2,2,79.4
19747,Vande Bharat,2026-09-20,9,5,NGP,14,837,23,heavy_rain,True,0.28,1,1,0,642.2,79.4,2,1,76.6
19747,Vande Bharat,2026-09-20,9,5,G,15,967,0,heavy_rain,True,0.36,2,1,0,718.8,76.6,0,0,71.4
22366,Superfast,2026-09-20,9,5,G,0,0,17,heavy_rain,True,0.0,1,0,0,0.0,0.0,0,15,0.0
22366,Superfast,2026-09-20,9,5,NGP,1,130,18,heavy_rain,True,0.67,1,0,0,0.0,0.0,2,14,2.1
22366,Superfast,2026-09-20,9,5,WR,2,210,19,heavy_rain,True,0.06,1,0,0,2.1,2.1,2,13,6.1
22366,Superfast,2026-09-20,9,5,BD,3,305,21,heavy_rain,True,0.7,1,0,0,8.2,6.1,2,12,15.4
22366,Superfast,2026-09-20,9,5,AK,4,384,22,heavy_rain,True,0.73,2,1,1,23.6,15.4,2,11,32.1
22366,Superfast,2026-09-20,9,5,MKU,5,473,23,heavy_rain,True,0.49,1,1,0,55.7,32.1,2,10,35.7
22366,Superfast,2026-09-20,9,5,BSL,6,523,23,heavy_rain,True,0.14,3,1,0,91.4,35.7,2,9,47.7
22366,Superfast,2026-09-20,9,5,JL,7,547,0,heavy_rain,True,0.37,3,1,0,139.1,47.7,2,8,51.2
22366,Superfast,2026-09-20,9,5,CSN,8,639,1,heavy_rain,True,0.44,2,1,1,190.3,51.2,2,7,55.0
22366,Superfast,2026-09-20,9,5,MMR,9,706,2,heavy_rain,True,0.26,1,1,0,245.3,55.0,2,6,62.3
22366,Superfast,2026-09-20,9,5,NK,10,779,2,heavy_rain,True,0.28,0,1,0,307.6,62.3,2,5,63.3
22366,Superfast,2026-09-20,9,5,IGP,11,830,3,heavy_rain,True,0.23,0,1,0,370.9,63.3,2,4,71.3
22366,Superfast,2026-09-20,9,5,KYN,12,913,4,heavy_rain,True,0.52,3,1,0,442.2,71.3,2,3,77.4
22366,Superfast,2026-09-20,9,5,TNA,13,933,4,heavy_rain,True,0.68,1,1,0,519.6,77.4,2,2,77.2
22366,Superfast,2026-09-20,9,5,DR,14,958,5,heavy_rain,True,0.08,0,1,0,596.8,77.2,2,1,76.3
22366,Superfast,2026-09-20,9,5,CSMT,15,967,5,heavy_rain,True,0.52,1,1,0,673.1,76.3,0,0,72.9
18442,Vande Bharat,2026-09-20,9,5,CSMT,0,0,7,heavy_rain,True,0.0,0,0,0,0.0,0.0,0,9,0.0
18442,Vande Bharat,2026-09-20,9,5,DR,1,9,7,heavy_rain,True,0.38,2,0,1,0.0,0.0,2,8,3.2
18442,Vande Bharat,2026-09-20,9,5,TNA,2,34,8,heavy_rain,True,0.24,2,0,2,3.2,3.2,2,7,12.4
18442,Vande Bharat,2026-09-20,9,5,KYN,3,54,8,heavy_rain,True,0.41,2,1,0,15.6,12.4,2,6,19.1
18442,Vande Bharat,2026-09-20,9,5,IGP,4,137,9,heavy_rain,True,0.63,1,1,0,34.7,19.1,2,5,34.0
18442,Vande Bharat,2026-09-20,9,5,NK,5,188,10,heavy_rain,True,0.54,1,1,0,68.7,34.0,2,4,41.6
18442,Vande Bharat,2026-09-20,9,5,MMR,6,261,11,heavy_rain,True,0.85,1,1,0,110.3,41.6,2,3,47.3
18442,Vande Bharat,2026-09-20,9,5,AWB,7,375,12,heavy_rain,True,0.39,1,1,0,157.6,47.3,2,2,49.7
18442,Vande Bharat,2026-09-20,9,5,J,8,438,13,heavy_rain,True,0.22,1,1,0,207.3,49.7,2,1,51.8
18442,Vande Bharat,2026-09-20,9,5,NED,9,609,15,heavy_rain,True,0.4,1,1,0,259.1,51.8,0,0,55.0
17305,Mail,2026-09-20,9,5,NED,0,0,20,heavy_rain,True,0.0,1,0,0,0.0,0.0,0,9,8.2
17305,Mail,2026-09-20,9,5,J,1,171,22,heavy_rain,True,0.21,0,1,0,8.2,8.2,6,8,14.9
17305,Mail,2026-09-20,9,5,AWB,2,234,23,heavy_rain,True,0.22,0,0,0,23.1,14.9,6,7,14.9
17305,Mail,2026-09-20,9,5,MMR,3,348,0,heavy_rain,True,0.57,1,0,0,38.0,14.9,6,6,16.2
17305,Mail,2026-09-20,9,5,NK,4,421,1,heavy_rain,True,0.17,2,1,0,54.2,16.2,6,5,20.8
17305,Mail,2026-09-20,9,5,IGP,5,472,2,heavy_rain,True,0.32,2,1,0,75.0,20.8,6,4,34.0
17305,Mail,2026-09-20,9,5,KYN,6,555,3,heavy_rain,True,0.23,0,1,0,109.0,34.0,6,3,39.1
17305,Mail,2026-09-20,9,5,TNA,7,575,3,heavy_rain,True,0.54,1,1,0,148.1,39.1,6,2,43.9
17305,Mail,2026-09-20,9,5,DR,8,600,3,heavy_rain,True,0.42,1,1,0,192.0,43.9,6,1,47.6
17305,Mail,2026-09-20,9,5,CSMT,9,609,4,heavy_rain,True,0.14,1,1,0,239.6,47.6,0,0,51.3
11096,Intercity,2026-09-20,9,5,CSMT,0,0,6,heavy_rain,True,0.0,2,0,0,0.0,0.0,0,5,1.2
11096,Intercity,2026-09-20,9,5,DR,1,9,6,heavy_rain,True,0.27,3,1,0,1.2,1.2,4,4,15.8
11096,Intercity,2026-09-20,9,5,TNA,2,34,6,heavy_rain,True,0.04,1,1,0,17.0,15.8,4,3,21.5
11096,Intercity,2026-09-20,9,5,PNVL,3,69,7,heavy_rain,True,0.62,0,1,0,38.5,21.5,4,2,41.3
11096,Intercity,2026-09-20,9,5,RN,4,307,10,heavy_rain,True,0.26,1,1,0,79.8,41.3,4,1,49.1
11096,Intercity,2026-09-20,9,5,SWV,5,495,12,heavy_rain,True,0.31,1,1,0,128.9,49.1,0,0,48.4
17636,Intercity,2026-09-20,9,5,SWV,0,0,19,heavy_rain,True,0.0,0,0,0,0.0,0.0,0,5,0.0
17636,Intercity,2026-09-20,9,5,RN,1,188,22,heavy_rain,True,0.19,1,1,0,0.0,0.0,4,4,8.3
17636,Intercity,2026-09-20,9,5,PNVL,2,426,1,heavy_rain,True,0.37,2,0,0,8.3,8.3,4,3,8.4
17636,Intercity,2026-09-20,9,5,TNA,3,461,1,heavy_rain,True,0.24,2,0,0,16.7,8.4,4,2,8.5
17636,Intercity,2026-09-20,9,5,DR,4,486,1,heavy_rain,True,0.08,1,0,0,25.2,8.5,4,1,8.6
17636,Intercity,2026-09-20,9,5,CSMT,5,495,2,heavy_rain,True,0.45,2,0,1,33.8,8.6,0,0,11.5
18202,Mail,2026-09-20,9,5,PUNE,0,0,19,heavy_rain,True,0.0,1,1,0,0.0,0.0,0,7,0.0
18202,Mail,2026-09-20,9,5,DD,1,76,20,heavy_rain,True,0.9,1,0,0,0.0,0.0,6,6,6.4
18202,Mail,2026-09-20,9,5,MMR,2,69,20,heavy_rain,True,1.0,2,0,0,6.4,6.4,6,5,22.4
18202,Mail,2026-09-20,9,5,BSL,3,252,22,heavy_rain,True,0.14,0,1,0,28.8,22.4,6,4,30.0
18202,Mail,2026-09-20,9,5,AK,4,391,0,heavy_rain,True,0.18,1,1,0,58.8,30.0,6,3,36.5
18202,Mail,2026-09-20,9,5,BD,5,470,1,heavy_rain,True,0.29,0,1,0,95.3,36.5,6,2,38.9
18202,Mail,2026-09-20,9,5,WR,6,565,2,heavy_rain,True,0.22,3,1,0,134.2,38.9,6,1,48.1
18202,Mail,2026-09-20,9,5,NGP,7,645,3,heavy_rain,True,0.34,0,1,0,182.3,48.1,0,0,47.7
11629,Intercity,2026-09-20,9,5,NGP,0,0,11,heavy_rain,True,0.0,1,0,0,0.0,0.0,0,7,0.0
11629,Intercity,2026-09-20,9,5,WR,1,80,12,heavy_rain,True,0.23,1,1,0,0.0,0.0,4,6,6.9
11629,Intercity,2026-09-20,9,5,BD,2,175,14,heavy_rain,True,0.21,1,0,0,6.9,6.9,4,5,11.6
11629,Intercity,2026-09-20,9,5,AK,3,254,15,heavy_rain,True,0.43,2,0,2,18.5,11.6,4,4,19.0
11629,Intercity,2026-09-20,9,5,BSL,4,393,16,heavy_rain,True,0.07,2,1,1,37.5,19.0,4,3,25.6
11629,Intercity,2026-09-20,9,5,MMR,5,576,19,heavy_rain,True,0.44,4,1,0,63.1,25.6,4,2,37.8
11629,Intercity,2026-09-20,9,5,DD,6,569,18,heavy_rain,True,0.13,0,1,0,100.9,37.8,4,1,47.6
11629,Intercity,2026-09-20,9,5,PUNE,7,645,19,heavy_rain,True,0.12,1,1,0,148.5,47.6,0,0,54.1
17831,Intercity,2026-09-20,9,5,NGP,0,0,12,heavy_rain,True,0.0,3,0,0,0.0,0.0,0,9,0.0
17831,Intercity,2026-09-20,9,5,WR,1,80,13,heavy_rain,True,0.22,1,0,0,0.0,0.0,4,8,3.2
17831,Intercity,2026-09-20,9,5,BD,2,175,14,heavy_rain,True,0.25,1,0,0,3.2,3.2,4,7,4.4
17831,Intercity,2026-09-20,9,5,AK,3,254,15,heavy_rain,True,0.1,1,0,0,7.6,4.4,4,6,6.0
17831,Intercity,2026-09-20,9,5,BSL,4,393,17,heavy_rain,True,0.41,1,0,0,13.6,6.0,4,5,11.8
17831,Intercity,2026-09-20,9,5,MMR,5,576,19,heavy_rain,True,1.0,2,0,0,25.4,11.8,4,4,22.8
17831,Intercity,2026-09-20,9,5,DD,6,569,19,heavy_rain,True,0.21,1,1,0,48.2,22.8,4,3,30.5
17831,Intercity,2026-09-20,9,5,PUNE,7,645,20,heavy_rain,True,0.79,1,1,0,78.7,30.5,4,2,39.2
17831,Intercity,2026-09-20,9,5,MRJ,8,366,16,heavy_rain,True,0.26,1,1,0,117.9,39.2,4,1,42.3
17831,Intercity,2026-09-20,9,5,KOP,9,319,16,heavy_rain,True,0.73,1,1,0,160.2,42.3,0,0,48.1
18107,Express,2026-09-20,9,5,KOP,0,0,5,heavy_rain,True,0.0,1,1,0,0.0,0.0,0,9,0.0
18107,Express,2026-09-20,9,5,MRJ,1,47,5,heavy_rain,True,0.54,3,0,1,0.0,0.0,4,8,6.0
18107,Express,2026-09-20,9,5,PUNE,2,326,9,heavy_rain,True,0.71,0,0,0,6.0,6.0,4,7,17.3
18107,Express,2026-09-20,9,5,DD,3,250,8,heavy_rain,True,0.19,1,1,0,23.3,17.3,4,6,22.2
18107,Express,2026-09-20,9,5,MMR,4,257,8,heavy_rain,True,0.58,4,1,0,45.5,22.2,4,5,31.3
18107,Express,2026-09-20,9,5,BSL,5,74,6,heavy_rain,True,0.52,0,1,0,76.8,31.3,4,4,37.4
18107,Express,2026-09-20,9,5,AK,6,65,6,heavy_rain,True,0.28,0,1,0,114.2,37.4,4,3,43.2
18107,Express,2026-09-20,9,5,BD,7,144,7,heavy_rain,True,0.44,1,1,0,157.4,43.2,4,2,43.0
18107,Express,2026-09-20,9,5,WR,8,239,8,heavy_rain,True,0.31,2,1,0,200.4,43.0,4,1,46.5
18107,Express,2026-09-20,9,5,NGP,9,319,9,heavy_rain,True,0.79,2,1,2,246.9,46.5,0,0,63.3
11553,Superfast,2026-05-21,5,5,CSMT,0,0,20,clear,False,0.0,1,1,0,0.0,0.0,0,10,4.5
11553,Superfast,2026-05-21,5,5,DR,1,9,20,clear,False,0.66,0,0,0,4.5,4.5,2,9,8.2
11553,Superfast,2026-05-21,5,5,TNA,2,34,21,clear,False,0.86,1,1,0,12.7,8.2,2,8,21.3
11553,Superfast,2026-05-21,5,5,KYN,3,54,21,clear,False,0.63,1,1,0,34.0,21.3,2,7,28.9
11553,Superfast,2026-05-21,5,5,KJT,4,100,21,clear,False,0.38,0,1,0,62.9,28.9,2,6,38.4
11553,Superfast,2026-05-21,5,5,LNL,5,128,22,clear,False,0.01,1,1,0,101.3,38.4,2,5,41.9
11553,Superfast,2026-05-21,5,5,SVJR,6,190,23,clear,False,0.06,2,1,0,143.2,41.9,2,4,44.6
11553,Superfast,2026-05-21,5,5,PUNE,7,192,23,clear,False,0.03,2,1,0,187.8,44.6,2,3,47.1
11553,Superfast,2026-05-21,5,5,DD,8,268,0,clear,False,0.13,3,1,3,234.9,47.1,2,2,62.0
11553,Superfast,2026-05-21,5,5,KWV,9,377,1,clear,False,0.56,1,1,0,296.9,62.0,2,1,62.7
11553,Superfast,2026-05-21,5,5,SUR,10,455,2,clear,False,0.58,0,1,0,359.6,62.7,0,0,68.0
11507,Superfast,2026-05-21,5,5,SUR,0,0,15,clear,False,0.0,1,0,0,0.0,0.0,0,10,0.0
11507,Superfast,2026-05-21,5,5,KWV,1,78,16,clear,False,0.51,1,0,0,0.0,0.0,2,9,2.3
11507,Superfast,2026-05-21,5,5,DD,2,187,17,clear,False,0.93,3,0,2,2.3,2.3,2,8,17.4
11507,Superfast,2026-05-21,5,5,PUNE,3,263,18,clear,False,0.16,1,1,0,19.7,17.4,2,7,27.5
11507,Superfast,2026-05-21,5,5,SVJR,4,265,18,clear,False,0.82,2,1,3,47.2,27.5,2,6,43.3
11507,Superfast,2026-05-21,5,5,LNL,5,327,19,clear,False,0.74,0,1,0,90.5,43.3,2,5,51.5
11507,Superfast,2026-05-21,5,5,KJT,6,355,19,clear,False,0.7,1,1,0,142.0,51.5,2,4,60.5
11507,Superfast,2026-05-21,5,5,KYN,7,401,20,clear,False,0.5,3,1,1,202.5,60.5,2,3,75.2
11507,Superfast,2026-05-21,5,5,TNA,8,421,20,clear,False,0.36,0,1,0,277.7,75.2,2,2,78.3
11507,Superfast,2026-05-21,5,5,DR,9,446,20,clear,False,0.28,1,1,0,356.0,78.3,2,1,75.8
11507,Superfast,2026-05-21,5,5,CSMT,10,455,20,clear,False,0.79,0,1,0,431.8,75.8,0,0,80.0
16459,Mail,2026-05-21,5,5,CSMT,0,0,22,clear,False,0.0,2,0,1,0.0,0.0,0,8,0.0
16459,Mail,2026-05-21,5,5,DR,1,9,22,clear,False,0.69,2,1,0,0.0,0.0,6,7,9.7
16459,Mail,2026-05-21,5,5,TNA,2,34,23,clear,False,0.35,3,0,0,9.7,9.7,6,6,12.3
16459,Mail,2026-05-21,5,5,KYN,3,54,23,clear,False,0.42,0,0,0,22.0,12.3,6,5,13.9
16459,Mail,2026-05-21,5,5,LNL,4,128,0,clear,False,0.16,0,1,0,35.9,13.9,6,4,20.8
16459,Mail,2026-05-21,5,5,PUNE,5,192,1,clear,False,0.41,2,1,0,56.7,20.8,6,3,29.4
16459,Mail,2026-05-21,5,5,MRJ,6,471,4,clear,False,0.28,0,1,0,86.1,29.4,6,2,36.4
16459,Mail,2026-05-21,5,5,SLI,7,478,4,clear,False,0.18,1,1,0,122.5,36.4,6,1,38.9
16459,Mail,2026-05-21,5,5,KOP,8,518,5,clear,False,0.24,0,1,0,161.4,38.9,0,0,40.5
12017,Express,2026-05-21,5,5,KOP,0,0,9,clear,False,0.0,1,0,0,0.0,0.0,0,8,0.0
12017,Express,2026-05-21,5,5,SLI,1,40,9,clear,False,0.36,0,0,0,0.0,0.0,4,7,4.4
12017,Express,2026-05-21,5,5,MRJ,2,47,9,clear,False,0.11,1,0,0,4.4,4.4,4,6,6.9
12017,Express,2026-05-21,5,5,PUNE,3,326,13,clear,False,0.48,1,1,0,11.3,6.9,4,5,11.2
12017,Express,2026-05-21,5,5,LNL,4,390,13,clear,False,0.44,0,0,0,22.5,11.2,4,4,16.6
12017,Express,2026-05-21,5,5,KYN,5,464,14,clear,False,0.21,0,1,0,39.1,16.6,4,3,21.5
12017,Express,2026-05-21,5,5,TNA,6,484,15,clear,False,0.25,1,1,0,60.6,21.5,4,2,24.8
12017,Express,2026-05-21,5,5,DR,7,509,15,clear,False,0.05,1,1,0,85.4,24.8,4,1,29.0
12017,Express,2026-05-21,5,5,CSMT,8,518,15,clear,False,0.17,1,1,0,114.4,29.0,0,0,32.9
20976,Mail,2026-05-21,5,5,CSMT,0,0,5,clear,False,0.0,1,0,0,0.0,0.0,0,15,0.0
20976,Mail,2026-05-21,5,5,DR,1,9,5,clear,False,0.29,1,1,0,0.0,0.0,6,14,12.0
20976,Mail,2026-05-21,5,5,TNA,2,34,5,clear,False,0.12,0,0,0,12.0,12.0,6,13,13.2
20976,Mail,2026-05-21,5,5,KYN,3,54,5,clear,False,0.39,3,0,1,25.2,13.2,6,12,21.8
20976,Mail,2026-05-21,5,5,IGP,4,137,6,clear,False,0.24,1,1,0,47.0,21.8,6,11,28.0
20976,Mail,2026-05-21,5,5,NK,5,188,7,clear,False,0.7,2,1,1,75.0,28.0,6,10,37.4
20976,Mail,2026-05-21,5,5,MMR,6,261,8,clear,False,0.62,1,1,0,112.4,37.4,6,9,46.8
20976,Mail,2026-05-21,5,5,CSN,7,328,9,clear,False,0.23,2,1,3,159.2,46.8,6,8,59.3
20976,Mail,2026-05-21,5,5,JL,8,420,10,clear,False,0.23,0,1,0,218.5,59.3,6,7,64.0
20976,Mail,2026-05-21,5,5,BSL,9,444,10,clear,False,0.43,4,1,0,282.5,64.0,6,6,75.0
20976,Mail,2026-05-21,5,5,MKU,10,494,11,clear,False,0.59,1,1,0,357.5,75.0,6,5,78.2
20976,Mail,2026-05-21,5,5,AK,11,583,12,clear,False,0.44,1,1,0,435.7,78.2,6,4,77.9
20976,Mail,2026-05-21,5,5,BD,12,662,13,clear,False,0.29,0,1,0,513.6,77.9,6,3,78.7
20976,Mail,2026-05-21,5,5,WR,13,757,14,clear,False,0.36,1,1,0,592.3,78.7,6,2,77.1
20976,Mail,2026-05-21,5,5,NGP,14,837,15,clear,False,0.2,0,1,0,669.4,77.1,6,1,80.4
20976,Mail,2026-05-21,5,5,G,15,967,17,clear,False,0.32,2,1,1,749.8,80.4,0,0,86.2
18403,Express,2026-05-21,5,5,G,0,0,9,clear,False,0.0,1,0,0,0.0,0.0,0,15,0.0
18403,Express,2026-05-21,5,5,NGP,1,130,11,clear,False,0.39,2,0,0,0.0,0.0,4,14,5.2
18403,Express,2026-05-21,5,5,WR,2,210,12,clear,False,0.28,1,0,0,5.2,5.2,4,13,6.6
18403,Express,2026-05-21,5,5,BD,3,305,13,clear,False,0.53,0,1,0,11.8,6.6,4,12,13.4
18403,Express,2026-05-21,5,5,AK,4,384,14,clear,False,0.16,0,0,0,25.2,13.4,4,11,13.9
18403,Express,2026-05-21,5,5,MKU,5,473,15,clear,False,0.46,0,0,0,39.1,13.9,4,10,13.8
18403,Express,2026-05-21,5,5,BSL,6,523,16,clear,False,0.57,3,1,0,52.9,13.8,4,9,21.5
18403,Express,2026-05-21,5,5,JL,7,547,16,clear,False,0.32,0,1,0,74.4,21.5,4,8,30.9
18403,Express,2026-05-21,5,5,CSN,8,639,17,clear,False,0.63,1,1,0,105.3,30.9,4,7,41.8
18403,Express,2026-05-21,5,5,MMR,9,706,18,clear,False,0.78,1,1,0,147.1,41.8,4,6,48.2
18403,Express,2026-05-21,5,5,NK,10,779,19,clear,False,0.65,2,1,0,195.3,48.2,4,5,51.2
18403,Express,2026-05-21,5,5,IGP,11,830,20,clear,False,0.35,1,1,0,246.5,51.2,4,4,56.2
18403,Express,2026-05-21,5,5,KYN,12,913,21,clear,False,0.53,2,1,0,302.7,56.2,4,3,67.5
18403,Express,2026-05-21,5,5,TNA,13,933,21,clear,False,0.91,1,1,0,370.2,67.5,4,2,74.5
18403,Express,2026-05-21,5,5,DR,14,958,21,clear,False,0.39,1,1,0,444.7,74.5,4,1,80.7
18403,Express,2026-05-21,5,5,CSMT,15,967,21,clear,False,0.36,3,1,1,525.4,80.7,0,0,90.4
21814,Vande Bharat,2026-05-21,5,5,CSMT,0,0,13,clear,False,0.0,0,0,0,0.0,0.0,0,9,0.0
21814,Vande Bharat,2026-05-21,5,5,DR,1,9,13,clear,False,0.11,1,0,0,0.0,0.0,2,8,1.8
21814,Vande Bharat,2026-05-21,5,5,TNA,2,34,13,clear,False,0.46,1,0,0,1.8,1.8,2,7,4.3
21814,Vande Bharat,2026-05-21,5,5,KYN,3,54,13,clear,False,0.36,2,1,0,6.1,4.3,2,6,10.9
21814,Vande Bharat,2026-05-21,5,5,IGP,4,137,14,clear,False,0.2,0,0,0,17.0,10.9,2,5,12.3
21814,Vande Bharat,2026-05-21,5,5,NK,5,188,15,clear,False,0.34,0,1,0,29.3,12.3,2,4,15.8
21814,Vande Bharat,2026-05-21,5,5,MMR,6,261,16,clear,False,0.23,0,1,0,45.1,15.8,2,3,24.5
21814,Vande Bharat,2026-05-21,5,5,AWB,7,375,17,clear,False,0.37,1,1,0,69.6,24.5,2,2,37.1
21814,Vande Bharat,2026-05-21,5,5,J,8,438,18,clear,False,0.8,1,1,0,106.7,37.1,2,1,49.7
21814,Vande Bharat,2026-05-21,5,5,NED,9,609,20,clear,False,0.42,0,1,0,156.4,49.7,0,0,51.2
18985,Intercity,2026-05-21,5,5,NED,0,0,5,clear,False,0.0,1,0,0,0.0,0.0,0,9,0.0
18985,Intercity,2026-05-21,5,5,J,1,171,7,clear,False,0.45,1,1,0,0.0,0.0,4,8,10.2
18985,Intercity,2026-05-21,5,5,AWB,2,234,8,clear,False,0.49,2,1,1,10.2,10.2,4,7,21.2
18985,Intercity,2026-05-21,5,5,MMR,3,348,10,clear,False,0.92,0,1,0,31.4,21.2,4,6,29.3
18985,Intercity,2026-05-21,5,5,NK,4,421,11,clear,False,0.69,2,1,3,60.7,29.3,4,5,45.7
18985,Intercity,2026-05-21,5,5,IGP,5,472,11,clear,False,0.54,3,1,0,106.4,45.7,4,4,56.6
18985,Intercity,2026-05-21,5,5,KYN,6,555,12,clear,False,0.69,3,1,0,163.0,56.6,4,3,71.3
18985,Intercity,2026-05-21,5,5,TNA,7,575,12,clear,False,0.73,0,1,0,234.3,71.3,4,2,70.3
18985,Intercity,2026-05-21,5,5,DR,8,600,13,clear,False,0.1,1,1,0,304.6,70.3,4,1,68.7
18985,Intercity,2026-05-21,5,5,CSMT,9,609,13,clear,False,0.51,0,1,0,373.3,68.7,0,0,68.1
14948,Intercity,2026-05-21,5,5,CSMT,0,0,8,clear,False,0.0,1,0,0,0.0,0.0,0,5,0.0
14948,Intercity,2026-05-21,5,5,DR,1,9,8,clear,False,0.21,1,0,0,0.0,0.0,4,4,6.2
14948,Intercity,2026-05-21,5,5,TNA,2,34,8,clear,False,0.65,4,1,0,6.2,6.2,4,3,21.5
14948,Intercity,2026-05-21,5,5,PNVL,3,69,9,clear,False,0.17,1,1,0,27.7,21.5,4,2,25.9
14948,Intercity,2026-05-21,5,5,RN,4,307,12,clear,False,0.22,0,1,0,53.6,25.9,4,1,31.8
14948,Intercity,2026-05-21,5,5,SWV,5,495,14,clear,False,0.2,1,1,0,85.4,31.8,0,0,33.4
18868,Express,2026-05-21,5,5,SWV,0,0,18,clear,False,0.0,0,0,0,0.0,0.0,0,5,0.0
18868,Express,2026-05-21,5,5,RN,1,188,20,clear,False,0.44,2,0,2,0.0,0.0,4,4,10.6
18868,Express,2026-05-21,5,5,PNVL,2,426,23,clear,False,0.45,0,0,0,10.6,10.6,4,3,10.1
18868,Express,2026-05-21,5,5,TNA,3,461,23,clear,False,0.42,1,0,0,20.7,10.1,4,2,13.2
18868,Express,2026-05-21,5,5,DR,4,486,0,clear,False,0.5,2,0,1,33.9,13.2,4,1,17.1
18868,Express,2026-05-21,5,5,CSMT,5,495,0,clear,False,0.63,1,1,0,51.0,17.1,0,0,22.7
17348,Intercity,2026-05-21,5,5,PUNE,0,0,22,clear,False,0.0,1,0,0,0.0,0.0,0,7,0.0
17348,Intercity,2026-05-21,5,5,DD,1,76,23,clear,False,0.18,1,0,0,0.0,0.0,4,6,9.6
17348,Intercity,2026-05-21,5,5,MMR,2,69,23,clear,False,0.25,1,0,0,9.6,9.6,4,5,9.2
17348,Intercity,2026-05-21,5,5,BSL,3,252,2,clear,False,0.16,0,0,0,18.8,9.2,4,4,9.3
17348,Intercity,2026-05-21,5,5,AK,4,391,3,clear,False,0.52,2,0,0,28.1,9.3,4,3,8.8
17348,Intercity,2026-05-21,5,5,BD,5,470,4,clear,False,0.32,1,0,0,36.9,8.8,4,2,8.5
17348,Intercity,2026-05-21,5,5,WR,6,565,6,clear,False,0.52,1,1,0,45.4,8.5,4,1,19.3
17348,Intercity,2026-05-21,5,5,NGP,7,645,7,clear,False,0.22,1,1,0,64.7,19.3,0,0,22.3
11849,Express,2026-05-21,5,5,NGP,0,0,12,clear,False,0.0,0,0,0,0.0,0.0,0,7,0.0
11849,Express,2026-05-21,5,5,WR,1,80,13,clear,False,0.21,0,0,0,0.0,0.0,4,6,3.8
11849,Express,2026-05-21,5,5,BD,2,175,14,clear,False,0.19,1,0,0,3.8,3.8,4,5,4.2
11849,Express,2026-05-21,5,5,AK,3,254,15,clear,False,0.52,1,0,0,8.0,4.2,4,4,4.2
11849,Express,2026-05-21,5,5,BSL,4,393,16,clear,False,0.3,1,0,0,12.2,4.2,4,3,23.1
11849,Express,2026-05-21,5,5,MMR,5,576,19,clear,False,0.98,0,1,0,35.3,23.1,4,2,39.7
11849,Express,2026-05-21,5,5,DD,6,569,19,clear,False,0.31,0,1,0,75.0,39.7,4,1,44.2
11849,Express,2026-05-21,5,5,PUNE,7,645,20,clear,False,0.38,0,1,0,119.2,44.2,0,0,49.8
21470,Superfast,2026-05-21,5,5,NGP,0,0,5,clear,False,0.0,0,0,0,0.0,0.0,0,9,9.8
21470,Superfast,2026-05-21,5,5,WR,1,80,6,clear,False,0.34,0,0,0,9.8,9.8,2,8,16.3
21470,Superfast,2026-05-21,5,5,BD,2,175,7,clear,False,0.3,2,1,1,26.1,16.3,2,7,24.3
21470,Superfast,2026-05-21,5,5,AK,3,254,8,clear,False,0.32,1,1,0,50.4,24.3,2,6,32.2
21470,Superfast,2026-05-21,5,5,BSL,4,393,10,clear,False,0.43,1,1,0,82.6,32.2,2,5,39.3
21470,Superfast,2026-05-21,5,5,MMR,5,576,12,clear,False,0.28,4,1,1,121.9,39.3,2,4,52.6
21470,Superfast,2026-05-21,5,5,DD,6,569,12,clear,False,0.59,1,1,0,174.5,52.6,2,3,53.7
21470,Superfast,2026-05-21,5,5,PUNE,7,645,13,clear,False,0.33,3,1,2,228.2,53.7,2,2,63.6
21470,Superfast,2026-05-21,5,5,MRJ,8,366,10,clear,False,0.28,3,1,1,291.8,63.6,2,1,71.6
21470,Superfast,2026-05-21,5,5,KOP,9,319,9,clear,False,0.25,1,1,0,363.4,71.6,0,0,74.7
13245,Mail,2026-05-21,5,5,KOP,0,0,5,clear,False,0.0,1,0,0,0.0,0.0,0,9,0.0
13245,Mail,2026-05-21,5,5,MRJ,1,47,6,clear,False,0.3,3,0,0,0.0,0.0,6,8,7.1
13245,Mail,2026-05-21,5,5,PUNE,2,326,9,clear,False,1.0,1,0,0,7.1,7.1,6,7,19.2
13245,Mail,2026-05-21,5,5,DD,3,250,8,clear,False,1.0,0,1,0,26.3,19.2,6,6,32.7
13245,Mail,2026-05-21,5,5,MMR,4,257,9,clear,False,1.0,1,1,0,59.0,32.7,6,5,48.1
13245,Mail,2026-05-21,5,5,BSL,5,74,6,clear,False,0.12,1,1,0,107.1,48.1,6,4,52.4
13245,Mail,2026-05-21,5,5,AK,6,65,6,clear,False,0.2,2,1,0,159.5,52.4,6,3,57.0
13245,Mail,2026-05-21,5,5,BD,7,144,7,clear,False,0.47,4,1,0,216.5,57.0,6,2,64.7
13245,Mail,2026-05-21,5,5,WR,8,239,8,clear,False,0.27,2,1,0,281.2,64.7,6,1,69.3
13245,Mail,2026-05-21,5,5,NGP,9,319,9,clear,False,0.18,1,1,0,350.5,69.3,0,0,69.1
14845,Vande Bharat,2026-12-13,12,3,CSMT,0,0,22,fog,False,0.0,2,0,0,0.0,0.0,0,10,0.0
14845,Vande Bharat,2026-12-13,12,3,DR,1,9,22,fog,False,0.07,1,0,0,0.0,0.0,2,9,6.0
14845,Vande Bharat,2026-12-13,12,3,TNA,2,34,22,fog,False,0.14,3,1,0,6.0,6.0,2,8,20.9
14845,Vande Bharat,2026-12-13,12,3,KYN,3,54,23,fog,False,0.22,3,1,0,26.9,20.9,2,7,36.6
14845,Vande Bharat,2026-12-13,12,3,KJT,4,100,23,fog,False,0.41,2,1,0,63.5,36.6,2,6,41.4
14845,Vande Bharat,2026-12-13,12,3,LNL,5,128,0,fog,False,0.35,0,1,0,104.9,41.4,2,5,48.7
14845,Vande Bharat,2026-12-13,12,3,SVJR,6,190,0,fog,False,0.4,0,1,0,153.6,48.7,2,4,51.1
14845,Vande Bharat,2026-12-13,12,3,PUNE,7,192,0,fog,False,0.41,1,1,0,204.7,51.1,2,3,59.1
14845,Vande Bharat,2026-12-13,12,3,DD,8,268,1,fog,False,0.51,1,1,0,263.8,59.1,2,2,66.4
14845,Vande Bharat,2026-12-13,12,3,KWV,9,377,3,fog,False,0.12,1,1,0,330.2,66.4,2,1,73.5
14845,Vande Bharat,2026-12-13,12,3,SUR,10,455,4,fog,False,0.34,1,1,0,403.7,73.5,0,0,77.8
20372,Intercity,2026-12-13,12,3,SUR,0,0,6,fog,False,0.0,1,1,0,0.0,0.0,0,10,0.0
20372,Intercity,2026-12-13,12,3,KWV,1,78,7,fog,False,0.41,1,0,0,0.0,0.0,4,9,5.5
20372,Intercity,2026-12-13,12,3,DD,2,187,8,fog,False,0.05,1,0,0,5.5,5.5,4,8,11.5
20372,Intercity,2026-12-13,12,3,PUNE,3,263,9,fog,False,1.0,4,0,0,17.0,11.5,4,7,28.3
20372,Intercity,2026-12-13,12,3,SVJR,4,265,9,fog,False,0.98,0,1,0,45.3,28.3,4,6,42.7
20372,Intercity,2026-12-13,12,3,LNL,5,327,10,fog,False,0.24,2,1,0,88.0,42.7,4,5,54.3
20372,Intercity,2026-12-13,12,3,KJT,6,355,10,fog,False,0.77,0,1,0,142.3,54.3,4,4,63.0
20372,Intercity,2026-12-13,12,3,KYN,7,401,11,fog,False,0.26,0,1,0,205.3,63.0,4,3,71.9
20372,Intercity,2026-12-13,12,3,TNA,8,421,11,fog,False,0.68,0,1,0,277.2,71.9,4,2,81.8
20372,Intercity,2026-12-13,12,3,DR,9,446,11,fog,False,0.67,1,1,0,359.0,81.8,4,1,90.6
20372,Intercity,2026-12-13,12,3,CSMT,10,455,11,fog,False,0.15,1,1,0,449.6,90.6,0,0,96.8
22771,Express,2026-12-13,12,3,CSMT,0,0,12,fog,False,0.0,1,0,0,0.0,0.0,0,8,0.0
22771,Express,2026-12-13,12,3,DR,1,9,12,fog,False,0.58,0,0,0,0.0,0.0,4,7,6.8
22771,Express,2026-12-13,12,3,TNA,2,34,12,fog,False,0.59,1,0,0,6.8,6.8,4,6,14.9
22771,Express,2026-12-13,12,3,KYN,3,54,12,fog,False,0.41,2,0,0,21.7,14.9,4,5,17.5
22771,Express,2026-12-13,12,3,LNL,4,128,13,fog,False,0.16,0,1,0,39.2,17.5,4,4,28.8
22771,Express,2026-12-13,12,3,PUNE,5,192,14,fog,False,0.16,0,1,0,68.0,28.8,4,3,34.3
22771,Express,2026-12-13,12,3,MRJ,6,471,18,fog,False,0.47,0,1,0,102.3,34.3,4,2,49.4
22771,Express,2026-12-13,12,3,SLI,7,478,18,fog,False,0.53,1,1,0,151.7,49.4,4,1,62.3
22771,Express,2026-12-13,12,3,KOP,8,518,18,fog,False,0.59,2,1,0,214.0,62.3,0,0,69.3
21524,Vande Bharat,2026-12-13,12,3,KOP,0,0,6,fog,False,0.0,0,0,0,0.0,0.0,0,8,0.0
21524,Vande Bharat,2026-12-13,12,3,SLI,1,40,7,fog,False,0.41,0,0,0,0.0,0.0,2,7,11.4
21524,Vande Bharat,2026-12-13,12,3,MRJ,2,47,7,fog,False,0.31,0,0,0,11.4,11.4,2,6,20.7
21524,Vande Bharat,2026-12-13,12,3,PUNE,3,326,10,fog,False,0.53,2,1,1,32.1,20.7,2,5,42.0
21524,Vande Bharat,2026-12-13,12,3,LNL,4,390,11,fog,False,0.63,0,1,0,74.1,42.0,2,4,54.0
21524,Vande Bharat,2026-12-13,12,3,KYN,5,464,12,fog,False,0.13,1,1,0,128.1,54.0,2,3,59.7
21524,Vande Bharat,2026-12-13,12,3,TNA,6,484,12,fog,False,0.46,0,1,0,187.8,59.7,2,2,64.9
21524,Vande Bharat,2026-12-13,12,3,DR,7,509,13,fog,False,0.5,0,1,0,252.7,64.9,2,1,71.1
21524,Vande Bharat,2026-12-13,12,3,CSMT,8,518,13,fog,False,0.2,0,1,0,323.8,71.1,0,0,76.3
17161,Intercity,2026-12-13,12,3,CSMT,0,0,16,fog,False,0.0,0,1,0,0.0,0.0,0,15,0.0
17161,Intercity,2026-12-13,12,3,DR,1,9,16,fog,False,0.3,0,0,0,0.0,0.0,4,14,5.0
17161,Intercity,2026-12-13,12,3,TNA,2,34,16,fog,False,0.47,0,0,0,5.0,5.0,4,13,10.2
17161,Intercity,2026-12-13,12,3,KYN,3,54,16,fog,False,0.75,3,0,0,15.2,10.2,4,12,21.6
17161,Intercity,2026-12-13,12,3,IGP,4,137,17,fog,False,0.38,0,1,0,36.8,21.6,4,11,36.7
17161,Intercity,2026-12-13,12,3,NK,5,188,18,fog,False,0.96,1,1,0,73.5,36.7,4,10,47.8
17161,Intercity,2026-12-13,12,3,MMR,6,261,19,fog,False,0.26,4,1,1,121.3,47.8,4,9,69.1
17161,Intercity,2026-12-13,12,3,CSN,7,328,20,fog,False,0.73,0,1,0,190.4,69.1,4,8,76.5
17161,Intercity,2026-12-13,12,3,JL,8,420,21,fog,False,0.66,1,1,0,266.9,76.5,4,7,85.8
17161,Intercity,2026-12-13,12,3,BSL,9,444,21,fog,False,0.7,0,1,0,352.7,85.8,4,6,90.6
17161,Intercity,2026-12-13,12,3,MKU,10,494,22,fog,False,0.26,2,1,0,443.3,90.6,4,5,94.0
17161,Intercity,2026-12-13,12,3,AK,11,583,23,fog,False,0.55,3,1,1,537.3,94.0,4,4,96.3
17161,Intercity,2026-12-13,12,3,BD,12,662,0,fog,False,0.38,1,1,0,633.6,96.3,4,3,94.1
17161,Intercity,2026-12-13,12,3,WR,13,757,1,fog,False,0.26,0,1,0,727.7,94.1,4,2,97.3
17161,Intercity,2026-12-13,12,3,NGP,14,837,2,fog,False,0.21,2,1,0,825.0,97.3,4,1,100.4
17161,Intercity,2026-12-13,12,3,G,15,967,4,fog,False,0.18,3,1,0,925.4,100.4,0,0,106.3
21196,Mail,2026-12-13,12,3,G,0,0,6,fog,False,0.0,0,1,0,0.0,0.0,0,15,0.0
21196,Mail,2026-12-13,12,3,NGP,1,130,7,fog,False,0.31,1,0,0,0.0,0.0,6,14,10.4
21196,Mail,2026-12-13,12,3,WR,2,210,8,fog,False,0.62,0,0,0,10.4,10.4,6,13,19.2
21196,Mail,2026-12-13,12,3,BD,3,305,10,fog,False,0.78,0,1,0,29.6,19.2,6,12,36.1
21196,Mail,2026-12-13,12,3,AK,4,384,11,fog,False,0.26,4,1,0,65.7,36.1,6,11,56.1
21196,Mail,2026-12-13,12,3,MKU,5,473,12,fog,False,0.2,0,1,0,121.8,56.1,6,10,57.5
21196,Mail,2026-12-13,12,3,BSL,6,523,12,fog,False,0.19,1,1,0,179.3,57.5,6,9,63.6
21196,Mail,2026-12-13,12,3,JL,7,547,13,fog,False,0.19,0,1,0,242.9,63.6,6,8,66.3
21196,Mail,2026-12-13,12,3,CSN,8,639,14,fog,False,0.19,1,1,0,309.2,66.3,6,7,69.3
21196,Mail,2026-12-13,12,3,MMR,9,706,15,fog,False,0.57,4,1,0,378.5,69.3,6,6,82.5
21196,Mail,2026-12-13,12,3,NK,10,779,15,fog,False,0.25,1,1,0,461.0,82.5,6,5,81.4
21196,Mail,2026-12-13,12,3,IGP,11,830,16,fog,False,0.48,1,1,0,542.4,81.4,6,4,81.4
21196,Mail,2026-12-13,12,3,KYN,12,913,17,fog,False,1.0,1,1,0,623.8,81.4,6,3,90.7
21196,Mail,2026-12-13,12,3,TNA,13,933,17,fog,False,0.81,2,1,0,714.5,90.7,6,2,99.7
21196,Mail,2026-12-13,12,3,DR,14,958,18,fog,False,0.71,1,1,0,814.2,99.7,6,1,111.0
21196,Mail,2026-12-13,12,3,CSMT,15,967,18,fog,False,0.26,0,1,0,925.2,111.0,0,0,116.4
21490,Vande Bharat,2026-12-13,12,3,CSMT,0,0,13,fog,False,0.0,2,1,0,0.0,0.0,0,9,8.0
21490,Vande Bharat,2026-12-13,12,3,DR,1,9,13,fog,False,0.31,1,0,0,8.0,8.0,2,8,15.7
21490,Vande Bharat,2026-12-13,12,3,TNA,2,34,13,fog,False,0.7,2,1,0,23.7,15.7,2,7,35.9
21490,Vande Bharat,2026-12-13,12,3,KYN,3,54,14,fog,False,0.18,1,1,0,59.6,35.9,2,6,47.1
21490,Vande Bharat,2026-12-13,12,3,IGP,4,137,15,fog,False,0.17,1,1,0,106.7,47.1,2,5,53.3
21490,Vande Bharat,2026-12-13,12,3,NK,5,188,15,fog,False,0.43,3,1,0,160.0,53.3,2,4,68.0
21490,Vande Bharat,2026-12-13,12,3,MMR,6,261,16,fog,False,0.57,0,1,0,228.0,68.0,2,3,72.5
21490,Vande Bharat,2026-12-13,12,3,AWB,7,375,18,fog,False,0.92,0,1,0,300.5,72.5,2,2,84.5
21490,Vande Bharat,2026-12-13,12,3,J,8,438,18,fog,False,0.61,4,1,1,385.0,84.5,2,1,99.2
21490,Vande Bharat,2026-12-13,12,3,NED,9,609,21,fog,False,0.79,3,1,1,484.2,99.2,0,0,109.7
22942,Intercity,2026-12-13,12,3,NED,0,0,6,fog,False,0.0,1,0,0,0.0,0.0,0,9,0.0
22942,Intercity,2026-12-13,12,3,J,1,171,8,fog,False,0.78,0,0,0,0.0,0.0,4,8,13.2
22942,Intercity,2026-12-13,12,3,AWB,2,234,9,fog,False,0.59,0,0,0,13.2,13.2,4,7,22.8
22942,Intercity,2026-12-13,12,3,MMR,3,348,10,fog,False,0.43,2,1,1,36.0,22.8,4,6,34.4
22942,Intercity,2026-12-13,12,3,NK,4,421,11,fog,False,0.17,2,1,1,70.4,34.4,4,5,47.1
22942,Intercity,2026-12-13,12,3,IGP,5,472,12,fog,False,0.32,1,1,0,117.5,47.1,4,4,55.1
22942,Intercity,2026-12-13,12,3,KYN,6,555,13,fog,False,0.24,1,1,0,172.6,55.1,4,3,58.5
22942,Intercity,2026-12-13,12,3,TNA,7,575,13,fog,False,0.39,1,1,0,231.1,58.5,4,2,64.5
22942,Intercity,2026-12-13,12,3,DR,8,600,13,fog,False,0.32,1,1,0,295.6,64.5,4,1,69.7
22942,Intercity,2026-12-13,12,3,CSMT,9,609,13,fog,False,0.16,1,1,0,365.3,69.7,0,0,70.2
22504,Mail,2026-12-13,12,3,CSMT,0,0,19,fog,False,0.0,2,0,0,0.0,0.0,0,5,0.0
22504,Mail,2026-12-13,12,3,DR,1,9,19,fog,False,0.44,0,0,0,0.0,0.0,6,4,11.6
22504,Mail,2026-12-13,12,3,TNA,2,34,19,fog,False,0.55,1,0,0,11.6,11.6,6,3,16.2
22504,Mail,2026-12-13,12,3,PNVL,3,69,20,fog,False,0.45,0,1,0,27.8,16.2,6,2,33.1
22504,Mail,2026-12-13,12,3,RN,4,307,23,fog,False,0.77,2,1,2,60.9,33.1,6,1,45.4
22504,Mail,2026-12-13,12,3,SWV,5,495,1,fog,False,0.08,1,1,0,106.3,45.4,0,0,52.7
16399,Vande Bharat,2026-12-13,12,3,SWV,0,0,16,fog,False,0.0,1,0,0,0.0,0.0,0,5,5.1
16399,Vande Bharat,2026-12-13,12,3,RN,1,188,18,fog,False,0.49,0,0,0,5.1,5.1,2,4,12.8
16399,Vande Bharat,2026-12-13,12,3,PNVL,2,426,21,fog,False,0.25,1,0,0,17.9,12.8,2,3,24.2
16399,Vande Bharat,2026-12-13,12,3,TNA,3,461,21,fog,False,0.41,3,1,2,42.1,24.2,2,2,44.6
16399,Vande Bharat,2026-12-13,12,3,DR,4,486,22,fog,False,0.05,2,1,1,86.7,44.6,2,1,62.9
16399,Vande Bharat,2026-12-13,12,3,CSMT,5,495,22,fog,False,0.35,1,1,0,149.6,62.9,0,0,72.9
21436,Superfast,2026-12-13,12,3,PUNE,0,0,7,fog,False,0.0,1,0,0,0.0,0.0,0,7,0.0
21436,Superfast,2026-12-13,12,3,DD,1,76,8,fog,False,0.31,2,0,0,0.0,0.0,2,6,11.2
21436,Superfast,2026-12-13,12,3,MMR,2,69,8,fog,False,0.78,3,1,0,11.2,11.2,2,5,36.6
21436,Superfast,2026-12-13,12,3,BSL,3,252,11,fog,False,0.31,1,1,0,47.8,36.6,2,4,44.2
21436,Superfast,2026-12-13,12,3,AK,4,391,12,fog,False,0.29,0,1,0,92.0,44.2,2,3,52.8
21436,Superfast,2026-12-13,12,3,BD,5,470,13,fog,False,0.24,4,1,0,144.8,52.8,2,2,61.3
21436,Superfast,2026-12-13,12,3,WR,6,565,14,fog,False,0.53,0,1,0,206.1,61.3,2,1,66.4
21436,Superfast,2026-12-13,12,3,NGP,7,645,15,fog,False,0.42,4,1,1,272.5,66.4,0,0,81.8
21525,Mail,2026-12-13,12,3,NGP,0,0,11,fog,False,0.0,2,0,0,0.0,0.0,0,7,0.0
21525,Mail,2026-12-13,12,3,WR,1,80,12,fog,False,0.43,1,1,0,0.0,0.0,6,6,8.5
21525,Mail,2026-12-13,12,3,BD,2,175,13,fog,False,0.62,2,0,1,8.5,8.5,6,5,15.3
21525,Mail,2026-12-13,12,3,AK,3,254,14,fog,False,0.37,1,1,0,23.8,15.3,6,4,26.6
21525,Mail,2026-12-13,12,3,BSL,4,393,16,fog,False,0.21,2,1,1,50.4,26.6,6,3,38.4
21525,Mail,2026-12-13,12,3,MMR,5,576,18,fog,False,0.91,0,1,0,88.8,38.4,6,2,49.2
21525,Mail,2026-12-13,12,3,DD,6,569,18,fog,False,0.49,1,1,0,138.0,49.2,6,1,66.1
21525,Mail,2026-12-13,12,3,PUNE,7,645,19,fog,False,0.79,0,1,0,204.1,66.1,0,0,82.3
11830,Vande Bharat,2026-12-13,12,3,NGP,0,0,20,fog,False,0.0,1,0,0,0.0,0.0,0,9,19.5
11830,Vande Bharat,2026-12-13,12,3,WR,1,80,21,fog,False,0.31,0,1,0,19.5,19.5,2,8,33.7
11830,Vande Bharat,2026-12-13,12,3,BD,2,175,22,fog,False,0.14,3,1,1,53.2,33.7,2,7,53.8
11830,Vande Bharat,2026-12-13,12,3,AK,3,254,23,fog,False,0.07,1,1,0,107.0,53.8,2,6,81.0
11830,Vande Bharat,2026-12-13,12,3,BSL,4,393,1,fog,False,0.24,1,1,0,188.0,81.0,2,5,87.4
11830,Vande Bharat,2026-12-13,12,3,MMR,5,576,3,fog,False,0.3,3,1,1,275.4,87.4,2,4,92.3
11830,Vande Bharat,2026-12-13,12,3,DD,6,569,3,fog,False,0.66,1,1,0,367.7,92.3,2,3,89.5
11830,Vande Bharat,2026-12-13,12,3,PUNE,7,645,4,fog,False,0.69,0,1,0,457.2,89.5,2,2,94.0
11830,Vande Bharat,2026-12-13,12,3,MRJ,8,366,0,fog,False,0.45,1,1,0,551.2,94.0,2,1,98.6
11830,Vande Bharat,2026-12-13,12,3,KOP,9,319,0,fog,False,0.54,0,1,0,649.8,98.6,0,0,104.2
18313,Mail,2026-12-13,12,3,KOP,0,0,11,fog,False,0.0,1,0,0,0.0,0.0,0,9,1.5
18313,Mail,2026-12-13,12,3,MRJ,1,47,11,fog,False,0.72,2,0,0,1.5,1.5,6,8,14.4
18313,Mail,2026-12-13,12,3,PUNE,2,326,15,fog,False,0.34,1,0,0,15.9,14.4,6,7,19.0
18313,Mail,2026-12-13,12,3,DD,3,250,14,fog,False,0.65,0,1,0,34.9,19.0,6,6,30.3
18313,Mail,2026-12-13,12,3,MMR,4,257,14,fog,False,0.25,3,1,1,65.2,30.3,6,5,55.2
18313,Mail,2026-12-13,12,3,BSL,5,74,12,fog,False,0.55,1,1,0,120.4,55.2,6,4,60.5
18313,Mail,2026-12-13,12,3,AK,6,65,11,fog,False,0.25,1,1,0,180.9,60.5,6,3,66.9
18313,Mail,2026-12-13,12,3,BD,7,144,12,fog,False,0.19,2,1,0,247.8,66.9,6,2,68.9
18313,Mail,2026-12-13,12,3,WR,8,239,14,fog,False,0.42,3,1,0,316.7,68.9,6,1,76.4
18313,Mail,2026-12-13,12,3,NGP,9,319,15,fog,False,0.2,2,1,1,393.1,76.4,0,0,83.4
11325,Intercity,2026-01-03,1,5,CSMT,0,0,22,fog,False,0.0,0,0,0,0.0,0.0,0,10,0.0
11325,Intercity,2026-01-03,1,5,DR,1,9,22,fog,False,0.16,1,0,0,0.0,0.0,4,9,6.6
11325,Intercity,2026-01-03,1,5,TNA,2,34,22,fog,False,0.15,1,0,0,6.6,6.6,4,8,21.3
11325,Intercity,2026-01-03,1,5,KYN,3,54,22,fog,False,0.43,0,1,0,27.9,21.3,4,7,32.9
11325,Intercity,2026-01-03,1,5,KJT,4,100,23,fog,False,0.12,1,1,0,60.8,32.9,4,6,44.8
11325,Intercity,2026-01-03,1,5,LNL,5,128,23,fog,False,0.45,1,1,0,105.6,44.8,4,5,57.7
11325,Intercity,2026-01-03,1,5,SVJR,6,190,0,fog,False,0.54,0,1,0,163.3,57.7,4,4,69.8
11325,Intercity,2026-01-03,1,5,PUNE,7,192,0,fog,False,0.13,3,1,0,233.1,69.8,4,3,78.3
11325,Intercity,2026-01-03,1,5,DD,8,268,1,fog,False,0.53,2,1,1,311.4,78.3,4,2,86.6
11325,Intercity,2026-01-03,1,5,KWV,9,377,2,fog,False,0.47,1,1,0,398.0,86.6,4,1,86.1
11325,Intercity,2026-01-03,1,5,SUR,10,455,3,fog,False,0.33,1,1,0,484.1,86.1,0,0,90.0
18978,Mail,2026-01-03,1,5,SUR,0,0,7,fog,False,0.0,4,0,0,0.0,0.0,0,10,0.0
18978,Mail,2026-01-03,1,5,KWV,1,78,8,fog,False,0.38,1,0,0,0.0,0.0,6,9,9.4
18978,Mail,2026-01-03,1,5,DD,2,187,9,fog,False,0.8,1,0,0,9.4,9.4,6,8,24.1
18978,Mail,2026-01-03,1,5,PUNE,3,263,10,fog,False,0.83,1,1,0,33.5,24.1,6,7,37.1
18978,Mail,2026-01-03,1,5,SVJR,4,265,10,fog,False,0.11,2,1,0,70.6,37.1,6,6,45.1
18978,Mail,2026-01-03,1,5,LNL,5,327,11,fog,False,0.91,4,1,0,115.7,45.1,6,5,69.1
18978,Mail,2026-01-03,1,5,KJT,6,355,11,fog,False,0.13,1,1,0,184.8,69.1,6,4,77.0
18978,Mail,2026-01-03,1,5,KYN,7,401,12,fog,False,0.31,4,1,1,261.8,77.0,6,3,83.7
18978,Mail,2026-01-03,1,5,TNA,8,421,12,fog,False,0.4,3,1,1,345.5,83.7,6,2,98.7
18978,Mail,2026-01-03,1,5,DR,9,446,13,fog,False,0.65,1,1,0,444.2,98.7,6,1,101.4
18978,Mail,2026-01-03,1,5,CSMT,10,455,13,fog,False,0.36,4,1,1,545.6,101.4,0,0,110.5
15428,Express,2026-01-03,1,5,CSMT,0,0,7,fog,False,0.0,3,0,3,0.0,0.0,0,8,0.0
15428,Express,2026-01-03,1,5,DR,1,9,7,fog,False,0.07,1,0,0,0.0,0.0,4,7,8.9
15428,Express,2026-01-03,1,5,TNA,2,34,8,fog,False,0.1,0,0,0,8.9,8.9,4,6,15.9
15428,Express,2026-01-03,1,5,KYN,3,54,8,fog,False,0.82,1,1,0,24.8,15.9,4,5,29.5
15428,Express,2026-01-03,1,5,LNL,4,128,9,fog,False,0.34,1,1,0,54.3,29.5,4,4,49.6
15428,Express,2026-01-03,1,5,PUNE,5,192,10,fog,False,0.26,0,1,0,103.9,49.6,4,3,61.3
15428,Express,2026-01-03,1,5,MRJ,6,471,13,fog,False,0.12,1,1,0,165.2,61.3,4,2,73.0
15428,Express,2026-01-03,1,5,SLI,7,478,13,fog,False,0.52,1,1,0,238.2,73.0,4,1,79.5
15428,Express,2026-01-03,1,5,KOP,8,518,14,fog,False,0.5,1,1,0,317.7,79.5,0,0,85.5
12862,Express,2026-01-03,1,5,KOP,0,0,16,fog,False,0.0,2,0,1,0.0,0.0,0,8,0.0
12862,Express,2026-01-03,1,5,SLI,1,40,17,fog,False,0.62,0,0,0,0.0,0.0,4,7,10.4
12862,Express,2026-01-03,1,5,MRJ,2,47,17,fog,False,0.46,2,1,1,10.4,10.4,4,6,28.7
12862,Express,2026-01-03,1,5,PUNE,3,326,20,fog,False,0.24,2,1,0,39.1,28.7,4,5,43.8
12862,Express,2026-01-03,1,5,LNL,4,390,21,fog,False,0.46,1,1,0,82.9,43.8,4,4,83.2
12862,Express,2026-01-03,1,5,KYN,5,464,22,fog,False,0.5,0,1,0,166.1,83.2,4,3,88.6
12862,Express,2026-01-03,1,5,TNA,6,484,22,fog,False,0.5,0,1,0,254.7,88.6,4,2,91.2
12862,Express,2026-01-03,1,5,DR,7,509,23,fog,False,0.44,0,1,0,345.9,91.2,4,1,97.0
12862,Express,2026-01-03,1,5,CSMT,8,518,23,fog,False,0.72,0,1,0,442.9,97.0,0,0,104.9
17172,Mail,2026-01-03,1,5,CSMT,0,0,17,fog,False,0.0,0,0,0,0.0,0.0,0,15,0.0
17172,Mail,2026-01-03,1,5,DR,1,9,18,fog,False,0.41,3,1,1,0.0,0.0,6,14,27.0
17172,Mail,2026-01-03,1,5,TNA,2,34,18,fog,False,0.17,1,1,0,27.0,27.0,6,13,39.5
17172,Mail,2026-01-03,1,5,KYN,3,54,18,fog,False,0.36,1,1,0,66.5,39.5,6,12,46.7
17172,Mail,2026-01-03,1,5,IGP,4,137,19,fog,False,0.25,1,1,0,113.2,46.7,6,11,56.8
17172,Mail,2026-01-03,1,5,NK,5,188,20,fog,False,0.74,1,1,0,170.0,56.8,6,10,71.1
17172,Mail,2026-01-03,1,5,MMR,6,261,21,fog,False,0.08,1,1,0,241.1,71.1,6,9,75.1
17172,Mail,2026-01-03,1,5,CSN,7,328,21,fog,False,0.7,1,1,0,316.2,75.1,6,8,75.9
17172,Mail,2026-01-03,1,5,JL,8,420,23,fog,False,0.5,2,1,0,392.1,75.9,6,7,79.9
17172,Mail,2026-01-03,1,5,BSL,9,444,23,fog,False,0.25,1,1,0,472.0,79.9,6,6,83.3
17172,Mail,2026-01-03,1,5,MKU,10,494,0,fog,False,0.23,1,1,0,555.3,83.3,6,5,85.8
17172,Mail,2026-01-03,1,5,AK,11,583,1,fog,False,0.07,1,1,0,641.1,85.8,6,4,89.2
17172,Mail,2026-01-03,1,5,BD,12,662,2,fog,False,0.67,1,1,0,730.3,89.2,6,3,89.7
17172,Mail,2026-01-03,1,5,WR,13,757,3,fog,False,0.32,0,1,0,820.0,89.7,6,2,87.1
17172,Mail,2026-01-03,1,5,NGP,14,837,4,fog,False,0.44,0,1,0,907.1,87.1,6,1,90.7
17172,Mail,2026-01-03,1,5,G,15,967,5,fog,False,0.29,2,1,0,997.8,90.7,0,0,95.8
21234,Intercity,2026-01-03,1,5,G,0,0,14,fog,False,0.0,4,0,0,0.0,0.0,0,15,0.0
21234,Intercity,2026-01-03,1,5,NGP,1,130,15,fog,False,0.53,1,1,0,0.0,0.0,4,14,11.4
21234,Intercity,2026-01-03,1,5,WR,2,210,16,fog,False,0.66,2,0,0,11.4,11.4,4,13,15.4
21234,Intercity,2026-01-03,1,5,BD,3,305,17,fog,False,0.34,2,1,1,26.8,15.4,4,12,33.8
21234,Intercity,2026-01-03,1,5,AK,4,384,18,fog,False,0.21,1,1,0,60.6,33.8,4,11,50.1
21234,Intercity,2026-01-03,1,5,MKU,5,473,19,fog,False,0.73,2,1,1,110.7,50.1,4,10,64.8
21234,Intercity,2026-01-03,1,5,BSL,6,523,20,fog,False,0.36,4,1,1,175.5,64.8,4,9,78.1
21234,Intercity,2026-01-03,1,5,JL,7,547,20,fog,False,0.35,0,1,0,253.6,78.1,4,8,84.4
21234,Intercity,2026-01-03,1,5,CSN,8,639,22,fog,False,0.35,1,1,0,338.0,84.4,4,7,87.0
21234,Intercity,2026-01-03,1,5,MMR,9,706,22,fog,False,0.55,0,1,0,425.0,87.0,4,6,86.1
21234,Intercity,2026-01-03,1,5,NK,10,779,23,fog,False,0.46,4,1,0,511.1,86.1,4,5,98.6
21234,Intercity,2026-01-03,1,5,IGP,11,830,0,fog,False,0.44,1,1,0,609.7,98.6,4,4,101.7
21234,Intercity,2026-01-03,1,5,KYN,12,913,1,fog,False,0.55,1,1,0,711.4,101.7,4,3,106.7
21234,Intercity,2026-01-03,1,5,TNA,13,933,1,fog,False,0.24,1,1,0,818.1,106.7,4,2,107.8
21234,Intercity,2026-01-03,1,5,DR,14,958,2,fog,False,0.21,0,1,0,925.9,107.8,4,1,105.8
21234,Intercity,2026-01-03,1,5,CSMT,15,967,2,fog,False,0.33,0,1,0,1031.7,105.8,0,0,108.4
19354,Express,2026-01-03,1,5,CSMT,0,0,22,fog,False,0.0,1,1,0,0.0,0.0,0,9,0.0
19354,Express,2026-01-03,1,5,DR,1,9,22,fog,False,0.4,0,0,0,0.0,0.0,4,8,8.2
19354,Express,2026-01-03,1,5,TNA,2,34,23,fog,False,0.49,1,0,0,8.2,8.2,4,7,17.6
19354,Express,2026-01-03,1,5,KYN,3,54,23,fog,False,0.46,1,1,0,25.8,17.6,4,6,30.0
19354,Express,2026-01-03,1,5,IGP,4,137,0,fog,False,0.21,4,1,0,55.8,30.0,4,5,48.2
19354,Express,2026-01-03,1,5,NK,5,188,1,fog,False,0.53,0,1,0,104.0,48.2,4,4,53.4
19354,Express,2026-01-03,1,5,MMR,6,261,2,fog,False,0.6,2,1,2,157.4,53.4,4,3,64.3
19354,Express,2026-01-03,1,5,AWB,7,375,3,fog,False,0.39,2,1,1,221.7,64.3,4,2,70.8
19354,Express,2026-01-03,1,5,J,8,438,4,fog,False,0.48,1,1,0,292.5,70.8,4,1,73.6
19354,Express,2026-01-03,1,5,NED,9,609,6,fog,False,0.16,3,1,0,366.1,73.6,0,0,83.0
21601,Mail,2026-01-03,1,5,NED,0,0,19,fog,False,0.0,1,0,0,0.0,0.0,0,9,0.0
21601,Mail,2026-01-03,1,5,J,1,171,21,fog,False,0.27,1,1,0,0.0,0.0,6,8,18.1
21601,Mail,2026-01-03,1,5,AWB,2,234,22,fog,False,0.56,2,1,0,18.1,18.1,6,7,25.6
21601,Mail,2026-01-03,1,5,MMR,3,348,23,fog,False,0.2,3,1,1,43.7,25.6,6,6,41.7
21601,Mail,2026-01-03,1,5,NK,4,421,0,fog,False,0.41,4,1,0,85.4,41.7,6,5,53.9
21601,Mail,2026-01-03,1,5,IGP,5,472,1,fog,False,0.35,1,1,0,139.3,53.9,6,4,62.6
21601,Mail,2026-01-03,1,5,KYN,6,555,2,fog,False,0.73,1,1,0,201.9,62.6,6,3,76.1
21601,Mail,2026-01-03,1,5,TNA,7,575,2,fog,False,0.25,1,1,0,278.0,76.1,6,2,81.9
21601,Mail,2026-01-03,1,5,DR,8,600,2,fog,False,0.54,1,1,0,359.9,81.9,6,1,85.8
21601,Mail,2026-01-03,1,5,CSMT,9,609,2,fog,False,0.59,1,1,0,445.7,85.8,0,0,88.2
21835,Intercity,2026-01-03,1,5,CSMT,0,0,10,fog,False,0.0,3,0,0,0.0,0.0,0,5,0.0
21835,Intercity,2026-01-03,1,5,DR,1,9,10,fog,False,0.54,1,0,0,0.0,0.0,4,4,11.3
21835,Intercity,2026-01-03,1,5,TNA,2,34,10,fog,False,0.47,1,0,0,11.3,11.3,4,3,17.4
21835,Intercity,2026-01-03,1,5,PNVL,3,69,11,fog,False,0.59,2,1,3,28.7,17.4,4,2,35.2
21835,Intercity,2026-01-03,1,5,RN,4,307,14,fog,False,0.27,1,1,0,63.9,35.2,4,1,41.9
21835,Intercity,2026-01-03,1,5,SWV,5,495,16,fog,False,0.52,0,1,0,105.8,41.9,0,0,48.7
12663,Superfast,2026-01-03,1,5,SWV,0,0,18,fog,False,0.0,2,0,0,0.0,0.0,0,5,0.0
12663,Superfast,2026-01-03,1,5,RN,1,188,21,fog,False,0.41,1,0,0,0.0,0.0,2,4,9.8
12663,Superfast,2026-01-03,1,5,PNVL,2,426,0,fog,False,0.43,2,0,2,9.8,9.8,2,3,19.8
12663,Superfast,2026-01-03,1,5,TNA,3,461,0,fog,False,0.21,1,1,0,29.6,19.8,2,2,30.0
12663,Superfast,2026-01-03,1,5,DR,4,486,0,fog,False,0.05,1,1,0,59.6,30.0,2,1,39.0
12663,Superfast,2026-01-03,1,5,CSMT,5,495,0,fog,False,0.46,2,1,0,98.6,39.0,0,0,46.1
15315,Express,2026-01-03,1,5,PUNE,0,0,5,fog,False,0.0,1,1,0,0.0,0.0,0,7,0.0
15315,Express,2026-01-03,1,5,DD,1,76,6,fog,False,0.39,1,0,0,0.0,0.0,4,6,5.3
15315,Express,2026-01-03,1,5,MMR,2,69,6,fog,False,0.46,1,1,0,5.3,5.3,4,5,14.5
15315,Express,2026-01-03,1,5,BSL,3,252,8,fog,False,0.26,3,1,0,19.8,14.5,4,4,26.7
15315,Express,2026-01-03,1,5,AK,4,391,10,fog,False,0.3,0,1,0,46.5,26.7,4,3,41.2
15315,Express,2026-01-03,1,5,BD,5,470,11,fog,False,0.63,1,1,0,87.7,41.2,4,2,58.4
15315,Express,2026-01-03,1,5,WR,6,565,12,fog,False,0.25,1,1,0,146.1,58.4,4,1,64.4
15315,Express,2026-01-03,1,5,NGP,7,645,13,fog,False,0.27,0,1,0,210.5,64.4,0,0,69.2
19746,Intercity,2026-01-03,1,5,NGP,0,0,15,fog,False,0.0,1,0,0,0.0,0.0,0,7,0.0
19746,Intercity,2026-01-03,1,5,WR,1,80,16,fog,False,0.29,1,0,0,0.0,0.0,4,6,6.0
19746,Intercity,2026-01-03,1,5,BD,2,175,18,fog,False,0.59,3,1,1,6.0,6.0,4,5,25.7
19746,Intercity,2026-01-03,1,5,AK,3,254,19,fog,False,0.2,1,1,0,31.7,25.7,4,4,46.6
19746,Intercity,2026-01-03,1,5,BSL,4,393,20,fog,False,0.52,1,1,0,78.3,46.6,4,3,61.8
19746,Intercity,2026-01-03,1,5,MMR,5,576,23,fog,False,0.13,1,1,0,140.1,61.8,4,2,66.2
19746,Intercity,2026-01-03,1,5,DD,6,569,22,fog,False,0.31,1,1,0,206.3,66.2,4,1,71.2
19746,Intercity,2026-01-03,1,5,PUNE,7,645,23,fog,False,0.34,0,1,0,277.5,71.2,0,0,77.8
17934,Superfast,2026-01-03,1,5,NGP,0,0,18,fog,False,0.0,1,1,0,0.0,0.0,0,9,0.0
17934,Superfast,2026-01-03,1,5,WR,1,80,19,fog,False,0.35,3,0,0,0.0,0.0,2,8,19.4
17934,Superfast,2026-01-03,1,5,BD,2,175,20,fog,False,0.09,2,1,0,19.4,19.4,2,7,35.8
17934,Superfast,2026-01-03,1,5,AK,3,254,21,fog,False,0.29,0,1,0,55.2,35.8,2,6,48.1
17934,Superfast,2026-01-03,1,5,BSL,4,393,22,fog,False,0.36,1,1,0,103.3,48.1,2,5,57.7
17934,Superfast,2026-01-03,1,5,MMR,5,576,1,fog,False,0.22,3,1,1,161.0,57.7,2,4,68.3
17934,Superfast,2026-01-03,1,5,DD,6,569,1,fog,False,0.25,0,1,0,229.3,68.3,2,3,79.6
17934,Superfast,2026-01-03,1,5,PUNE,7,645,2,fog,False,0.64,0,1,0,308.9,79.6,2,2,86.2
17934,Superfast,2026-01-03,1,5,MRJ,8,366,22,fog,False,0.15,1,1,0,395.1,86.2,2,1,92.1
17934,Superfast,2026-01-03,1,5,KOP,9,319,22,fog,False,0.14,2,1,1,487.2,92.1,0,0,96.9
20162,Express,2026-01-03,1,5,KOP,0,0,11,fog,False,0.0,1,1,0,0.0,0.0,0,9,0.0
20162,Express,2026-01-03,1,5,MRJ,1,47,12,fog,False,0.33,0,0,0,0.0,0.0,4,8,7.6
20162,Express,2026-01-03,1,5,PUNE,2,326,15,fog,False,0.17,1,0,0,7.6,7.6,4,7,14.9
20162,Express,2026-01-03,1,5,DD,3,250,14,fog,False,0.15,1,0,0,22.5,14.9,4,6,18.0
20162,Express,2026-01-03,1,5,MMR,4,257,14,fog,False,0.42,1,1,0,40.5,18.0,4,5,28.5
20162,Express,2026-01-03,1,5,BSL,5,74,12,fog,False,0.04,0,1,0,69.0,28.5,4,4,40.0
20162,Express,2026-01-03,1,5,AK,6,65,12,fog,False,0.62,1,1,0,109.0,40.0,4,3,54.3
20162,Express,2026-01-03,1,5,BD,7,144,13,fog,False,0.23,3,1,1,163.3,54.3,4,2,65.2
20162,Express,2026-01-03,1,5,WR,8,239,14,fog,False,0.47,2,1,0,228.5,65.2,4,1,74.1
20162,Express,2026-01-03,1,5,NGP,9,319,15,fog,False,0.4,2,1,1,302.6,74.1,0,0,79.5
21274,Vande Bharat,2026-06-10,6,4,CSMT,0,0,13,rain,True,0.0,3,0,0,0.0,0.0,0,10,0.0
21274,Vande Bharat,2026-06-10,6,4,DR,1,9,13,rain,True,0.46,1,0,0,0.0,0.0,2,9,2.7
21274,Vande Bharat,2026-06-10,6,4,TNA,2,34,14,rain,True,0.22,3,1,1,2.7,2.7,2,8,16.3
21274,Vande Bharat,2026-06-10,6,4,KYN,3,54,14,rain,True,0.36,1,1,0,19.0,16.3,2,7,25.3
21274,Vande Bharat,2026-06-10,6,4,KJT,4,100,15,rain,True,0.52,1,1,0,44.3,25.3,2,6,34.4
21274,Vande Bharat,2026-06-10,6,4,LNL,5,128,15,rain,True,0.38,3,1,1,78.7,34.4,2,5,55.7
21274,Vande Bharat,2026-06-10,6,4,SVJR,6,190,16,rain,True,0.32,1,1,0,134.4,55.7,2,4,53.5
21274,Vande Bharat,2026-06-10,6,4,PUNE,7,192,16,rain,True,0.44,1,1,0,187.9,53.5,2,3,54.2
21274,Vande Bharat,2026-06-10,6,4,DD,8,268,17,rain,True,0.55,0,1,0,242.1,54.2,2,2,65.9
21274,Vande Bharat,2026-06-10,6,4,KWV,9,377,18,rain,True,0.78,2,1,0,308.0,65.9,2,1,72.9
21274,Vande Bharat,2026-06-10,6,4,SUR,10,455,19,rain,True,0.77,1,1,0,380.9,72.9,0,0,84.1
20690,Superfast,2026-06-10,6,4,SUR,0,0,19,rain,True,0.0,1,0,0,0.0,0.0,0,10,0.0
20690,Superfast,2026-06-10,6,4,KWV,1,78,20,rain,True,0.59,0,1,0,0.0,0.0,2,9,10.6
20690,Superfast,2026-06-10,6,4,DD,2,187,21,rain,True,0.35,3,0,0,10.6,10.6,2,8,20.5
20690,Superfast,2026-06-10,6,4,PUNE,3,263,22,rain,True,0.2,3,1,2,31.1,20.5,2,7,34.9
20690,Superfast,2026-06-10,6,4,SVJR,4,265,22,rain,True,0.29,0,1,0,66.0,34.9,2,6,39.3
20690,Superfast,2026-06-10,6,4,LNL,5,327,23,rain,True,0.15,1,1,0,105.3,39.3,2,5,54.3
20690,Superfast,2026-06-10,6,4,KJT,6,355,0,rain,True,0.76,0,1,0,159.6,54.3,2,4,59.8
20690,Superfast,2026-06-10,6,4,KYN,7,401,0,rain,True,0.17,0,1,0,219.4,59.8,2,3,56.6
20690,Superfast,2026-06-10,6,4,TNA,8,421,0,rain,True,0.12,1,1,0,276.0,56.6,2,2,54.3
20690,Superfast,2026-06-10,6,4,DR,9,446,1,rain,True,0.6,1,1,0,330.3,54.3,2,1,59.5
20690,Superfast,2026-06-10,6,4,CSMT,10,455,1,rain,True,0.26,1,1,0,389.8,59.5,0,0,59.1
16135,Superfast,2026-06-10,6,4,CSMT,0,0,18,rain,True,0.0,1,0,0,0.0,0.0,0,8,0.0
16135,Superfast,2026-06-10,6,4,DR,1,9,18,rain,True,0.64,0,0,0,0.0,0.0,2,7,7.3
16135,Superfast,2026-06-10,6,4,TNA,2,34,18,rain,True,0.69,0,0,0,7.3,7.3,2,6,11.9
16135,Superfast,2026-06-10,6,4,KYN,3,54,19,rain,True,0.51,4,0,0,19.2,11.9,2,5,21.4
16135,Superfast,2026-06-10,6,4,LNL,4,128,20,rain,True,0.79,0,1,0,40.6,21.4,2,4,45.9
16135,Superfast,2026-06-10,6,4,PUNE,5,192,20,rain,True,0.25,0,1,0,86.5,45.9,2,3,50.3
16135,Superfast,2026-06-10,6,4,MRJ,6,471,0,rain,True,0.6,1,1,0,136.8,50.3,2,2,55.8
16135,Superfast,2026-06-10,6,4,SLI,7,478,0,rain,True,0.35,1,1,0,192.6,55.8,2,1,58.8
16135,Superfast,2026-06-10,6,4,KOP,8,518,0,rain,True,0.13,2,1,2,251.4,58.8,0,0,64.8
12182,Mail,2026-06-10,6,4,KOP,0,0,10,rain,True,0.0,1,0,0,0.0,0.0,0,8,0.0
12182,Mail,2026-06-10,6,4,SLI,1,40,11,rain,True,0.67,0,1,0,0.0,0.0,6,7,10.7
12182,Mail,2026-06-10,6,4,MRJ,2,47,11,rain,True,0.56,0,0,0,10.7,10.7,6,6,14.5
12182,Mail,2026-06-10,6,4,PUNE,3,326,14,rain,True,0.13,0,0,0,25.2,14.5,6,5,14.8
12182,Mail,2026-06-10,6,4,LNL,4,390,15,rain,True,0.51,1,0,0,40.0,14.8,6,4,20.9
12182,Mail,2026-06-10,6,4,KYN,5,464,16,rain,True,0.45,3,1,1,60.9,20.9,6,3,37.2
12182,Mail,2026-06-10,6,4,TNA,6,484,16,rain,True,0.53,2,1,0,98.1,37.2,6,2,38.5
12182,Mail,2026-06-10,6,4,DR,7,509,17,rain,True,0.73,1,1,0,136.6,38.5,6,1,45.0
12182,Mail,2026-06-10,6,4,CSMT,8,518,17,rain,True,0.14,0,1,0,181.6,45.0,0,0,46.0
21532,Express,2026-06-10,6,4,CSMT,0,0,11,rain,True,0.0,1,0,0,0.0,0.0,0,15,4.0
21532,Express,2026-06-10,6,4,DR,1,9,11,rain,True,0.22,0,0,0,4.0,4.0,4,14,8.1
21532,Express,2026-06-10,6,4,TNA,2,34,12,rain,True,0.33,1,0,0,12.1,8.1,4,13,7.7
21532,Express,2026-06-10,6,4,KYN,3,54,12,rain,True,0.62,2,0,0,19.8,7.7,4,12,7.0
21532,Express,2026-06-10,6,4,IGP,4,137,13,rain,True,0.42,0,0,0,26.8,7.0,4,11,17.8
21532,Express,2026-06-10,6,4,NK,5,188,14,rain,True,0.6,2,1,0,44.6,17.8,4,10,28.4
21532,Express,2026-06-10,6,4,MMR,6,261,15,rain,True,0.3,4,1,0,73.0,28.4,4,9,36.5
21532,Express,2026-06-10,6,4,CSN,7,328,15,rain,True,0.46,0,1,0,109.5,36.5,4,8,38.6
21532,Express,2026-06-10,6,4,JL,8,420,17,rain,True,0.32,0,1,0,148.1,38.6,4,7,42.4
21532,Express,2026-06-10,6,4,BSL,9,444,17,rain,True,0.79,4,1,2,190.5,42.4,4,6,66.3
21532,Express,2026-06-10,6,4,MKU,10,494,18,rain,True,0.19,1,1,0,256.8,66.3,4,5,67.1
21532,Express,2026-06-10,6,4,AK,11,583,19,rain,True,0.81,1,1,0,323.9,67.1,4,4,73.9
21532,Express,2026-06-10,6,4,BD,12,662,20,rain,True,0.67,3,1,0,397.8,73.9,4,3,76.3
21532,Express,2026-06-10,6,4,WR,13,757,21,rain,True,0.72,1,1,0,474.1,76.3,4,2,80.6
21532,Express,2026-06-10,6,4,NGP,14,837,22,rain,True,0.18,0,1,0,554.7,80.6,4,1,80.8
21532,Express,2026-06-10,6,4,G,15,967,23,rain,True,0.5,1,1,0,635.5,80.8,0,0,79.4
17124,Vande Bharat,2026-06-10,6,4,G,0,0,17,rain,True,0.0,2,1,0,0.0,0.0,0,15,0.0
17124,Vande Bharat,2026-06-10,6,4,NGP,1,130,18,rain,True,0.22,2,0,0,0.0,0.0,2,14,6.2
17124,Vande Bharat,2026-06-10,6,4,WR,2,210,19,rain,True,0.1,1,0,0,6.2,6.2,2,13,7.4
17124,Vande Bharat,2026-06-10,6,4,BD,3,305,21,rain,True,0.4,0,0,0,13.6,7.4,2,12,11.0
17124,Vande Bharat,2026-06-10,6,4,AK,4,384,22,rain,True,0.66,0,1,0,24.6,11.0,2,11,16.1
17124,Vande Bharat,2026-06-10,6,4,MKU,5,473,23,rain,True,0.31,1,1,0,40.7,16.1,2,10,24.5
17124,Vande Bharat,2026-06-10,6,4,BSL,6,523,23,rain,True,0.45,1,1,0,65.2,24.5,2,9,30.3
17124,Vande Bharat,2026-06-10,6,4,JL,7,547,0,rain,True,0.18,0,1,0,95.5,30.3,2,8,35.6
17124,Vande Bharat,2026-06-10,6,4,CSN,8,639,1,rain,True,0.19,2,1,0,131.1,35.6,2,7,41.3
17124,Vande Bharat,2026-06-10,6,4,MMR,9,706,2,rain,True,0.42,0,1,0,172.4,41.3,2,6,45.0
17124,Vande Bharat,2026-06-10,6,4,NK,10,779,3,rain,True,0.39,1,1,0,217.4,45.0,2,5,46.6
17124,Vande Bharat,2026-06-10,6,4,IGP,11,830,3,rain,True,0.29,0,1,0,264.0,46.6,2,4,54.3
17124,Vande Bharat,2026-06-10,6,4,KYN,12,913,4,rain,True,0.59,0,1,0,318.3,54.3,2,3,61.6
17124,Vande Bharat,2026-06-10,6,4,TNA,13,933,5,rain,True,0.11,0,1,0,379.9,61.6,2,2,64.4
17124,Vande Bharat,2026-06-10,6,4,DR,14,958,5,rain,True,0.53,1,1,0,444.3,64.4,2,1,65.0
17124,Vande Bharat,2026-06-10,6,4,CSMT,15,967,5,rain,True,0.55,1,1,0,509.3,65.0,0,0,62.9
18960,Vande Bharat,2026-06-10,6,4,CSMT,0,0,19,rain,True,0.0,0,0,0,0.0,0.0,0,9,0.0
18960,Vande Bharat,2026-06-10,6,4,DR,1,9,19,rain,True,0.62,1,0,0,0.0,0.0,2,8,3.7
18960,Vande Bharat,2026-06-10,6,4,TNA,2,34,19,rain,True,1.0,0,0,0,3.7,3.7,2,7,15.0
18960,Vande Bharat,2026-06-10,6,4,KYN,3,54,20,rain,True,0.36,2,0,0,18.7,15.0,2,6,17.8
18960,Vande Bharat,2026-06-10,6,4,IGP,4,137,21,rain,True,0.48,2,1,0,36.5,17.8,2,5,32.0
18960,Vande Bharat,2026-06-10,6,4,NK,5,188,21,rain,True,1.0,1,1,0,68.5,32.0,2,4,46.2
18960,Vande Bharat,2026-06-10,6,4,MMR,6,261,22,rain,True,0.49,3,1,0,114.7,46.2,2,3,53.4
18960,Vande Bharat,2026-06-10,6,4,AWB,7,375,0,rain,True,0.19,1,1,0,168.1,53.4,2,2,57.3
18960,Vande Bharat,2026-06-10,6,4,J,8,438,0,rain,True,0.36,0,1,0,225.4,57.3,2,1,81.0
18960,Vande Bharat,2026-06-10,6,4,NED,9,609,2,rain,True,0.49,0,1,0,306.4,81.0,0,0,78.2
19228,Superfast,2026-06-10,6,4,NED,0,0,12,rain,True,0.0,1,0,0,0.0,0.0,0,9,0.0
19228,Superfast,2026-06-10,6,4,J,1,171,14,rain,True,0.45,0,0,0,0.0,0.0,2,8,1.2
19228,Superfast,2026-06-10,6,4,AWB,2,234,15,rain,True,0.23,2,1,1,1.2,1.2,2,7,11.4
19228,Superfast,2026-06-10,6,4,MMR,3,348,17,rain,True,0.85,0,0,0,12.6,11.4,2,6,20.3
19228,Superfast,2026-06-10,6,4,NK,4,421,18,rain,True,0.14,0,1,0,32.9,20.3,2,5,31.1
19228,Superfast,2026-06-10,6,4,IGP,5,472,18,rain,True,0.32,0,1,0,64.0,31.1,2,4,49.9
19228,Superfast,2026-06-10,6,4,KYN,6,555,19,rain,True,0.56,1,1,0,113.9,49.9,2,3,57.0
19228,Superfast,2026-06-10,6,4,TNA,7,575,19,rain,True,0.28,1,1,0,170.9,57.0,2,2,61.4
19228,Superfast,2026-06-10,6,4,DR,8,600,20,rain,True,0.55,4,1,2,232.3,61.4,2,1,77.6
19228,Superfast,2026-06-10,6,4,CSMT,9,609,20,rain,True,0.46,0,1,0,309.9,77.6,0,0,78.9
13109,Superfast,2026-06-10,6,4,CSMT,0,0,7,rain,True,0.0,0,0,0,0.0,0.0,0,5,0.0
13109,Superfast,2026-06-10,6,4,DR,1,9,7,rain,True,0.39,4,1,1,0.0,0.0,2,4,14.6
13109,Superfast,2026-06-10,6,4,TNA,2,34,7,rain,True,0.23,0,0,0,14.6,14.6,2,3,16.1
13109,Superfast,2026-06-10,6,4,PNVL,3,69,8,rain,True,0.75,2,1,1,30.7,16.1,2,2,30.9
13109,Superfast,2026-06-10,6,4,RN,4,307,11,rain,True,0.46,1,1,0,61.6,30.9,2,1,45.1
13109,Superfast,2026-06-10,6,4,SWV,5,495,13,rain,True,0.32,0,1,0,106.7,45.1,0,0,44.8
19752,Express,2026-06-10,6,4,SWV,0,0,10,rain,True,0.0,0,0,0,0.0,0.0,0,5,6.3
19752,Express,2026-06-10,6,4,RN,1,188,12,rain,True,0.17,0,0,0,6.3,6.3,4,4,9.8
19752,Express,2026-06-10,6,4,PNVL,2,426,15,rain,True,0.35,4,0,0,16.1,9.8,4,3,17.6
19752,Express,2026-06-10,6,4,TNA,3,461,16,rain,True,0.19,2,1,1,33.7,17.6,4,2,25.2
19752,Express,2026-06-10,6,4,DR,4,486,16,rain,True,0.31,1,1,0,58.9,25.2,4,1,33.1
19752,Express,2026-06-10,6,4,CSMT,5,495,16,rain,True,0.34,0,1,0,92.0,33.1,0,0,37.5
17549,Mail,2026-06-10,6,4,PUNE,0,0,10,rain,True,0.0,1,0,0,0.0,0.0,0,7,8.0
17549,Mail,2026-06-10,6,4,DD,1,76,11,rain,True,0.68,1,0,0,8.0,8.0,6,6,11.8
17549,Mail,2026-06-10,6,4,MMR,2,69,11,rain,True,0.86,1,0,0,19.8,11.8,6,5,22.2
17549,Mail,2026-06-10,6,4,BSL,3,252,13,rain,True,0.35,2,1,0,42.0,22.2,6,4,28.5
17549,Mail,2026-06-10,6,4,AK,4,391,15,rain,True,0.62,1,1,0,70.5,28.5,6,3,37.3
17549,Mail,2026-06-10,6,4,BD,5,470,16,rain,True,0.21,1,1,0,107.8,37.3,6,2,39.7
17549,Mail,2026-06-10,6,4,WR,6,565,17,rain,True,0.48,1,1,0,147.5,39.7,6,1,47.1
17549,Mail,2026-06-10,6,4,NGP,7,645,18,rain,True,0.33,0,1,0,194.6,47.1,0,0,53.2
21436,Mail,2026-06-10,6,4,NGP,0,0,16,rain,True,0.0,1,0,0,0.0,0.0,0,7,0.0
21436,Mail,2026-06-10,6,4,WR,1,80,17,rain,True,0.67,2,0,0,0.0,0.0,6,6,3.5
21436,Mail,2026-06-10,6,4,BD,2,175,18,rain,True,0.36,1,0,0,3.5,3.5,6,5,8.6
21436,Mail,2026-06-10,6,4,AK,3,254,19,rain,True,0.15,1,0,0,12.1,8.6,6,4,11.3
21436,Mail,2026-06-10,6,4,BSL,4,393,21,rain,True,0.38,2,0,1,23.4,11.3,6,3,19.0
21436,Mail,2026-06-10,6,4,MMR,5,576,23,rain,True,0.19,1,1,0,42.4,19.0,6,2,23.0
21436,Mail,2026-06-10,6,4,DD,6,569,23,rain,True,0.41,2,1,0,65.4,23.0,6,1,27.9
21436,Mail,2026-06-10,6,4,PUNE,7,645,0,rain,True,0.36,1,1,0,93.3,27.9,0,0,34.2
12724,Express,2026-06-10,6,4,NGP,0,0,9,rain,True,0.0,1,0,0,0.0,0.0,0,9,0.0
12724,Express,2026-06-10,6,4,WR,1,80,10,rain,True,0.64,2,1,2,0.0,0.0,4,8,19.8
12724,Express,2026-06-10,6,4,BD,2,175,11,rain,True,0.61,2,1,2,19.8,19.8,4,7,31.9
12724,Express,2026-06-10,6,4,AK,3,254,12,rain,True,0.27,1,1,0,51.7,31.9,4,6,38.3
12724,Express,2026-06-10,6,4,BSL,4,393,14,rain,True,0.33,2,1,0,90.0,38.3,4,5,42.4
12724,Express,2026-06-10,6,4,MMR,5,576,16,rain,True,0.69,2,1,0,132.4,42.4,4,4,42.2
12724,Express,2026-06-10,6,4,DD,6,569,16,rain,True,0.22,2,1,0,174.6,42.2,4,3,47.4
12724,Express,2026-06-10,6,4,PUNE,7,645,17,rain,True,0.38,3,1,0,222.0,47.4,4,2,57.1
12724,Express,2026-06-10,6,4,MRJ,8,366,14,rain,True,0.45,0,1,0,279.1,57.1,4,1,61.8
12724,Express,2026-06-10,6,4,KOP,9,319,13,rain,True,0.15,2,1,2,340.9,61.8,0,0,66.7
15879,Superfast,2026-06-10,6,4,KOP,0,0,6,rain,True,0.0,0,0,0,0.0,0.0,0,9,0.0
15879,Superfast,2026-06-10,6,4,MRJ,1,47,7,rain,True,0.6,3,0,1,0.0,0.0,2,8,7.2
15879,Superfast,2026-06-10,6,4,PUNE,2,326,10,rain,True,0.94,1,0,0,7.2,7.2,2,7,20.5
15879,Superfast,2026-06-10,6,4,DD,3,250,9,rain,True,0.23,1,1,0,27.7,20.5,2,6,29.4
15879,Superfast,2026-06-10,6,4,MMR,4,257,10,rain,True,1.0,1,1,0,57.1,29.4,2,5,41.2
15879,Superfast,2026-06-10,6,4,BSL,5,74,7,rain,True,0.28,1,1,0,98.3,41.2,2,4,44.1
15879,Superfast,2026-06-10,6,4,AK,6,65,7,rain,True,0.48,2,1,1,142.4,44.1,2,3,50.9
15879,Superfast,2026-06-10,6,4,BD,7,144,8,rain,True,0.33,1,1,0,193.3,50.9,2,2,56.2
15879,Superfast,2026-06-10,6,4,WR,8,239,9,rain,True,0.5,1,1,0,249.5,56.2,2,1,60.6
15879,Superfast,2026-06-10,6,4,NGP,9,319,10,rain,True,0.51,1,1,0,310.1,60.6,0,0,61.4
17803,Vande Bharat,2026-09-22,9,6,CSMT,0,0,6,heavy_rain,True,0.0,2,0,0,0.0,0.0,0,10,0.0
17803,Vande Bharat,2026-09-22,9,6,DR,1,9,6,heavy_rain,True,0.29,1,1,0,0.0,0.0,2,9,7.5
17803,Vande Bharat,2026-09-22,9,6,TNA,2,34,7,heavy_rain,True,0.45,1,1,0,7.5,7.5,2,8,12.9
17803,Vande Bharat,2026-09-22,9,6,KYN,3,54,7,heavy_rain,True,0.18,0,0,0,20.4,12.9,2,7,12.5
17803,Vande Bharat,2026-09-22,9,6,KJT,4,100,7,heavy_rain,True,0.24,1,0,0,32.9,12.5,2,6,21.2
17803,Vande Bharat,2026-09-22,9,6,LNL,5,128,8,heavy_rain,True,0.91,1,1,0,54.1,21.2,2,5,40.3
17803,Vande Bharat,2026-09-22,9,6,SVJR,6,190,9,heavy_rain,True,0.54,2,1,0,94.4,40.3,2,4,45.1
17803,Vande Bharat,2026-09-22,9,6,PUNE,7,192,9,heavy_rain,True,0.81,1,1,0,139.5,45.1,2,3,63.7
17803,Vande Bharat,2026-09-22,9,6,DD,8,268,10,heavy_rain,True,0.2,1,1,0,203.2,63.7,2,2,70.6
17803,Vande Bharat,2026-09-22,9,6,KWV,9,377,11,heavy_rain,True,0.37,2,1,0,273.8,70.6,2,1,73.8
17803,Vande Bharat,2026-09-22,9,6,SUR,10,455,12,heavy_rain,True,0.3,2,1,0,347.6,73.8,0,0,73.2
15677,Vande Bharat,2026-09-22,9,6,SUR,0,0,12,heavy_rain,True,0.0,2,0,0,0.0,0.0,0,10,0.0
15677,Vande Bharat,2026-09-22,9,6,KWV,1,78,13,heavy_rain,True,0.2,1,0,0,0.0,0.0,2,9,1.1
15677,Vande Bharat,2026-09-22,9,6,DD,2,187,14,heavy_rain,True,0.22,2,0,1,1.1,1.1,2,8,5.3
15677,Vande Bharat,2026-09-22,9,6,PUNE,3,263,15,heavy_rain,True,0.63,1,0,0,6.4,5.3,2,7,5.0
15677,Vande Bharat,2026-09-22,9,6,SVJR,4,265,15,heavy_rain,True,0.16,1,0,0,11.4,5.0,2,6,5.4
15677,Vande Bharat,2026-09-22,9,6,LNL,5,327,16,heavy_rain,True,0.16,3,1,0,16.8,5.4,2,5,21.0
15677,Vande Bharat,2026-09-22,9,6,KJT,6,355,16,heavy_rain,True,0.73,0,1,0,37.8,21.0,2,4,36.9
15677,Vande Bharat,2026-09-22,9,6,KYN,7,401,17,heavy_rain,True,0.43,3,1,2,74.7,36.9,2,3,49.4
15677,Vande Bharat,2026-09-22,9,6,TNA,8,421,17,heavy_rain,True,0.29,0,1,0,124.1,49.4,2,2,52.5
15677,Vande Bharat,2026-09-22,9,6,DR,9,446,17,heavy_rain,True,0.45,1,1,0,176.6,52.5,2,1,60.4
15677,Vande Bharat,2026-09-22,9,6,CSMT,10,455,17,heavy_rain,True,0.28,2,1,0,237.0,60.4,0,0,61.2
22510,Intercity,2026-09-22,9,6,CSMT,0,0,21,heavy_rain,True,0.0,1,1,0,0.0,0.0,0,8,0.0
22510,Intercity,2026-09-22,9,6,DR,1,9,21,heavy_rain,True,0.52,4,1,1,0.0,0.0,4,7,19.5
22510,Intercity,2026-09-22,9,6,TNA,2,34,21,heavy_rain,True,0.35,1,1,0,19.5,19.5,4,6,27.8
22510,Intercity,2026-09-22,9,6,KYN,3,54,22,heavy_rain,True,0.32,0,1,0,47.3,27.8,4,5,34.1
22510,Intercity,2026-09-22,9,6,LNL,4,128,22,heavy_rain,True,0.31,0,1,0,81.4,34.1,4,4,48.8
22510,Intercity,2026-09-22,9,6,PUNE,5,192,23,heavy_rain,True,0.34,0,1,0,130.2,48.8,4,3,53.2
22510,Intercity,2026-09-22,9,6,MRJ,6,471,3,heavy_rain,True,0.44,1,1,0,183.4,53.2,4,2,60.4
22510,Intercity,2026-09-22,9,6,SLI,7,478,3,heavy_rain,True,0.41,2,1,1,243.8,60.4,4,1,61.2
22510,Intercity,2026-09-22,9,6,KOP,8,518,3,heavy_rain,True,0.41,2,1,1,305.0,61.2,0,0,67.8
14709,Superfast,2026-09-22,9,6,KOP,0,0,9,heavy_rain,True,0.0,0,0,0,0.0,0.0,0,8,0.0
14709,Superfast,2026-09-22,9,6,SLI,1,40,9,heavy_rain,True,0.79,1,0,0,0.0,0.0,2,7,10.3
14709,Superfast,2026-09-22,9,6,MRJ,2,47,9,heavy_rain,True,0.38,4,0,1,10.3,10.3,2,6,18.1
14709,Superfast,2026-09-22,9,6,PUNE,3,326,13,heavy_rain,True,0.2,1,1,0,28.4,18.1,2,5,25.9
14709,Superfast,2026-09-22,9,6,LNL,4,390,14,heavy_rain,True,0.12,1,1,0,54.3,25.9,2,4,41.6
14709,Superfast,2026-09-22,9,6,KYN,5,464,14,heavy_rain,True,0.44,0,1,0,95.9,41.6,2,3,45.0
14709,Superfast,2026-09-22,9,6,TNA,6,484,15,heavy_rain,True,0.26,0,1,0,140.9,45.0,2,2,48.4
14709,Superfast,2026-09-22,9,6,DR,7,509,15,heavy_rain,True,0.12,1,1,0,189.3,48.4,2,1,52.9
14709,Superfast,2026-09-22,9,6,CSMT,8,518,15,heavy_rain,True,0.4,4,1,0,242.2,52.9,0,0,54.6
11170,Intercity,2026-09-22,9,6,CSMT,0,0,22,heavy_rain,True,0.0,2,0,0,0.0,0.0,0,15,2.1
11170,Intercity,2026-09-22,9,6,DR,1,9,22,heavy_rain,True,0.13,2,0,2,2.1,2.1,4,14,8.2
11170,Intercity,2026-09-22,9,6,TNA,2,34,22,heavy_rain,True,0.36,3,1,0,10.3,8.2,4,13,17.3
11170,Intercity,2026-09-22,9,6,KYN,3,54,23,heavy_rain,True,0.2,2,1,0,27.6,17.3,4,12,19.0
11170,Intercity,2026-09-22,9,6,IGP,4,137,0,heavy_rain,True,0.15,0,1,0,46.6,19.0,4,11,40.2
11170,Intercity,2026-09-22,9,6,NK,5,188,0,heavy_rain,True,0.67,4,1,0,86.8,40.2,4,10,49.6
11170,Intercity,2026-09-22,9,6,MMR,6,261,1,heavy_rain,True,0.5,1,1,0,136.4,49.6,4,9,48.7
11170,Intercity,2026-09-22,9,6,CSN,7,328,2,heavy_rain,True,0.17,1,1,0,185.1,48.7,4,8,53.9
11170,Intercity,2026-09-22,9,6,JL,8,420,3,heavy_rain,True,0.31,2,1,0,239.0,53.9,4,7,54.4
11170,Intercity,2026-09-22,9,6,BSL,9,444,4,heavy_rain,True,0.2,2,1,0,293.4,54.4,4,6,53.3
11170,Intercity,2026-09-22,9,6,MKU,10,494,4,heavy_rain,True,0.8,3,1,0,346.7,53.3,4,5,64.2
11170,Intercity,2026-09-22,9,6,AK,11,583,5,heavy_rain,True,0.77,0,1,0,410.9,64.2,4,4,70.8
11170,Intercity,2026-09-22,9,6,BD,12,662,6,heavy_rain,True,0.18,2,1,1,481.7,70.8,4,3,69.4
11170,Intercity,2026-09-22,9,6,WR,13,757,8,heavy_rain,True,0.89,1,1,0,551.1,69.4,4,2,75.6
11170,Intercity,2026-09-22,9,6,NGP,14,837,9,heavy_rain,True,0.52,1,1,0,626.7,75.6,4,1,81.8
11170,Intercity,2026-09-22,9,6,G,15,967,10,heavy_rain,True,0.36,1,1,0,708.5,81.8,0,0,85.7
18873,Express,2026-09-22,9,6,G,0,0,6,heavy_rain,True,0.0,0,0,0,0.0,0.0,0,15,0.0
18873,Express,2026-09-22,9,6,NGP,1,130,8,heavy_rain,True,0.62,0,0,0,0.0,0.0,4,14,6.6
18873,Express,2026-09-22,9,6,WR,2,210,9,heavy_rain,True,0.4,1,0,0,6.6,6.6,4,13,10.8
18873,Express,2026-09-22,9,6,BD,3,305,10,heavy_rain,True,0.28,2,1,0,17.4,10.8,4,12,21.3
18873,Express,2026-09-22,9,6,AK,4,384,11,heavy_rain,True,0.32,3,1,0,38.7,21.3,4,11,36.3
18873,Express,2026-09-22,9,6,MKU,5,473,12,heavy_rain,True,0.08,4,1,1,75.0,36.3,4,10,45.0
18873,Express,2026-09-22,9,6,BSL,6,523,13,heavy_rain,True,0.33,0,1,0,120.0,45.0,4,9,44.8
18873,Express,2026-09-22,9,6,JL,7,547,13,heavy_rain,True,0.23,0,1,0,164.8,44.8,4,8,44.1
18873,Express,2026-09-22,9,6,CSN,8,639,14,heavy_rain,True,0.19,3,1,0,208.9,44.1,4,7,51.5
18873,Express,2026-09-22,9,6,MMR,9,706,15,heavy_rain,True,0.03,1,1,0,260.4,51.5,4,6,54.1
18873,Express,2026-09-22,9,6,NK,10,779,16,heavy_rain,True,0.43,2,1,3,314.5,54.1,4,5,61.6
18873,Express,2026-09-22,9,6,IGP,11,830,17,heavy_rain,True,0.77,1,1,0,376.1,61.6,4,4,76.5
18873,Express,2026-09-22,9,6,KYN,12,913,18,heavy_rain,True,0.82,1,1,0,452.6,76.5,4,3,85.7
18873,Express,2026-09-22,9,6,TNA,13,933,18,heavy_rain,True,0.27,1,1,0,538.3,85.7,4,2,81.5
18873,Express,2026-09-22,9,6,DR,14,958,18,heavy_rain,True,0.13,0,1,0,619.8,81.5,4,1,83.5
18873,Express,2026-09-22,9,6,CSMT,15,967,18,heavy_rain,True,0.21,0,1,0,703.3,83.5,0,0,86.3
15942,Intercity,2026-09-22,9,6,CSMT,0,0,16,heavy_rain,True,0.0,4,1,0,0.0,0.0,0,9,0.0
15942,Intercity,2026-09-22,9,6,DR,1,9,16,heavy_rain,True,0.86,0,1,0,0.0,0.0,4,8,9.4
15942,Intercity,2026-09-22,9,6,TNA,2,34,16,heavy_rain,True,0.08,1,0,0,9.4,9.4,4,7,12.3
15942,Intercity,2026-09-22,9,6,KYN,3,54,16,heavy_rain,True,0.1,0,0,0,21.7,12.3,4,6,12.2
15942,Intercity,2026-09-22,9,6,IGP,4,137,17,heavy_rain,True,0.51,3,1,0,33.9,12.2,4,5,36.2
15942,Intercity,2026-09-22,9,6,NK,5,188,18,heavy_rain,True,0.25,1,1,0,70.1,36.2,4,4,44.7
15942,Intercity,2026-09-22,9,6,MMR,6,261,19,heavy_rain,True,0.45,2,1,0,114.8,44.7,4,3,51.5
15942,Intercity,2026-09-22,9,6,AWB,7,375,20,heavy_rain,True,0.69,1,1,0,166.3,51.5,4,2,57.4
15942,Intercity,2026-09-22,9,6,J,8,438,21,heavy_rain,True,0.27,0,1,0,223.7,57.4,4,1,60.9
15942,Intercity,2026-09-22,9,6,NED,9,609,23,heavy_rain,True,0.49,2,1,0,284.6,60.9,0,0,58.9
11033,Vande Bharat,2026-09-22,9,6,NED,0,0,7,heavy_rain,True,0.0,1,0,0,0.0,0.0,0,9,0.0
11033,Vande Bharat,2026-09-22,9,6,J,1,171,9,heavy_rain,True,0.47,1,0,0,0.0,0.0,2,8,3.4
11033,Vande Bharat,2026-09-22,9,6,AWB,2,234,10,heavy_rain,True,0.56,2,0,0,3.4,3.4,2,7,6.4
11033,Vande Bharat,2026-09-22,9,6,MMR,3,348,11,heavy_rain,True,0.61,3,0,1,9.8,6.4,2,6,17.6
11033,Vande Bharat,2026-09-22,9,6,NK,4,421,12,heavy_rain,True,0.2,1,1,0,27.4,17.6,2,5,23.0
11033,Vande Bharat,2026-09-22,9,6,IGP,5,472,13,heavy_rain,True,0.33,1,1,0,50.4,23.0,2,4,37.8
11033,Vande Bharat,2026-09-22,9,6,KYN,6,555,14,heavy_rain,True,0.1,0,1,0,88.2,37.8,2,3,42.4
11033,Vande Bharat,2026-09-22,9,6,TNA,7,575,14,heavy_rain,True,0.26,4,1,0,130.6,42.4,2,2,51.7
11033,Vande Bharat,2026-09-22,9,6,DR,8,600,15,heavy_rain,True,0.38,1,1,0,182.3,51.7,2,1,53.8
11033,Vande Bharat,2026-09-22,9,6,CSMT,9,609,15,heavy_rain,True,0.24,3,1,0,236.1,53.8,0,0,64.2
15853,Mail,2026-09-22,9,6,CSMT,0,0,20,heavy_rain,True,0.0,0,0,0,0.0,0.0,0,5,7.2
15853,Mail,2026-09-22,9,6,DR,1,9,21,heavy_rain,True,0.66,0,0,0,7.2,7.2,6,4,11.8
15853,Mail,2026-09-22,9,6,TNA,2,34,21,heavy_rain,True,0.74,2,0,0,19.0,11.8,6,3,20.8
15853,Mail,2026-09-22,9,6,PNVL,3,69,21,heavy_rain,True,0.58,1,1,0,39.8,20.8,6,2,26.9
15853,Mail,2026-09-22,9,6,RN,4,307,0,heavy_rain,True,0.03,1,1,0,66.7,26.9,6,1,32.5
15853,Mail,2026-09-22,9,6,SWV,5,495,3,heavy_rain,True,0.27,0,1,0,99.2,32.5,0,0,36.5
12822,Express,2026-09-22,9,6,SWV,0,0,20,heavy_rain,True,0.0,1,0,0,0.0,0.0,0,5,0.0
12822,Express,2026-09-22,9,6,RN,1,188,22,heavy_rain,True,0.28,0,1,0,0.0,0.0,4,4,8.1
12822,Express,2026-09-22,9,6,PNVL,2,426,1,heavy_rain,True,0.82,2,0,1,8.1,8.1,4,3,17.9
12822,Express,2026-09-22,9,6,TNA,3,461,1,heavy_rain,True,0.44,3,1,1,26.0,17.9,4,2,28.9
12822,Express,2026-09-22,9,6,DR,4,486,2,heavy_rain,True,0.23,2,1,0,54.9,28.9,4,1,57.3
12822,Express,2026-09-22,9,6,CSMT,5,495,2,heavy_rain,True,0.33,2,1,1,112.2,57.3,0,0,58.5
18960,Vande Bharat,2026-09-22,9,6,PUNE,0,0,7,heavy_rain,True,0.0,1,1,0,0.0,0.0,0,7,0.0
18960,Vande Bharat,2026-09-22,9,6,DD,1,76,8,heavy_rain,True,0.46,0,0,0,0.0,0.0,2,6,5.0
18960,Vande Bharat,2026-09-22,9,6,MMR,2,69,8,heavy_rain,True,0.15,2,1,0,5.0,5.0,2,5,13.0
18960,Vande Bharat,2026-09-22,9,6,BSL,3,252,10,heavy_rain,True,0.78,1,1,0,18.0,13.0,2,4,29.9
18960,Vande Bharat,2026-09-22,9,6,AK,4,391,12,heavy_rain,True,0.34,1,1,0,47.9,29.9,2,3,32.4
18960,Vande Bharat,2026-09-22,9,6,BD,5,470,13,heavy_rain,True,0.46,1,1,0,80.3,32.4,2,2,37.0
18960,Vande Bharat,2026-09-22,9,6,WR,6,565,14,heavy_rain,True,0.61,3,1,0,117.3,37.0,2,1,47.9
18960,Vande Bharat,2026-09-22,9,6,NGP,7,645,15,heavy_rain,True,0.46,1,1,0,165.2,47.9,0,0,47.9
11021,Vande Bharat,2026-09-22,9,6,NGP,0,0,9,heavy_rain,True,0.0,1,0,0,0.0,0.0,0,7,6.7
11021,Vande Bharat,2026-09-22,9,6,WR,1,80,10,heavy_rain,True,0.19,1,0,0,6.7,6.7,2,6,11.3
11021,Vande Bharat,2026-09-22,9,6,BD,2,175,12,heavy_rain,True,0.17,2,0,0,18.0,11.3,2,5,11.4
11021,Vande Bharat,2026-09-22,9,6,AK,3,254,13,heavy_rain,True,0.59,0,0,0,29.4,11.4,2,4,11.1
11021,Vande Bharat,2026-09-22,9,6,BSL,4,393,14,heavy_rain,True,0.62,2,1,3,40.5,11.1,2,3,25.9
11021,Vande Bharat,2026-09-22,9,6,MMR,5,576,17,heavy_rain,True,0.08,3,1,0,66.4,25.9,2,2,64.8
11021,Vande Bharat,2026-09-22,9,6,DD,6,569,17,heavy_rain,True,0.73,1,1,0,131.2,64.8,2,1,72.9
11021,Vande Bharat,2026-09-22,9,6,PUNE,7,645,17,heavy_rain,True,0.37,3,1,2,204.1,72.9,0,0,88.8
12927,Express,2026-09-22,9,6,NGP,0,0,16,heavy_rain,True,0.0,1,0,0,0.0,0.0,0,9,0.0
12927,Express,2026-09-22,9,6,WR,1,80,17,heavy_rain,True,0.29,1,0,0,0.0,0.0,4,8,5.0
12927,Express,2026-09-22,9,6,BD,2,175,18,heavy_rain,True,1.0,0,1,0,5.0,5.0,4,7,17.4
12927,Express,2026-09-22,9,6,AK,3,254,19,heavy_rain,True,0.76,1,1,0,22.4,17.4,4,6,27.7
12927,Express,2026-09-22,9,6,BSL,4,393,21,heavy_rain,True,0.72,0,1,0,50.1,27.7,4,5,42.9
12927,Express,2026-09-22,9,6,MMR,5,576,23,heavy_rain,True,0.05,1,1,0,93.0,42.9,4,4,46.7
12927,Express,2026-09-22,9,6,DD,6,569,23,heavy_rain,True,0.27,2,1,0,139.7,46.7,4,3,49.9
12927,Express,2026-09-22,9,6,PUNE,7,645,0,heavy_rain,True,0.11,1,1,0,189.6,49.9,4,2,50.4
12927,Express,2026-09-22,9,6,MRJ,8,366,21,heavy_rain,True,0.54,0,1,0,240.0,50.4,4,1,55.9
12927,Express,2026-09-22,9,6,KOP,9,319,20,heavy_rain,True,0.89,2,1,1,295.9,55.9,0,0,66.3
18692,Express,2026-09-22,9,6,KOP,0,0,15,heavy_rain,True,0.0,1,0,0,0.0,0.0,0,9,8.6
18692,Express,2026-09-22,9,6,MRJ,1,47,15,heavy_rain,True,0.33,0,1,0,8.6,8.6,4,8,18.4
18692,Express,2026-09-22,9,6,PUNE,2,326,19,heavy_rain,True,0.26,1,1,0,27.0,18.4,4,7,26.4
18692,Express,2026-09-22,9,6,DD,3,250,18,heavy_rain,True,0.27,1,1,0,53.4,26.4,4,6,36.1
18692,Express,2026-09-22,9,6,MMR,4,257,18,heavy_rain,True,0.52,0,1,0,89.5,36.1,4,5,44.4
18692,Express,2026-09-22,9,6,BSL,5,74,15,heavy_rain,True,0.19,4,1,1,133.9,44.4,4,4,52.8
18692,Express,2026-09-22,9,6,AK,6,65,15,heavy_rain,True,0.35,0,1,0,186.7,52.8,4,3,55.3
18692,Express,2026-09-22,9,6,BD,7,144,16,heavy_rain,True,0.44,1,1,0,242.0,55.3,4,2,56.6
18692,Express,2026-09-22,9,6,WR,8,239,17,heavy_rain,True,0.35,0,1,0,298.6,56.6,4,1,64.0
18692,Express,2026-09-22,9,6,NGP,9,319,18,heavy_rain,True,0.14,0,1,0,362.6,64.0,0,0,66.1
14924,Express,2026-12-15,12,5,CSMT,0,0,19,clear,False,0.0,1,0,0,0.0,0.0,0,10,0.0
14924,Express,2026-12-15,12,5,DR,1,9,19,clear,False,0.96,1,0,0,0.0,0.0,4,9,8.0
14924,Express,2026-12-15,12,5,TNA,2,34,20,clear,False,0.62,1,0,0,8.0,8.0,4,8,11.3
14924,Express,2026-12-15,12,5,KYN,3,54,20,clear,False,0.21,1,0,0,19.3,11.3,4,7,15.7
14924,Express,2026-12-15,12,5,KJT,4,100,21,clear,False,0.52,0,1,0,35.0,15.7,4,6,25.1
14924,Express,2026-12-15,12,5,LNL,5,128,21,clear,False,0.56,0,1,0,60.1,25.1,4,5,32.9
14924,Express,2026-12-15,12,5,SVJR,6,190,22,clear,False,0.05,0,1,0,93.0,32.9,4,4,42.1
14924,Express,2026-12-15,12,5,PUNE,7,192,22,clear,False,0.34,4,1,0,135.1,42.1,4,3,47.3
14924,Express,2026-12-15,12,5,DD,8,268,23,clear,False,0.26,1,1,0,182.4,47.3,4,2,49.7
14924,Express,2026-12-15,12,5,KWV,9,377,0,clear,False,0.03,1,1,0,232.1,49.7,4,1,49.9
14924,Express,2026-12-15,12,5,SUR,10,455,1,clear,False,0.37,1,1,0,282.0,49.9,0,0,51.4
17365,Vande Bharat,2026-12-15,12,5,SUR,0,0,10,clear,False,0.0,0,0,0,0.0,0.0,0,10,0.0
17365,Vande Bharat,2026-12-15,12,5,KWV,1,78,11,clear,False,0.26,3,1,0,0.0,0.0,2,9,16.1
17365,Vande Bharat,2026-12-15,12,5,DD,2,187,13,clear,False,0.29,1,1,0,16.1,16.1,2,8,20.8
17365,Vande Bharat,2026-12-15,12,5,PUNE,3,263,14,clear,False,0.37,0,1,0,36.9,20.8,2,7,27.6
17365,Vande Bharat,2026-12-15,12,5,SVJR,4,265,14,clear,False,0.26,0,1,0,64.5,27.6,2,6,30.3
17365,Vande Bharat,2026-12-15,12,5,LNL,5,327,15,clear,False,0.47,1,1,0,94.8,30.3,2,5,33.5
17365,Vande Bharat,2026-12-15,12,5,KJT,6,355,15,clear,False,0.51,0,1,0,128.3,33.5,2,4,35.1
17365,Vande Bharat,2026-12-15,12,5,KYN,7,401,15,clear,False,0.45,1,1,0,163.4,35.1,2,3,40.7
17365,Vande Bharat,2026-12-15,12,5,TNA,8,421,16,clear,False,0.56,1,1,0,204.1,40.7,2,2,42.2
17365,Vande Bharat,2026-12-15,12,5,DR,9,446,16,clear,False,0.25,1,1,0,246.3,42.2,2,1,51.0
17365,Vande Bharat,2026-12-15,12,5,CSMT,10,455,16,clear,False,0.22,1,1,0,297.3,51.0,0,0,48.9
13954,Intercity,2026-12-15,12,5,CSMT,0,0,10,clear,False,0.0,0,0,0,0.0,0.0,0,8,0.0
13954,Intercity,2026-12-15,12,5,DR,1,9,10,clear,False,0.8,2,0,0,0.0,0.0,4,7,8.6
13954,Intercity,2026-12-15,12,5,TNA,2,34,11,clear,False,0.64,1,1,0,8.6,8.6,4,6,19.2
13954,Intercity,2026-12-15,12,5,KYN,3,54,11,clear,False,0.25,0,1,0,27.8,19.2,4,5,31.2
13954,Intercity,2026-12-15,12,5,LNL,4,128,12,clear,False,0.12,2,1,1,59.0,31.2,4,4,37.6
13954,Intercity,2026-12-15,12,5,PUNE,5,192,13,clear,False,0.17,1,1,0,96.6,37.6,4,3,43.3
13954,Intercity,2026-12-15,12,5,MRJ,6,471,16,clear,False,0.27,1,1,0,139.9,43.3,4,2,49.2
13954,Intercity,2026-12-15,12,5,SLI,7,478,16,clear,False,0.49,1,1,0,189.1,49.2,4,1,54.1
13954,Intercity,2026-12-15,12,5,KOP,8,518,17,clear,False,0.9,1,1,0,243.2,54.1,0,0,64.4
17294,Vande Bharat,2026-12-15,12,5,KOP,0,0,8,clear,False,0.0,2,1,0,0.0,0.0,0,8,0.0
17294,Vande Bharat,2026-12-15,12,5,SLI,1,40,8,clear,False,0.79,0,0,0,0.0,0.0,2,7,6.2
17294,Vande Bharat,2026-12-15,12,5,MRJ,2,47,8,clear,False,0.36,0,0,0,6.2,6.2,2,6,10.2
17294,Vande Bharat,2026-12-15,12,5,PUNE,3,326,12,clear,False,0.3,1,0,0,16.4,10.2,2,5,9.6
17294,Vande Bharat,2026-12-15,12,5,LNL,4,390,13,clear,False,0.16,1,0,0,26.0,9.6,2,4,9.4
17294,Vande Bharat,2026-12-15,12,5,KYN,5,464,13,clear,False,0.09,3,0,0,35.4,9.4,2,3,10.9
17294,Vande Bharat,2026-12-15,12,5,TNA,6,484,14,clear,False,0.5,1,0,0,46.3,10.9,2,2,12.0
17294,Vande Bharat,2026-12-15,12,5,DR,7,509,14,clear,False,0.55,1,0,0,58.3,12.0,2,1,12.7
17294,Vande Bharat,2026-12-15,12,5,CSMT,8,518,14,clear,False,0.76,1,0,0,71.0,12.7,0,0,14.9
20913,Superfast,2026-12-15,12,5,CSMT,0,0,12,clear,False,0.0,3,0,0,0.0,0.0,0,15,7.7
20913,Superfast,2026-12-15,12,5,DR,1,9,12,clear,False,0.08,1,0,0,7.7,7.7,2,14,8.0
20913,Superfast,2026-12-15,12,5,TNA,2,34,13,clear,False,0.44,1,0,0,15.7,8.0,2,13,10.4
20913,Superfast,2026-12-15,12,5,KYN,3,54,13,clear,False,0.5,0,1,0,26.1,10.4,2,12,17.2
20913,Superfast,2026-12-15,12,5,IGP,4,137,14,clear,False,0.22,1,1,0,43.3,17.2,2,11,25.0
20913,Superfast,2026-12-15,12,5,NK,5,188,15,clear,False,0.41,0,1,0,68.3,25.0,2,10,29.0
20913,Superfast,2026-12-15,12,5,MMR,6,261,16,clear,False,0.63,2,1,2,97.3,29.0,2,9,41.3
20913,Superfast,2026-12-15,12,5,CSN,7,328,16,clear,False,0.26,1,1,0,138.6,41.3,2,8,43.2
20913,Superfast,2026-12-15,12,5,JL,8,420,18,clear,False,0.45,3,1,0,181.8,43.2,2,7,53.8
20913,Superfast,2026-12-15,12,5,BSL,9,444,18,clear,False,0.36,4,1,1,235.6,53.8,2,6,68.3
20913,Superfast,2026-12-15,12,5,MKU,10,494,19,clear,False,0.35,4,1,0,303.9,68.3,2,5,75.5
20913,Superfast,2026-12-15,12,5,AK,11,583,20,clear,False,0.55,0,1,0,379.4,75.5,2,4,76.3
20913,Superfast,2026-12-15,12,5,BD,12,662,21,clear,False,0.63,1,1,0,455.7,76.3,2,3,80.6
20913,Superfast,2026-12-15,12,5,WR,13,757,22,clear,False,0.46,1,1,0,536.3,80.6,2,2,81.7
20913,Superfast,2026-12-15,12,5,NGP,14,837,23,clear,False,0.08,0,1,0,618.0,81.7,2,1,80.6
20913,Superfast,2026-12-15,12,5,G,15,967,0,clear,False,0.59,1,1,0,698.6,80.6,0,0,78.2
21534,Superfast,2026-12-15,12,5,G,0,0,9,clear,False,0.0,0,0,0,0.0,0.0,0,15,7.6
21534,Superfast,2026-12-15,12,5,NGP,1,130,11,clear,False,0.79,0,1,0,7.6,7.6,2,14,20.8
21534,Superfast,2026-12-15,12,5,WR,2,210,12,clear,False,0.22,0,1,0,28.4,20.8,2,13,23.9
21534,Superfast,2026-12-15,12,5,BD,3,305,13,clear,False,0.25,1,1,0,52.3,23.9,2,12,26.0
21534,Superfast,2026-12-15,12,5,AK,4,384,14,clear,False,0.3,1,1,0,78.3,26.0,2,11,29.5
21534,Superfast,2026-12-15,12,5,MKU,5,473,15,clear,False,0.41,1,1,0,107.8,29.5,2,10,34.1
21534,Superfast,2026-12-15,12,5,BSL,6,523,15,clear,False,0.53,2,1,0,141.9,34.1,2,9,38.3
21534,Superfast,2026-12-15,12,5,JL,7,547,16,clear,False,0.52,2,1,0,180.2,38.3,2,8,42.0
21534,Superfast,2026-12-15,12,5,CSN,8,639,17,clear,False,0.81,0,1,0,222.2,42.0,2,7,54.3
21534,Superfast,2026-12-15,12,5,MMR,9,706,18,clear,False,0.32,4,1,0,276.5,54.3,2,6,63.7
21534,Superfast,2026-12-15,12,5,NK,10,779,19,clear,False,0.27,0,1,0,340.2,63.7,2,5,68.9
21534,Superfast,2026-12-15,12,5,IGP,11,830,19,clear,False,0.67,1,1,0,409.1,68.9,2,4,66.5
21534,Superfast,2026-12-15,12,5,KYN,12,913,20,clear,False,0.36,0,1,0,475.6,66.5,2,3,69.3
21534,Superfast,2026-12-15,12,5,TNA,13,933,21,clear,False,0.05,0,1,0,544.9,69.3,2,2,82.5
21534,Superfast,2026-12-15,12,5,DR,14,958,21,clear,False,0.83,1,1,0,627.4,82.5,2,1,92.4
21534,Superfast,2026-12-15,12,5,CSMT,15,967,21,clear,False,0.64,2,1,0,719.8,92.4,0,0,94.2
15745,Intercity,2026-12-15,12,5,CSMT,0,0,12,clear,False,0.0,0,1,0,0.0,0.0,0,9,0.0
15745,Intercity,2026-12-15,12,5,DR,1,9,13,clear,False,0.51,1,0,0,0.0,0.0,4,8,6.6
15745,Intercity,2026-12-15,12,5,TNA,2,34,13,clear,False,0.32,1,0,0,6.6,6.6,4,7,7.9
15745,Intercity,2026-12-15,12,5,KYN,3,54,13,clear,False,0.34,2,1,0,14.5,7.9,4,6,17.2
15745,Intercity,2026-12-15,12,5,IGP,4,137,14,clear,False,0.46,1,1,0,31.7,17.2,4,5,22.6
15745,Intercity,2026-12-15,12,5,NK,5,188,15,clear,False,0.24,4,1,0,54.3,22.6,4,4,34.4
15745,Intercity,2026-12-15,12,5,MMR,6,261,16,clear,False,0.52,1,1,0,88.7,34.4,4,3,39.7
15745,Intercity,2026-12-15,12,5,AWB,7,375,17,clear,False,0.38,1,1,0,128.4,39.7,4,2,46.0
15745,Intercity,2026-12-15,12,5,J,8,438,18,clear,False,0.66,0,1,0,174.4,46.0,4,1,53.5
15745,Intercity,2026-12-15,12,5,NED,9,609,20,clear,False,0.54,1,1,0,227.9,53.5,0,0,61.3
18811,Express,2026-12-15,12,5,NED,0,0,14,clear,False,0.0,0,0,0,0.0,0.0,0,9,4.0
18811,Express,2026-12-15,12,5,J,1,171,16,clear,False,0.14,0,1,0,4.0,4.0,4,8,14.4
18811,Express,2026-12-15,12,5,AWB,2,234,17,clear,False,0.86,0,0,0,18.4,14.4,4,7,19.7
18811,Express,2026-12-15,12,5,MMR,3,348,19,clear,False,0.41,1,1,0,38.1,19.7,4,6,29.5
18811,Express,2026-12-15,12,5,NK,4,421,20,clear,False,0.5,0,1,0,67.6,29.5,4,5,39.1
18811,Express,2026-12-15,12,5,IGP,5,472,20,clear,False,0.35,1,1,0,106.7,39.1,4,4,41.1
18811,Express,2026-12-15,12,5,KYN,6,555,21,clear,False,0.4,1,1,0,147.8,41.1,4,3,43.4
18811,Express,2026-12-15,12,5,TNA,7,575,22,clear,False,0.36,0,1,0,191.2,43.4,4,2,42.0
18811,Express,2026-12-15,12,5,DR,8,600,22,clear,False,0.27,1,1,0,233.2,42.0,4,1,47.5
18811,Express,2026-12-15,12,5,CSMT,9,609,22,clear,False,0.53,0,1,0,280.7,47.5,0,0,50.9
22804,Mail,2026-12-15,12,5,CSMT,0,0,10,clear,False,0.0,1,0,0,0.0,0.0,0,5,8.2
22804,Mail,2026-12-15,12,5,DR,1,9,10,clear,False,0.61,1,1,0,8.2,8.2,6,4,18.1
22804,Mail,2026-12-15,12,5,TNA,2,34,10,clear,False,0.07,1,1,0,26.3,18.1,6,3,28.4
22804,Mail,2026-12-15,12,5,PNVL,3,69,10,clear,False,0.46,0,1,0,54.7,28.4,6,2,33.8
22804,Mail,2026-12-15,12,5,RN,4,307,13,clear,False,0.22,1,1,0,88.5,33.8,6,1,42.3
22804,Mail,2026-12-15,12,5,SWV,5,495,16,clear,False,0.24,3,1,0,130.8,42.3,0,0,47.2
14986,Superfast,2026-12-15,12,5,SWV,0,0,17,clear,False,0.0,1,0,0,0.0,0.0,0,5,0.0
14986,Superfast,2026-12-15,12,5,RN,1,188,20,clear,False,1.0,1,0,0,0.0,0.0,2,4,12.1
14986,Superfast,2026-12-15,12,5,PNVL,2,426,22,clear,False,0.49,1,1,0,12.1,12.1,2,3,41.1
14986,Superfast,2026-12-15,12,5,TNA,3,461,23,clear,False,0.29,1,1,0,53.2,41.1,2,2,47.9
14986,Superfast,2026-12-15,12,5,DR,4,486,23,clear,False,0.29,2,1,1,101.1,47.9,2,1,52.1
14986,Superfast,2026-12-15,12,5,CSMT,5,495,23,clear,False,0.51,0,1,0,153.2,52.1,0,0,54.2
16611,Intercity,2026-12-15,12,5,PUNE,0,0,15,clear,False,0.0,1,1,0,0.0,0.0,0,7,0.0
16611,Intercity,2026-12-15,12,5,DD,1,76,16,clear,False,0.35,0,1,0,0.0,0.0,4,6,4.9
16611,Intercity,2026-12-15,12,5,MMR,2,69,16,clear,False,0.39,1,0,0,4.9,4.9,4,5,4.9
16611,Intercity,2026-12-15,12,5,BSL,3,252,18,clear,False,0.58,2,0,0,9.8,4.9,4,4,9.1
16611,Intercity,2026-12-15,12,5,AK,4,391,20,clear,False,0.68,1,0,0,18.9,9.1,4,3,12.5
16611,Intercity,2026-12-15,12,5,BD,5,470,21,clear,False,0.79,1,0,0,31.4,12.5,4,2,18.5
16611,Intercity,2026-12-15,12,5,WR,6,565,22,clear,False,0.34,3,1,0,49.9,18.5,4,1,28.3
16611,Intercity,2026-12-15,12,5,NGP,7,645,23,clear,False,0.37,2,1,3,78.2,28.3,0,0,40.4
16659,Express,2026-12-15,12,5,NGP,0,0,8,clear,False,0.0,0,0,0,0.0,0.0,0,7,0.0
16659,Express,2026-12-15,12,5,WR,1,80,9,clear,False,0.45,1,0,0,0.0,0.0,4,6,8.5
16659,Express,2026-12-15,12,5,BD,2,175,11,clear,False,0.59,1,0,0,8.5,8.5,4,5,14.0
16659,Express,2026-12-15,12,5,AK,3,254,12,clear,False,0.54,1,0,0,22.5,14.0,4,4,13.7
16659,Express,2026-12-15,12,5,BSL,4,393,13,clear,False,0.19,1,0,0,36.2,13.7,4,3,12.8
16659,Express,2026-12-15,12,5,MMR,5,576,16,clear,False,0.22,0,0,0,49.0,12.8,4,2,13.9
16659,Express,2026-12-15,12,5,DD,6,569,16,clear,False,0.34,2,0,0,62.9,13.9,4,1,12.6
16659,Express,2026-12-15,12,5,PUNE,7,645,17,clear,False,0.35,0,0,0,75.5,12.6,0,0,15.9
16159,Superfast,2026-12-15,12,5,NGP,0,0,5,clear,False,0.0,0,0,0,0.0,0.0,0,9,0.0
16159,Superfast,2026-12-15,12,5,WR,1,80,6,clear,False,0.15,1,0,0,0.0,0.0,2,8,1.0
16159,Superfast,2026-12-15,12,5,BD,2,175,7,clear,False,0.39,0,0,0,1.0,1.0,2,7,3.8
16159,Superfast,2026-12-15,12,5,AK,3,254,8,clear,False,0.74,0,0,0,4.8,3.8,2,6,12.8
16159,Superfast,2026-12-15,12,5,BSL,4,393,10,clear,False,0.31,0,0,0,17.6,12.8,2,5,16.1
16159,Superfast,2026-12-15,12,5,MMR,5,576,12,clear,False,0.13,1,1,0,33.7,16.1,2,4,20.7
16159,Superfast,2026-12-15,12,5,DD,6,569,12,clear,False,0.38,1,1,0,54.4,20.7,2,3,28.5
16159,Superfast,2026-12-15,12,5,PUNE,7,645,13,clear,False,0.21,1,1,0,82.9,28.5,2,2,33.4
16159,Superfast,2026-12-15,12,5,MRJ,8,366,9,clear,False,0.39,1,1,0,116.3,33.4,2,1,38.2
16159,Superfast,2026-12-15,12,5,KOP,9,319,9,clear,False,1.0,1,1,0,154.5,38.2,0,0,44.2
12195,Superfast,2026-12-15,12,5,KOP,0,0,7,clear,False,0.0,1,0,0,0.0,0.0,0,9,0.0
12195,Superfast,2026-12-15,12,5,MRJ,1,47,7,clear,False,0.34,0,1,0,0.0,0.0,2,8,10.9
12195,Superfast,2026-12-15,12,5,PUNE,2,326,11,clear,False,0.77,0,0,0,10.9,10.9,2,7,18.4
12195,Superfast,2026-12-15,12,5,DD,3,250,10,clear,False,0.68,1,1,0,29.3,18.4,2,6,24.8
12195,Superfast,2026-12-15,12,5,MMR,4,257,10,clear,False,0.4,2,1,1,54.1,24.8,2,5,36.7
12195,Superfast,2026-12-15,12,5,BSL,5,74,8,clear,False,0.81,2,1,0,90.8,36.7,2,4,47.8
12195,Superfast,2026-12-15,12,5,AK,6,65,8,clear,False,0.36,1,1,0,138.6,47.8,2,3,54.7
12195,Superfast,2026-12-15,12,5,BD,7,144,9,clear,False,0.33,3,1,0,193.3,54.7,2,2,61.7
12195,Superfast,2026-12-15,12,5,WR,8,239,10,clear,False,0.4,1,1,0,255.0,61.7,2,1,66.9
12195,Superfast,2026-12-15,12,5,NGP,9,319,11,clear,False,0.21,0,1,0,321.9,66.9,0,0,67.5
13194,Mail,2026-04-20,4,5,CSMT,0,0,6,rain,False,0.0,2,0,3,0.0,0.0,0,10,10.7
13194,Mail,2026-04-20,4,5,DR,1,9,6,rain,False,0.29,0,0,0,10.7,10.7,6,9,10.3
13194,Mail,2026-04-20,4,5,TNA,2,34,7,rain,False,0.25,2,1,0,21.0,10.3,6,8,23.7
13194,Mail,2026-04-20,4,5,KYN,3,54,7,rain,False,0.3,1,1,0,44.7,23.7,6,7,30.3
13194,Mail,2026-04-20,4,5,KJT,4,100,7,rain,False,0.38,1,1,0,75.0,30.3,6,6,30.5
13194,Mail,2026-04-20,4,5,LNL,5,128,8,rain,False,0.52,1,1,0,105.5,30.5,6,5,37.9
13194,Mail,2026-04-20,4,5,SVJR,6,190,9,rain,False,0.31,2,1,0,143.4,37.9,6,4,48.8
13194,Mail,2026-04-20,4,5,PUNE,7,192,9,rain,False,0.47,1,1,0,192.2,48.8,6,3,53.3
13194,Mail,2026-04-20,4,5,DD,8,268,10,rain,False,0.58,2,1,1,245.5,53.3,6,2,55.4
13194,Mail,2026-04-20,4,5,KWV,9,377,11,rain,False,0.49,1,1,0,300.9,55.4,6,1,55.2
13194,Mail,2026-04-20,4,5,SUR,10,455,12,rain,False,0.21,0,1,0,356.1,55.2,0,0,63.6
11443,Superfast,2026-04-20,4,5,SUR,0,0,19,rain,False,0.0,3,0,0,0.0,0.0,0,10,0.0
11443,Superfast,2026-04-20,4,5,KWV,1,78,20,rain,False,0.55,1,0,0,0.0,0.0,2,9,5.2
11443,Superfast,2026-04-20,4,5,DD,2,187,22,rain,False,0.33,1,0,0,5.2,5.2,2,8,6.0
11443,Superfast,2026-04-20,4,5,PUNE,3,263,23,rain,False,0.22,1,1,0,11.2,6.0,2,7,10.4
11443,Superfast,2026-04-20,4,5,SVJR,4,265,23,rain,False,0.33,2,0,0,21.6,10.4,2,6,12.2
11443,Superfast,2026-04-20,4,5,LNL,5,327,23,rain,False,0.3,1,1,0,33.8,12.2,2,5,20.9
11443,Superfast,2026-04-20,4,5,KJT,6,355,0,rain,False,0.48,2,1,3,54.7,20.9,2,4,38.7
11443,Superfast,2026-04-20,4,5,KYN,7,401,0,rain,False,0.31,1,1,0,93.4,38.7,2,3,42.8
11443,Superfast,2026-04-20,4,5,TNA,8,421,1,rain,False,0.52,2,1,1,136.2,42.8,2,2,46.8
11443,Superfast,2026-04-20,4,5,DR,9,446,1,rain,False,0.69,1,1,0,183.0,46.8,2,1,47.0
11443,Superfast,2026-04-20,4,5,CSMT,10,455,1,rain,False,0.09,1,1,0,230.0,47.0,0,0,47.2
18124,Express,2026-04-20,4,5,CSMT,0,0,20,rain,False,0.0,0,0,0,0.0,0.0,0,8,0.0
18124,Express,2026-04-20,4,5,DR,1,9,20,rain,False,0.46,1,0,0,0.0,0.0,4,7,1.9
18124,Express,2026-04-20,4,5,TNA,2,34,21,rain,False,1.0,0,0,0,1.9,1.9,4,6,10.5
18124,Express,2026-04-20,4,5,KYN,3,54,21,rain,False,0.33,0,0,0,12.4,10.5,4,5,13.3
18124,Express,2026-04-20,4,5,LNL,4,128,22,rain,False,0.42,2,1,0,25.7,13.3,4,4,19.7
18124,Express,2026-04-20,4,5,PUNE,5,192,23,rain,False,0.57,0,1,0,45.4,19.7,4,3,27.0
18124,Express,2026-04-20,4,5,MRJ,6,471,2,rain,False,0.21,2,1,0,72.4,27.0,4,2,32.8
18124,Express,2026-04-20,4,5,SLI,7,478,2,rain,False,0.17,0,1,0,105.2,32.8,4,1,38.4
18124,Express,2026-04-20,4,5,KOP,8,518,3,rain,False,0.2,1,1,0,143.6,38.4,0,0,40.0
22721,Mail,2026-04-20,4,5,KOP,0,0,17,rain,False,0.0,0,0,0,0.0,0.0,0,8,0.0
22721,Mail,2026-04-20,4,5,SLI,1,40,17,rain,False,0.42,1,0,0,0.0,0.0,6,7,1.8
22721,Mail,2026-04-20,4,5,MRJ,2,47,18,rain,False,0.7,1,0,0,1.8,1.8,6,6,10.1
22721,Mail,2026-04-20,4,5,PUNE,3,326,21,rain,False,0.4,0,0,0,11.9,10.1,6,5,14.8
22721,Mail,2026-04-20,4,5,LNL,4,390,22,rain,False,0.25,0,0,0,26.7,14.8,6,4,14.1
22721,Mail,2026-04-20,4,5,KYN,5,464,23,rain,False,0.57,1,1,0,40.8,14.1,6,3,26.0
22721,Mail,2026-04-20,4,5,TNA,6,484,23,rain,False,0.76,1,1,0,66.8,26.0,6,2,28.7
22721,Mail,2026-04-20,4,5,DR,7,509,23,rain,False,0.3,1,1,0,95.5,28.7,6,1,32.5
22721,Mail,2026-04-20,4,5,CSMT,8,518,23,rain,False,0.49,2,1,1,128.0,32.5,0,0,39.3
15496,Vande Bharat,2026-04-20,4,5,CSMT,0,0,14,rain,False,0.0,1,0,0,0.0,0.0,0,15,0.0
15496,Vande Bharat,2026-04-20,4,5,DR,1,9,14,rain,False,0.75,0,0,0,0.0,0.0,2,14,6.6
15496,Vande Bharat,2026-04-20,4,5,TNA,2,34,14,rain,False,0.22,0,0,0,6.6,6.6,2,13,7.0
15496,Vande Bharat,2026-04-20,4,5,KYN,3,54,14,rain,False,0.54,1,0,0,13.6,7.0,2,12,7.1
15496,Vande Bharat,2026-04-20,4,5,IGP,4,137,15,rain,False,0.2,1,1,0,20.7,7.1,2,11,13.4
15496,Vande Bharat,2026-04-20,4,5,NK,5,188,16,rain,False,0.65,2,0,0,34.1,13.4,2,10,13.9
15496,Vande Bharat,2026-04-20,4,5,MMR,6,261,17,rain,False,0.4,0,0,0,48.0,13.9,2,9,15.8
15496,Vande Bharat,2026-04-20,4,5,CSN,7,328,18,rain,False,0.18,0,1,0,63.8,15.8,2,8,25.1
15496,Vande Bharat,2026-04-20,4,5,JL,8,420,19,rain,False,0.52,2,1,0,88.9,25.1,2,7,35.0
15496,Vande Bharat,2026-04-20,4,5,BSL,9,444,19,rain,False,0.65,1,1,0,123.9,35.0,2,6,38.5
15496,Vande Bharat,2026-04-20,4,5,MKU,10,494,20,rain,False,0.47,1,1,0,162.4,38.5,2,5,48.0
15496,Vande Bharat,2026-04-20,4,5,AK,11,583,21,rain,False,0.39,2,1,0,210.4,48.0,2,4,56.7
15496,Vande Bharat,2026-04-20,4,5,BD,12,662,22,rain,False,0.53,1,1,0,267.1,56.7,2,3,55.6
15496,Vande Bharat,2026-04-20,4,5,WR,13,757,23,rain,False,0.43,4,1,0,322.7,55.6,2,2,61.4
15496,Vande Bharat,2026-04-20,4,5,NGP,14,837,0,rain,False,0.34,0,1,0,384.1,61.4,2,1,63.3
15496,Vande Bharat,2026-04-20,4,5,G,15,967,2,rain,False,0.5,2,1,0,447.4,63.3,0,0,63.3
14308,Mail,2026-04-20,4,5,G,0,0,16,rain,False,0.0,0,0,0,0.0,0.0,0,15,0.0
14308,Mail,2026-04-20,4,5,NGP,1,130,18,rain,False,0.6,3,0,3,0.0,0.0,6,14,11.3
14308,Mail,2026-04-20,4,5,WR,2,210,19,rain,False,0.16,0,1,0,11.3,11.3,6,13,18.9
14308,Mail,2026-04-20,4,5,BD,3,305,20,rain,False,0.83,1,1,0,30.2,18.9,6,12,33.2
14308,Mail,2026-04-20,4,5,AK,4,384,21,rain,False,0.45,1,1,0,63.4,33.2,6,11,38.5
14308,Mail,2026-04-20,4,5,MKU,5,473,22,rain,False,0.41,1,1,0,101.9,38.5,6,10,42.7
14308,Mail,2026-04-20,4,5,BSL,6,523,23,rain,False,0.3,1,1,0,144.6,42.7,6,9,46.3
14308,Mail,2026-04-20,4,5,JL,7,547,23,rain,False,0.63,0,1,0,190.9,46.3,6,8,48.2
14308,Mail,2026-04-20,4,5,CSN,8,639,0,rain,False,0.35,2,1,0,239.1,48.2,6,7,51.1
14308,Mail,2026-04-20,4,5,MMR,9,706,1,rain,False,0.19,1,1,0,290.2,51.1,6,6,53.7
14308,Mail,2026-04-20,4,5,NK,10,779,2,rain,False,0.86,2,1,2,343.9,53.7,6,5,61.5
14308,Mail,2026-04-20,4,5,IGP,11,830,3,rain,False,0.37,2,1,0,405.4,61.5,6,4,64.3
14308,Mail,2026-04-20,4,5,KYN,12,913,4,rain,False,0.47,2,1,0,469.7,64.3,6,3,72.0
14308,Mail,2026-04-20,4,5,TNA,13,933,4,rain,False,0.24,1,1,0,541.7,72.0,6,2,70.6
14308,Mail,2026-04-20,4,5,DR,14,958,4,rain,False,0.76,1,1,0,612.3,70.6,6,1,70.0
14308,Mail,2026-04-20,4,5,CSMT,15,967,5,rain,False,0.6,2,1,0,682.3,70.0,0,0,67.8
16586,Mail,2026-04-20,4,5,CSMT,0,0,8,rain,False,0.0,1,0,0,0.0,0.0,0,9,0.0
16586,Mail,2026-04-20,4,5,DR,1,9,8,rain,False,0.38,1,0,0,0.0,0.0,6,8,6.2
16586,Mail,2026-04-20,4,5,TNA,2,34,9,rain,False,0.49,0,0,0,6.2,6.2,6,7,12.9
16586,Mail,2026-04-20,4,5,KYN,3,54,9,rain,False,0.42,1,0,0,19.1,12.9,6,6,18.2
16586,Mail,2026-04-20,4,5,IGP,4,137,10,rain,False,0.44,2,1,0,37.3,18.2,6,5,27.3
16586,Mail,2026-04-20,4,5,NK,5,188,11,rain,False,0.33,1,1,0,64.6,27.3,6,4,32.7
16586,Mail,2026-04-20,4,5,MMR,6,261,11,rain,False,0.37,1,1,0,97.3,32.7,6,3,39.4
16586,Mail,2026-04-20,4,5,AWB,7,375,13,rain,False,0.39,0,1,0,136.7,39.4,6,2,41.8
16586,Mail,2026-04-20,4,5,J,8,438,14,rain,False,0.45,2,1,0,178.5,41.8,6,1,41.1
16586,Mail,2026-04-20,4,5,NED,9,609,16,rain,False,0.17,3,1,0,219.6,41.1,0,0,49.1
21467,Vande Bharat,2026-04-20,4,5,NED,0,0,13,rain,False,0.0,1,0,0,0.0,0.0,0,9,4.4
21467,Vande Bharat,2026-04-20,4,5,J,1,171,15,rain,False,0.41,1,0,0,4.4,4.4,2,8,10.7
21467,Vande Bharat,2026-04-20,4,5,AWB,2,234,16,rain,False,0.18,1,0,0,15.1,10.7,2,7,9.7
21467,Vande Bharat,2026-04-20,4,5,MMR,3,348,17,rain,False,0.37,2,1,1,24.8,9.7,2,6,19.1
21467,Vande Bharat,2026-04-20,4,5,NK,4,421,18,rain,False,0.39,1,1,0,43.9,19.1,2,5,24.8
21467,Vande Bharat,2026-04-20,4,5,IGP,5,472,19,rain,False,0.21,2,1,0,68.7,24.8,2,4,30.6
21467,Vande Bharat,2026-04-20,4,5,KYN,6,555,20,rain,False,0.11,1,1,0,99.3,30.6,2,3,37.1
21467,Vande Bharat,2026-04-20,4,5,TNA,7,575,20,rain,False,0.52,1,1,0,136.4,37.1,2,2,43.9
21467,Vande Bharat,2026-04-20,4,5,DR,8,600,20,rain,False,0.51,3,1,0,180.3,43.9,2,1,54.8
21467,Vande Bharat,2026-04-20,4,5,CSMT,9,609,20,rain,False,0.82,0,1,0,235.1,54.8,0,0,58.5
14169,Superfast,2026-04-20,4,5,CSMT,0,0,10,rain,False,0.0,0,0,0,0.0,0.0,0,5,13.5
14169,Superfast,2026-04-20,4,5,DR,1,9,10,rain,False,0.3,2,0,1,13.5,13.5,2,4,19.1
14169,Superfast,2026-04-20,4,5,TNA,2,34,10,rain,False,0.28,2,1,0,32.6,19.1,2,3,27.3
14169,Superfast,2026-04-20,4,5,PNVL,3,69,11,rain,False,0.27,1,1,0,59.9,27.3,2,2,35.9
14169,Superfast,2026-04-20,4,5,RN,4,307,14,rain,False,0.2,2,1,0,95.8,35.9,2,1,40.0
14169,Superfast,2026-04-20,4,5,SWV,5,495,16,rain,False,0.32,1,1,0,135.8,40.0,0,0,43.2
17163,Vande Bharat,2026-04-20,4,5,SWV,0,0,11,rain,False,0.0,1,0,0,0.0,0.0,0,5,0.0
17163,Vande Bharat,2026-04-20,4,5,RN,1,188,13,rain,False,0.16,1,1,0,0.0,0.0,2,4,8.9
17163,Vande Bharat,2026-04-20,4,5,PNVL,2,426,16,rain,False,0.48,1,0,0,8.9,8.9,2,3,9.9
17163,Vande Bharat,2026-04-20,4,5,TNA,3,461,17,rain,False,0.8,1,0,0,18.8,9.9,2,2,15.2
17163,Vande Bharat,2026-04-20,4,5,DR,4,486,17,rain,False,0.29,1,1,0,34.0,15.2,2,1,20.1
17163,Vande Bharat,2026-04-20,4,5,CSMT,5,495,17,rain,False,0.64,0,1,0,54.1,20.1,0,0,25.9
13645,Superfast,2026-04-20,4,5,PUNE,0,0,21,rain,False,0.0,3,0,0,0.0,0.0,0,7,0.0
13645,Superfast,2026-04-20,4,5,DD,1,76,22,rain,False,0.49,0,0,0,0.0,0.0,2,6,0.6
13645,Superfast,2026-04-20,4,5,MMR,2,69,22,rain,False,0.21,0,0,0,0.6,0.6,2,5,1.1
13645,Superfast,2026-04-20,4,5,BSL,3,252,1,rain,False,0.11,0,1,0,1.7,1.1,2,4,9.8
13645,Superfast,2026-04-20,4,5,AK,4,391,2,rain,False,0.68,0,0,0,11.5,9.8,2,3,9.8
13645,Superfast,2026-04-20,4,5,BD,5,470,3,rain,False,0.82,4,0,0,21.3,9.8,2,2,21.5
13645,Superfast,2026-04-20,4,5,WR,6,565,4,rain,False,0.45,1,1,0,42.8,21.5,2,1,27.7
13645,Superfast,2026-04-20,4,5,NGP,7,645,5,rain,False,0.27,2,1,1,70.5,27.7,0,0,31.3
19074,Express,2026-04-20,4,5,NGP,0,0,19,rain,False,0.0,0,0,0,0.0,0.0,0,7,8.1
19074,Express,2026-04-20,4,5,WR,1,80,20,rain,False,0.41,2,1,0,8.1,8.1,4,6,21.9
19074,Express,2026-04-20,4,5,BD,2,175,21,rain,False,0.4,2,1,0,30.0,21.9,4,5,30.3
19074,Express,2026-04-20,4,5,AK,3,254,22,rain,False,0.32,1,1,0,60.3,30.3,4,4,32.0
19074,Express,2026-04-20,4,5,BSL,4,393,0,rain,False,0.57,1,1,0,92.3,32.0,4,3,35.8
19074,Express,2026-04-20,4,5,MMR,5,576,2,rain,False,0.45,0,1,0,128.1,35.8,4,2,39.3
19074,Express,2026-04-20,4,5,DD,6,569,2,rain,False,0.63,1,1,0,167.4,39.3,4,1,41.9
19074,Express,2026-04-20,4,5,PUNE,7,645,3,rain,False,0.31,1,1,0,209.3,41.9,0,0,44.4
14615,Superfast,2026-04-20,4,5,NGP,0,0,10,rain,False,0.0,2,0,2,0.0,0.0,0,9,0.0
14615,Superfast,2026-04-20,4,5,WR,1,80,11,rain,False,0.28,0,0,0,0.0,0.0,2,8,5.6
14615,Superfast,2026-04-20,4,5,BD,2,175,12,rain,False,0.25,1,1,0,5.6,5.6,2,7,11.1
14615,Superfast,2026-04-20,4,5,AK,3,254,13,rain,False,0.49,1,0,0,16.7,11.1,2,6,13.2
14615,Superfast,2026-04-20,4,5,BSL,4,393,15,rain,False,0.39,3,0,0,29.9,13.2,2,5,14.9
14615,Superfast,2026-04-20,4,5,MMR,5,576,17,rain,False,0.52,1,0,0,44.8,14.9,2,4,17.6
14615,Superfast,2026-04-20,4,5,DD,6,569,17,rain,False,0.26,2,1,0,62.4,17.6,2,3,27.9
14615,Superfast,2026-04-20,4,5,PUNE,7,645,18,rain,False,0.55,3,1,3,90.3,27.9,2,2,45.3
14615,Superfast,2026-04-20,4,5,MRJ,8,366,15,rain,False,0.58,1,1,0,135.6,45.3,2,1,50.1
14615,Superfast,2026-04-20,4,5,KOP,9,319,14,rain,False,0.16,2,1,0,185.7,50.1,0,0,50.6
13326,Mail,2026-04-20,4,5,KOP,0,0,10,rain,False,0.0,1,0,0,0.0,0.0,0,9,0.0
13326,Mail,2026-04-20,4,5,MRJ,1,47,11,rain,False,0.4,4,0,0,0.0,0.0,6,8,7.7
13326,Mail,2026-04-20,4,5,PUNE,2,326,14,rain,False,0.53,0,0,0,7.7,7.7,6,7,7.7
13326,Mail,2026-04-20,4,5,DD,3,250,13,rain,False,0.53,2,0,1,15.4,7.7,6,6,13.0
13326,Mail,2026-04-20,4,5,MMR,4,257,13,rain,False,0.63,0,0,0,28.4,13.0,6,5,12.3
13326,Mail,2026-04-20,4,5,BSL,5,74,11,rain,False,0.25,0,0,0,40.7,12.3,6,4,16.8
13326,Mail,2026-04-20,4,5,AK,6,65,11,rain,False,0.49,2,1,0,57.5,16.8,6,3,28.9
13326,Mail,2026-04-20,4,5,BD,7,144,12,rain,False,0.24,1,1,0,86.4,28.9,6,2,35.7
13326,Mail,2026-04-20,4,5,WR,8,239,13,rain,False,0.46,1,1,0,122.1,35.7,6,1,43.4
13326,Mail,2026-04-20,4,5,NGP,9,319,14,rain,False,0.47,0,1,0,165.5,43.4,0,0,43.9
